6345 25728
6976 25330
5116 20976
6997 17243
6856 3491
1115 825
14803 5189
384 22417
12822 18618
22071 6783
19526 18215
6915 26667
11014 1418
22230 3533
12879 27340
6422 245
23588 25955
5202 4266
6253 11688
5049 765
26530 1722
23879 2009
20285 6723
1031 16130
12272 7348
9765 1631
12454 13484
405 2045
1664 25311
21375 27486
9509 661
15938 16888
5212 23137
5693 12944
22848 13664
2323 13125
12207 225
21101 3017
18437 1566
5688 19599
6573 314
17897 23590
11421 9844
15356 3816
4625 18289
10085 18426
3264 24267
1270 16379
17443 16937
26620 26205
11171 8715
6424 16135
7186 21171
10770 24341
1265 8134
27036 18631
15982 1306
7692 2584
7277 11593
17843 9037
17760 15289
10909 19194
8110 10011
19284 18283
2558 3594
13189 5457
22239 26235
15490 15291
16807 20702
1455 16304
6047 1776
26486 9376
3329 3343
6347 3712
11908 20514
18630 8710
178 14535
11277 25565
8146 18655
3754 8052
13725 27715
7356 6100
2498 2327
12031 27092
10570 5838
2980 17688
887 18809
15683 1331
73 13631
21055 2277
18774 1718
2341 25471
27648 16547
7815 277
21010 25338
11892 11398
4919 22850
9101 4934
8567 10520
22053 16178
26359 20908
1755 5678
5111 20396
21689 13467
2887 65
9148 25234
21474 23909
25767 21037
21648 6709
23055 684
7203 2560
12684 6551
25375 2688
4234 26779
1067 2757
13525 6640
6293 3195
4260 22094
23938 18394
5743 10545
15131 12968
8686 19571
10899 1757
26806 5659
292 1966
16169 17037
4057 8533
21052 2304
4119 12160
7695 12754
18597 15169
5661 2302
2524 4328
2706 337
15097 15579
14121 10042
7260 20613
15498 360
5584 18309
7145 7884
13351 1165
18191 18891
27319 587
2504 20593
9766 353
1259 7035
18058 20111
24354 20640
9180 15160
23302 21433
27519 8523
16902 21354
5396 12168
15137 2673
2536 26244
7505 12965
8616 18865
4333 8301
11316 24639
5488 13779
2121 11119
17345 122
13780 1769
17142 886
26617 5920
22421 19595
21075 26726
1403 6885
11661 21439
5110 911
9186 22084
19016 20828
14211 12036
18909 11695
15496 3034
11170 6082
25643 6957
3406 27457
11700 11286
6775 21216
23015 1868
1563 7177
290 13363
2633 23326
16985 1644
19276 27330
11166 15637
24288 7140
12758 19668
5302 15690
11743 8841
9234 25519
21885 23739
15647 23551
26029 27319
4723 14555
18233 14001
9929 24117
9483 11863
18122 5629
11043 2881
2800 27311
21696 4555
25145 24746
17643 12678
20362 15123
3095 19577
11369 894
22697 3247
3335 8592
25479 27263
22055 658
21140 1368
3936 3598
17986 1138
3127 24686
16389 12557
18147 26216
16721 4010
15359 22236
10856 1103
17014 3291
23146 17050
16750 18049
20458 21689
6286 5632
8144 1018
5472 27467
11880 15868
12172 14153
23392 19354
756 1456
21073 19995
1301 18370
23585 1919
18435 7499
0 18090
18784 16748
21340 10187
22603 10863
22490 6620
26169 22832
18329 22548
23975 8849
11821 6741
16945 21115
18685 12217
14963 15421
718 17710
8295 17691
14674 17598
3332 22873
12711 1682
1417 6965
1803 3976
1713 592
10320 1405
15517 7075
19616 21132
15643 11835
15485 25604
18300 16038
3366 15611
10138 23248
19032 18935
5251 26808
13261 2299
16969 12904
4266 18396
14716 12831
20355 14436
21708 22433
6792 12674
22366 13266
4182 16540
12683 10572
14913 26136
17818 26511
15807 10712
17338 15044
27139 6268
11809 3413
27211 23725
10304 15946
12457 21861
6629 7946
11895 17699
4123 20628
401 13481
13076 21797
23924 1132
26817 18593
2299 15354
22092 13133
19803 12708
14613 25048
11426 22338
5929 15992
12479 4482
613 26900
9810 6505
25296 25776
16896 15817
1195 13105
14237 25779
16314 25514
15237 21369
10959 20969
19866 11182
13518 24544
27559 24380
1531 3074
25770 8705
9391 11446
21426 16755
13282 22014
5938 6276
24087 15120
22114 19972
427 16134
9823 16079
17348 13907
11395 11570
9822 17620
19676 13649
10307 5188
13699 1494
16816 11549
8154 1083
20845 9445
20244 6265
27346 18595
1012 8947
20211 26183
26089 25749
14486 1589
16811 12677
23690 2918
2605 14046
5689 19801
2733 11827
22444 21790
13377 27317
10681 7950
17126 7650
10416 4825
25702 27176
19535 4331
8697 17273
1385 26786
16674 27682
2692 23499
18120 16300
3512 14290
11582 21785
3509 9579
5531 6987
5393 6968
12087 26052
5537 10528
14952 20597
6112 5979
2115 15792
15252 4147
7175 2244
740 2561
6398 6217
24805 6099
13576 11493
4805 21614
4702 12556
4113 1522
20166 21130
4116 19395
1989 15629
20274 13731
464 18565
18550 9317
6081 10148
16083 15849
2023 21262
20233 19959
25918 13769
7103 26348
3775 24313
20055 571
25208 16921
19655 24181
19132 9447
10093 18590
14958 20381
26441 24183
26073 4431
11113 24850
14607 21253
7492 26527
22849 15309
8317 10290
4864 24388
19040 3790
8416 606
19956 12159
21904 6828
6813 21541
27298 15650
27263 1135
9689 17322
8040 6451
12160 24060
3032 13032
18386 12620
10273 14104
2358 21307
20916 13227
2250 3979
14718 3634
14065 25528
22428 2538
4345 8572
9684 7771
5912 5290
19320 5735
18522 9981
15947 6388
12143 27534
19176 2726
16940 7244
23979 23411
19306 3161
21397 17530
12780 23520
20971 19880
2661 24161
25105 5969
8153 24758
23909 4988
3220 19206
6477 6628
26895 4455
6106 24825
18904 16946
24116 24166
21258 26635
8899 2744
3216 17917
5201 6085
27018 23236
18960 23423
8125 16358
7019 4577
18076 27476
3838 23697
22709 19396
19141 6751
1904 1619
18946 10075
19118 1921
7931 13846
6977 3596
2015 7574
13129 15332
19926 10888
2384 13832
26853 3199
8849 1214
6745 25872
16702 13163
24134 24349
21693 10233
11362 22360
10199 20146
2149 9697
16126 250
22013 16398
24726 14176
5236 4932
11645 1257
16582 12779
20051 27100
24558 16077
25426 11573
19747 18952
1843 6408
11201 7426
19705 20615
12923 26542
21341 21143
25987 20193
9633 2684
22417 13778
22989 25891
2245 15083
17740 6926
9410 26543
16379 1398
26943 2321
8075 13851
25143 11855
24209 9261
20224 10803
352 11567
21210 5544
17421 13502
19060 6184
1618 9469
18081 7856
15484 6517
12909 18410
2594 20313
14228 16511
4044 22746
1593 26174
20882 5724
7773 26290
13982 1222
23282 21024
1799 2359
3932 2412
295 11460
9384 25084
17320 23301
14 5703
11320 14226
11690 19605
1506 6453
18267 3098
23758 26184
8698 16002
6790 1228
11524 19400
4222 1976
10376 13963
15744 7172
8653 20409
14010 7329
21187 7434
16037 9385
17328 7585
6707 21454
6679 4425
15449 7418
423 12219
7630 2255
7252 27531
27589 10700
14891 983
27026 7159
10865 5340
24738 9433
7527 18091
8690 4025
7538 25694
27732 26626
21566 25014
6949 11328
16095 2426
2673 17449
8463 23824
3818 27088
6256 1576
13550 1496
7762 1168
7033 26396
8448 9004
11842 21696
930 14997
10687 22526
7962 16672
10917 21779
19797 18260
27415 5789
17267 19952
15607 2106
11948 1882
18473 21798
14376 22622
7256 3773
6648 2579
2365 16597
22597 21160
27411 10336
7366 8092
1741 8388
2486 17613
12790 14618
12625 6603
25140 20895
26370 4995
20397 18206
18681 18680
4879 16637
21722 5903
5120 26579
3222 18202
11856 13402
13886 22230
17294 17367
225 19064
6251 23597
11391 2430
939 304
15010 26362
15581 23930
23606 16846
9045 6516
6985 27193
26318 22733
7507 17154
4471 18724
5248 27426
6230 26761
22266 2940
24395 12769
2573 23841
19960 15275
8064 12580
115 23104
19904 1075
14387 20931
3426 26525
11347 10388
3278 24305
16951 163
12131 9100
12041 15371
21659 20391
7323 4627
18328 14089
130 3641
9510 19984
11791 21478
19878 15956
9728 2894
13706 27152
6943 18493
1734 24757
5090 3754
4476 24392
8823 8678
62 15189
20255 26437
9246 7238
4029 9421
25862 9443
25653 23776
6210 23
24273 21279
429 25213
20745 15916
5288 26680
12231 3906
10006 9186
2005 9105
2085 3550
3695 450
26649 4497
26151 21561
12123 12963
20199 1285
12853 6866
11360 5186
24945 25534
17496 18197
10186 10466
18343 24567
23646 12996
24903 19391
14708 26596
20074 10453
16771 1826
9711 18323
13286 17621
23043 11152
5971 23468
16964 25976
14187 19961
3583 13677
2187 22364
10864 14486
6637 23673
13921 2889
3580 4228
6070 27355
23204 9631
12152 22413
349 17213
26658 15103
17081 13421
17364 24925
21197 9913
14104 27411
5525 4474
2101 5281
12578 11955
11959 1183
20999 13236
5877 9327
11150 21969
21428 17503
7001 8696
10054 8205
2074 23856
7780 15981
13741 22392
16349 24369
18125 1655
12434 21296
5266 11002
19107 532
8635 21596
13702 293
15132 7134
5519 11818
13277 20677
19349 340
15852 8155
18333 2601
9999 13510
27127 2407
3178 24476
13601 10109
13006 25991
12829 1004
25141 25012
4840 13196
9219 26246
18158 12906
24118 24647
15216 21901
26907 27723
16974 2532
22036 3356
8583 24884
20010 6300
23716 22346
26310 11487
21098 10596
16715 15652
13738 8842
27308 16610
12342 8454
15098 4526
5000 14981
21235 19220
7068 1929
4606 23215
1961 16556
11600 1858
13435 8809
21893 26702
24187 12818
14022 9918
8192 5702
17478 3205
2297 26189
19619 7002
21936 26955
11789 17921
3823 13977
2764 22837
4957 22990
19143 9234
14539 9146
24075 6078
16981 20600
6035 26480
11265 18172
5703 16854
9468 446
24633 21292
2651 27563
4088 4941
15973 27677
13320 22242
20052 21549
3675 5707
8740 22692
4650 4581
17905 21008
825 12733
21490 8729
15026 12435
10509 6390
14085 18981
85 10146
13288 665
1668 23381
9534 25036
7005 3204
13999 11521
23229 26175
203 11262
6446 19134
1936 9728
2159 27702
14030 3059
12027 14837
7121 23332
5327 11477
17240 10981
3226 9865
2621 16516
25768 828
9702 21
20440 20340
20818 20036
17757 11219
9939 1056
91 15482
8508 10236
12401 27388
20849 24900
23671 14272
9073 4937
24310 5066
17621 5166
13379 10962
2301 26608
27675 3820
11646 7913
18872 20725
2253 21868
4362 8799
15535 26697
16313 21117
553 11048
3412 6283
4866 6704
3034 13454
19137 16501
12935 23816
22085 2470
14876 11646
1848 24111
3446 17908
8842 8835
15276 16810
25666 18640
3865 7969
23077 22836
6811 12391
4597 9358
18112 24957
817 10441
24587 13186
10826 12993
8074 26489
15585 3125
10663 26104
5257 963
21652 15668
8085 21878
11981 25829
10135 27717
21196 25618
1930 4086
3245 16636
11779 22761
9617 19458
22108 6260
23042 24000
11299 285
9795 2925
23914 25649
23849 27223
15916 12114
10957 24667
12688 4772
25834 7637
14320 4283
26265 26218
18912 5853
21729 8354
12679 1074
445 3269
25361 11088
5142 12320
27347 4611
17346 22215
6911 27154
1637 876
10275 13657
3821 6466
27517 7014
8675 9064
5725 7605
23809 22212
6803 16017
2801 8478
24142 26266
8700 7865
24669 21663
998 26332
22988 6112
21390 8963
24179 3194
11485 16889
5649 20524
11812 1390
10386 3080
23890 24070
2813 9655
2479 6943
11060 10796
22481 14691
15726 4123
551 25500
9163 10996
12317 18817
15211 7919
5742 21146
5343 15857
21808 8236
16925 14534
6497 5717
5825 845
9074 126
18350 11669
23196 26110
13365 18745
7980 5060
24191 15045
12974 1111
8210 8158
17397 23157
12816 12041
8979 8551
11549 27533
13265 7851
24108 25841
9757 16818
1985 1698
24311 19061
6419 19630
5309 6511
4575 5729
21713 16721
22167 19245
15524 20229
3317 2535
8608 21069
17519 23453
20187 23081
22552 2901
3131 12746
15546 1662
21381 26447
8966 18798
21136 13884
16860 7216
6561 25238
24362 13317
9571 3186
21221 11820
11664 11770
21786 17890
5574 14413
20620 757
20323 27449
26737 19034
18192 2102
6337 4464
9864 19187
26858 17141
21248 5425
9704 21497
22629 17830
19847 19805
20597 6051
17369 20919
5076 1484
8699 27189
12664 6160
13306 1032
5239 16913
13479 7160
13327 6457
25135 11792
22959 18402
20338 7316
1588 23866
4555 1287
12674 1891
26476 9394
524 129
13962 16654
8756 15425
3659 22248
23579 11568
12070 24896
8933 8413
5267 15843
3390 6679
5594 13017
1433 20226
2317 11837
22430 8208
3501 4877
18568 19807
1887 17576
6474 25231
23885 1964
10797 17856
14037 18055
2161 5299
5456 14657
19920 6524
4964 12741
18078 14109
26113 11967
1423 2899
7985 22309
20144 15489
23691 8353
17010 17466
6490 15704
15190 22112
25891 13404
20720 8765
20083 8860
10223 26022
4773 14237
7571 18478
12182 12758
15417 10987
21695 21699
383 11064
5952 3031
7870 6331
23818 22920
3682 24019
22946 25586
6194 9422
27078 20651
14110 2439
20249 11449
13865 15055
14264 10076
10539 4083
5209 2415
3985 19024
21025 14735
15623 23867
9068 19095
3750 10716
18489 1764
11285 18220
20373 1560
2397 21187
13177 10070
13323 1144
23859 8718
7496 17716
9988 14763
6013 15674
27649 5602
3478 15842
23587 23174
21643 12569
12339 1817
17283 3702
17243 11909
24867 16859
20181 20948
23152 24688
3196 26041
10738 5134
18976 15458
3881 853
23079 17719
18990 1606
27125 4908
20071 2457
9039 11417
19793 19601
26152 7336
11439 1133
7922 16519
6052 11607
15855 7710
9164 396
9916 14115
11587 14855
19518 2090
20573 6508
17469 24364
13800 11569
11987 4054
22874 4408
18814 6075
14304 18395
17447 9007
12938 26573
10544 8465
20357 26087
16455 8578
15750 19997
14031 13157
14802 12852
27030 26328
22048 3717
23199 17914
1648 3554
7299 9517
15297 1782
14805 27287
27300 11522
6486 22986
4295 9563
15887 8711
8170 14352
14596 18538
7388 24958
19609 440
6861 26459
1177 17805
16218 76
1419 4024
24979 4612
14656 10191
17503 20883
7561 10266
3556 11858
25415 5062
25504 6185
5568 10869
8089 17656
4875 6115
20253 4659
11717 14040
911 3420
12111 15268
7956 3150
10063 15796
10040 15918
12821 109
19889 8248
9937 11146
3862 12876
10538 19002
22179 2095
16755 3189
13180 7351
5727 26492
21431 18542
12330 3803
1488 11914
14420 17841
9767 16058
23556 1104
5234 18472
6173 25017
2058 25556
9393 13551
17132 8414
14209 23809
7298 4927
8569 2283
8680 9196
19423 27246
5200 23934
10981 2812
10459 27580
25404 23500
19671 21083
10636 12597
3951 6392
15669 26600
15226 212
17546 1708
5536 1961
7224 17717
1034 20424
14000 9296
12321 16389
9969 3367
6663 21922
26214 7147
5460 9096
9581 8038
12001 520
17939 2705
24463 10242
26783 2815
2691 27244
4164 14219
10890 20224
20519 2337
17649 22906
17772 17359
26462 19787
11403 24174
9085 17645
13533 6810
7553 3057
5263 7479
8150 20048
5561 15826
8450 986
1737 18528
7195 23574
18677 662
20226 17285
11408 22439
5740 904
1852 23714
7724 11552
12352 5579
18442 9114
4931 20803
25438 14201
9376 9325
23090 11097
24478 25308
10230 27552
2546 4013
19443 25204
21908 10323
26383 15583
13837 27664
13937 18944
17642 1156
20991 26576
6764 18085
18177 8859
13483 27133
18136 3579
12126 7497
15394 19086
18101 13218
11532 16240
9778 12682
6153 13646
20477 15774
9470 10607
6832 3465
8475 17637
3083 11733
15002 26316
2388 10885
18238 20849
24672 13244
12766 23790
4286 27666
18190 11252
27107 4575
2786 13284
4763 7547
10240 16649
12128 11075
18563 14809
11647 21147
7410 15952
14670 12344
9298 4475
23967 6108
4896 4533
3073 20471
1113 12687
2069 24575
21012 23362
16937 3810
885 10882
2991 20414
6441 21602
8374 17261
8712 20639
4827 13958
9196 20546
3181 7298
5454 3308
8115 20254
709 25358
14133 13939
18187 6222
10750 7452
2583 6258
2998 973
13771 11753
4706 890
26325 22258
12256 5479
12331 12509
15802 9550
25871 5792
25238 9157
17137 17507
26961 6339
5147 20634
8995 19376
5739 16328
16480 10473
24011 8909
20873 4433
16210 17523
26088 17649
3627 8731
3546 4963
15150 20401
14989 5704
4309 23173
7029 451
20787 6440
3252 1090
16490 27633
12673 25261
20432 921
5655 9732
9141 24091
13312 19351
16693 3060
303 24690
11192 1374
113 23691
14857 15733
11015 18858
23270 19587
22294 5140
14665 3987
14999 19440
6083 9314
10776 25315
8814 24617
22341 4912
23898 25302
10986 18591
22052 9267
7109 23658
14529 10317
15373 27366
2420 2036
2446 24947
14434 7174
22216 14717
12296 8858
10819 15865
24681 7222
4662 15743
6012 14942
6025 26036
13543 567
5937 9270
22168 4507
22051 15337
12569 22219
7769 11184
19809 11817
6867 17920
620 25977
23516 14337
7176 11683
21242 10119
18683 26230
26740 6201
19720 18636
9054 6249
4994 15718
1528 350
19814 2599
11724 27110
14904 374
22431 5856
2433 19409
242 11932
5170 12112
15488 15959
6024 14484
2830 22447
14830 16033
10377 26752
16466 14656
1354 2308
2870 22376
27499 17500
19709 16798
18094 3466
19247 8482
16621 10147
18407 17102
15920 8992
874 14648
23041 674
19893 14772
3121 19092
840 10801
691 10125
13838 420
20080 24470
8970 17509
17842 24910
18075 5276
3662 22051
2762 16195
258 2096
21935 4973
6157 14342
14233 20075
25658 7283
21986 24286
4856 15166
27430 7301
22732 19094
22095 12802
24571 22199
10549 5321
18947 25900
12525 21484
563 25558
19343 7483
684 13590
18150 7003
12626 8692
4318 6910
26520 1574
15148 4817
8744 1508
685 25588
9155 26962
10860 21422
812 23887
20927 1333
7114 465
20496 18851
6999 1392
12438 22687
20852 18103
8713 18369
7977 14394
22429 14217
467 10207
396 24210
27578 23748
21981 8298
7810 19841
8143 11130
16736 17949
11140 24540
1117 317
3322 23091
19961 6439
6826 9063
4863 11752
27504 10841
10754 4145
15655 512
18772 10126
6606 7306
6596 26227
16079 5487
9460 26716
2184 18514
18399 20674
18439 5489
4667 13887
27753 4130
10179 12371
25796 6616
647 8168
5578 19407
19862 11114
7201 12778
11762 17253
6836 16386
4753 16139
16924 18236
14106 1270
22096 755
17712 14739
24578 15863
3979 10108
17635 18674
25596 1266
3707 22919
6195 25917
8088 22792
11371 3502
1051 12113
7179 18058
13872 17778
15588 12953
6261 481
21604 2385
8084 5695
10454 14120
18903 2674
3507 20018
10286 23873
22141 15025
13446 13419
11579 7033
14474 23148
18764 23954
17192 11376
20685 6917
4023 22326
19986 8201
10958 17552
18274 27491
27487 7847
1986 21703
6530 16622
5571 24041
8636 10829
18553 19884
17900 5778
22851 26891
17065 6654
15960 23903
11876 25631
27159 4470
18490 2590
27162 26408
14828 24378
18835 6346
22578 17497
112 17907
10983 10908
13638 5736
6009 16460
19297 23598
17709 20291
27316 12570
7009 10990
18837 23686
18527 552
2271 22856
11494 262
8592 7486
398 21065
23356 25593
2290 22435
13481 18730
10005 9891
19182 14152
1604 1824
16381 26914
57 6357
20684 8059
16217 10134
7239 9187
97 21806
16532 1072
15934 23818
26959 21368
15944 17036
46 9285
9401 15608
13099 15653
7035 22831
4434 10971
3713 27264
23913 10367
18064 3667
829 22604
8016 19121
24441 23331
22420 20511
1697 10734
13721 9519
16383 10844
2877 5549
8747 18003
10392 13296
17003 16621
13417 13287
5204 4176
11184 6251
2587 724
17660 15062
3000 5509
12570 2810
20691 11111
2370 1471
3774 15810
21881 22460
2851 25070
12415 8074
20202 6691
98 7494
16170 7287
26492 13106
24218 2224
7558 20820
18950 1643
19702 10337
19259 27663
9596 26920
17960 1226
16139 24300
21975 24153
24128 13246
15214 11843
5761 17991
14714 21059
19907 8836
482 3000
6577 1728
1178 24419
12618 24761
19460 7009
14984 16030
12515 24702
15603 22008
4560 17783
10329 2837
285 1357
9662 280
5261 11842
10672 936
1156 11423
12185 15243
11741 24991
12155 23806
3369 12374
13362 2436
15994 14230
2288 1723
25677 22341
9248 14215
17669 1676
10259 10562
16006 19313
24414 21834
25661 27422
7809 10564
12584 1182
18323 7686
15815 9929
146 18840
17067 2203
6642 9321
16615 21500
20291 19831
14954 22283
19522 11036
19360 23965
19553 20516
20227 6802
23117 11873
23734 6209
7998 25037
6393 18278
8941 25364
24748 11277
7819 10009
6078 4452
16064 11092
4996 22209
717 18701
92 19423
3654 6502
7576 10682
12928 14923
15292 8766
4540 19823
25430 9366
6644 5424
11162 15472
22327 22477
15619 6190
18887 7994
2499 17180
7040 14920
2779 18705
11915 17750
6423 19935
3141 13470
9752 771
6248 24472
18910 20627
6555 24755
14343 3969
15580 11343
14383 5130
1075 6701
22123 18060
2096 1305
21897 3938
23373 9349
17804 25949
7825 15057
3296 1009
20236 23313
8168 10580
18296 13843
10305 1412
7112 15639
23411 2971
22900 6238
13584 2483
14453 1982
6920 15499
22866 3762
470 3168
2734 27470
5211 21512
15682 3696
24367 14314
20697 7596
9507 13085
14599 19736
6618 5360
20195 26630
6162 23114
27588 7967
23693 26248
10780 103
16303 27487
6546 3958
27007 9899
1777 1828
2003 6270
24409 3937
16485 10047
19108 2427
2928 17534
22607 25915
7484 6149
25855 13022
17734 8206
22408 13104
1295 6206
20869 27611
26345 22676
206 9930
25038 20045
19978 27243
17105 19242
25431 1611
5218 18207
3867 4987
5763 24478
20968 22272
14485 5214
23572 20992
24262 12874
20998 19692
23387 13042
2127 12437
17491 15961
10761 23700
23526 26873
2896 21102
6302 27438
839 15286
15309 11341
18340 18454
483 19526
9030 5136
4526 12461
16963 19693
22023 25239
13364 17454
17639 19965
16270 8954
4177 14950
23415 19039
3765 15450
153 2462
25737 16388
878 18301
13449 12092
5589 9724
1092 12703
25560 5199
5279 7097
20380 16821
13677 19361
17290 23443
14371 18639
22561 25293
19927 10185
5637 22384
12329 8360
808 14138
11280 25941
12210 10269
4335 25025
4908 8919
5455 8405
13314 2793
7358 1564
16231 4951
8790 6025
3613 8568
2324 1556
20590 8747
21522 9668
8288 8256
9650 10438
11771 13071
3739 13633
13769 24994
8953 22464
7190 23683
27192 11083
11825 15702
4129 18629
14333 20859
1962 1615
2400 23457
22125 5033
11911 2926
12791 7760
10129 10720
24542 10855
23206 6122
1401 1188
2286 5539
4820 8569
19516 27685
25403 16083
17160 1119
14319 7635
2919 15524
17608 13981
4937 13474
19921 8601
8087 23852
20222 12679
11774 27320
18969 2635
6228 3994
7784 24223
27274 12117
16465 22818
9037 2772
17984 13582
6281 11410
15551 20022
25350 17109
15862 16794
11983 20349
14241 23833
24339 8831
8916 12498
8090 1479
16411 13459
16840 23769
13756 12474
25691 21977
23584 988
5799 12080
6784 20283
16525 23490
23003 4926
22539 9123
17295 12350
18171 22019
15715 19289
17877 2249
985 22995
13222 16603
19943 18628
12659 16112
13507 25410
23534 13903
24312 18165
8875 20121
2968 12992
15003 10448
13410 11290
18286 11426
9770 21905
25454 14749
14379 14895
16854 9080
7860 11756
11039 6973
4197 23138
5643 4471
22014 13248
462 21880
4604 2804
2148 17264
23637 426
16197 16365
20391 14387
12764 12892
12502 154
546 11943
11592 12416
14635 22933
5978 7864
17079 26797
10512 8272
5677 23060
22355 17007
3643 1915
4676 13629
12752 9589
4880 13550
18034 1039
14501 13669
9911 6463
24077 6475
953 10804
12184 4293
18135 4419
15301 11856
15666 21882
5226 23496
13546 7674
9568 2801
25345 639
17849 9244
20146 158
17047 15367
12877 15249
13424 3752
6967 575
4700 22755
23126 22029
22373 25468
3213 16211
15507 12121
9237 10348
1148 2294
8296 5282
5104 20204
24989 8728
17721 12979
572 600
4704 19073
1326 13522
25239 23084
6399 2691
8307 16150
7265 23765
17136 4598
834 12026
15502 21406
11105 3578
1806 3025
21879 17146
21469 13478
8799 22298
21224 12135
19211 6697
23870 21161
8798 14106
7412 16708
16009 19052
870 13813
7384 8543
2055 5383
387 730
2022 25042
20791 18010
24170 22062
19899 23708
17042 14541
5117 27488
21411 6166
4579 22796
5238 6540
15432 9018
22725 6121
23953 1877
5475 20581
12214 1933
24283 13513
23404 25120
25183 11869
23054 23506
26387 1279
6563 9838
18696 14425
6098 17842
7914 2855
5753 17756
21882 15801
13695 9632
21273 15225
15853 1395
23749 15294
17933 11078
12313 7539
16402 11388
22061 20331
2429 16390
4922 22860
11944 26875
556 18332
4145 13763
5669 19304
10435 12486
17270 3720
9453 20867
18277 6403
18109 23390
1780 6700
20606 10726
17133 24899
19760 17936
12882 23082
24004 6933
5052 2038
3836 17940
23656 12783
20569 18999
8553 21118
311 5626
8693 20462
8552 16687
14341 25469
20017 15752
4838 838
23046 7252
4287 14615
7510 4721
13717 3110
17207 22240
27677 6225
12046 18975
10590 8242
2098 9369
17983 26125
20783 14386
18047 7713
19457 17848
20781 885
21754 11186
9461 10405
10637 25159
23803 11412
20192 1245
19227 9021
552 18122
10402 18743
23359 12144
13572 21724
9011 16760
7608 6609
1492 6381
10354 10649
26311 8574
26153 13799
13766 13758
9603 8913
6895 1587
451 8748
26268 26483
20744 20713
11095 18710
17471 17840
8477 23563
5894 9575
17599 21019
18102 25489
14955 10090
10766 26960
12026 16710
18594 4052
345 9922
26294 23435
9755 22972
6329 2536
25087 1603
18889 23452
15325 25407
17274 16361
12302 24541
915 5965
22811 24923
8881 852
5222 25394
10751 23826
544 2767
24902 25189
22181 5940
6460 8962
25107 16229
12071 14689
12772 787
15030 17478
2438 18295
20053 15269
737 17539
20406 6916
13335 740
16929 1177
22758 1037
10553 11212
21286 14639
15821 26429
26238 24120
11153 22869
27705 2996
7367 19322
21486 2177
22265 22793
20040 2703
8924 27550
13144 23154
6296 4517
2087 20115
21872 1593
19053 12373
17938 26876
19824 4955
4487 26656
10444 12255
14863 15933
8781 5705
10773 10050
2002 12074
22427 5333
1530 15663
7337 12737
2937 15417
2017 23840
7007 8143
22458 27614
18001 2032
23836 3489
15128 8227
7307 2886
24887 4087
11021 5070
10467 26993
26669 11174
16120 16931
7042 7355
21866 3932
25795 21609
11312 13752
22782 24215
26241 26566
23451 21353
191 16929
3740 26606
1861 7201
24422 11427
17872 14730
19085 26084
16205 11725
21598 15505
22982 1094
7895 22161
17572 12739
27672 11557
11013 26399
5258 17283
16905 1717
17902 6652
13805 11194
22983 15095
23176 21954
11738 5655
15791 9653
7205 26769
21896 24829
22618 15646
3353 11744
11607 111
6820 27332
12265 6167
2566 5512
2177 8610
12957 8119
19253 26988
26700 25594
11794 4097
8208 19291
19033 15464
14645 4585
6156 14340
25432 19586
17141 9639
19660 10737
11049 6307
11405 13240
23688 3808
131 25307
17387 16689
2266 11647
5210 24882
23929 26491
4465 27322
16880 21026
8271 5010
856 1189
20003 25067
15291 3898
8520 13596
9344 27304
18922 18638
14097 3726
8774 26985
159 24494
23678 24986
22390 11267
6749 12016
4015 26791
12633 10771
12678 12104
11782 24263
16346 3470
11114 12359
4426 19845
25981 12175
8993 14091
10123 14934
18144 18572
13712 14595
23191 26255
17925 14143
27015 5145
25583 26783
16845 24064
16151 15086
13133 25176
7779 9513
23899 20557
18674 2184
1171 24047
15734 13480
6500 10660
25910 8115
27013 4882
19822 21993
26995 234
1543 4900
22493 23513
2373 7409
17271 3675
3837 14660
25129 7481
8788 9525
13532 21222
17747 13277
23543 21381
10964 3026
9076 1988
3184 15199
24150 1052
16600 16512
19044 2715
654 20351
8352 23828
17500 21928
20367 7492
12761 25733
11973 22991
23717 25773
16942 1122
13179 2221
23563 7861
11072 23278
19495 27050
24149 19861
14920 18188
5492 1353
18060 2271
23135 14593
26350 25918
670 7563
15304 9426
16605 8021
6459 19044
26689 18331
1800 6273
9847 24101
21529 7454
2885 16097
5189 14439
9796 8776
3180 1546
8412 24005
13194 19124
9505 17201
696 19384
3748 11977
22384 4546
2950 13730
18725 6039
21084 14822
3146 27565
25674 14448
16019 12024
18591 20679
3986 26574
5282 7912
19706 20642
18956 25167
11489 19176
22933 21708
5083 22935
858 17520
3724 13234
271 12207
9289 1332
2093 2101
10830 17277
12627 82
5663 8126
18699 16822
6385 18161
4056 3817
10832 27662
19591 10455
20763 14915
16196 19532
8022 25453
4733 17074
11526 26466
26321 1996
803 24680
1481 13483
7734 2237
22911 10392
3456 26395
16918 8662
6233 18179
4516 17558
22173 19446
15550 12929
21954 9936
5839 18485
1363 24270
343 24696
6364 12829
7917 23787
15308 16759
4791 16307
24636 8619
10325 3091
13672 5244
26191 929
23313 22050
21658 16385
450 15880
2737 8339
2480 23245
8655 10362
8403 23357
12119 27218
259 22241
12572 11157
15139 14604
6394 13330
27056 1443
18208 4082
2770 19166
116 20675
8215 11276
6292 16812
17504 1685
4125 8169
13229 11470
11733 26412
17738 16847
24114 2455
27243 7949
1715 14411
6096 15837
1448 17886
5888 2798
9932 13154
6082 9841
25741 4565
14026 5310
20576 4880
1890 8011
2033 18833
9412 7030
20068 12367
18861 7458
12077 14683
12413 1835
20587 25817
8273 16092
23342 8053
8389 16473
23674 13210
8660 10436
9742 6186
27091 12388
7094 11534
5379 10157
18045 21191
26357 7231
1917 21110
15854 22811
21687 23667
3090 24481
1359 26059
8177 24063
23255 203
2879 8577
8500 20290
17706 8421
23056 12842
9446 14742
15294 26195
23037 23283
12539 6924
8960 16681
16194 23062
26912 10488
411 8736
11247 26682
15974 19228
8045 11165
7316 24500
4615 9408
13553 1853
6283 3985
18000 3326
16917 20368
19980 26853
8787 17697
9267 10935
17311 18859
15902 4186
14709 18406
3458 7615
20075 3716
12815 23677
25043 16949
23824 27161
15770 23993
17350 7649
24026 3963
11894 15377
26871 14849
26867 17304
20589 406
12531 8600
9474 4003
5069 21691
20132 6647
13378 26498
2913 12833
25134 11459
9088 20328
15270 25957
27632 17641
15951 22443
25805 10820
8754 11268
13729 16692
612 3660
13025 23412
12508 12941
2166 78
11313 23333
286 21400
5867 19709
14091 950
14786 21329
7929 20797
4705 12381
6714 24354
8515 31
10279 27561
8663 5627
4407 11799
15660 21862
661 2467
15735 25418
17449 10400
21206 21338
22910 17655
15431 26994
18400 13249
21726 22739
10421 5473
1160 6317
2221 22643
436 13314
14502 13162
19554 19338
22581 5009
14483 14580
18312 23682
11873 9577
18742 13113
10834 23966
10847 16048
23567 12688
26166 1791
26024 21856
11243 16431
12663 21671
13051 14918
26060 1704
8489 11063
11355 16561
13429 18476
26304 2251
5674 12961
16572 18168
7319 3518
1278 16941
23253 4542
9975 9699
1998 25752
20544 18662
17552 1710
13994 14400
25423 106
25901 8232
14258 8311
6622 5440
3445 4737
11756 11860
20709 22817
27059 3610
4698 10482
7126 7470
1376 14354
21539 15454
9034 14883
22118 4949
12867 3978
2273 27338
12465 13789
3653 12916
20332 12565
6808 1780
22743 18104
17352 4402
11793 5254
2823 19350
4512 21712
695 19170
19968 16707
17055 4369
4581 20188
11459 8643
14136 24679
5019 14877
19466 24845
1292 23542
20143 8267
14527 10766
10121 11128
6184 16368
832 2395
13888 9272
22917 9412
18330 13011
12971 2748
14063 23484
17685 5423
12771 13166
24927 8654
886 21841
16272 18152
18431 3998
3736 20763
21315 14251
23839 5578
14275 18526
27680 22275
4143 7104
18503 3101
1402 8722
6726 6929
4216 12063
22323 20259
24471 25529
25343 17019
10707 2432
23406 10783
17376 16118
1380 17233
2259 23481
11939 22620
24314 18725
2568 13488
18115 8998
22443 4218
2732 22644
24798 7057
787 10268
6076 21443
13115 6801
17883 16076
19374 23330
12426 17636
15778 850
25025 6305
4457 27380
17679 20937
26445 27256
18123 11673
6701 6897
21793 24670
19778 16743
18656 11581
26706 7643
326 3911
10124 25636
18205 20271
15809 14164
7177 24256
4215 19010
18117 6570
5027 15707
19416 24509
2701 8497
8399 27501
17961 11800
17374 14154
19881 11499
15085 15890
4408 26565
14691 9710
26508 1125
16403 20354
24774 14675
14490 20100
5775 12792
10263 27601
4569 9310
12124 18932
5671 22690
18327 6431
1297 2534
2828 5031
8305 25116
10601 19533
24205 26659
23403 2835
19242 18082
25028 18092
19392 13807
19225 25207
12057 8804
18072 15218
14649 19803
21366 21444
2141 18732
6673 466
6011 15424
15426 11319
15832 15121
23731 27537
21970 24119
4311 23164
23521 17811
19798 14247
15487 22203
3246 21623
2327 12355
8119 12520
27506 16873
18588 13496
23729 14441
7163 26190
2711 27737
9772 22432
5430 22774
10115 24987
16498 11523
20558 99
3221 6235
19219 15312
4992 4997
4262 19758
11278 21348
1499 4586
9333 8179
18412 744
3694 4488
14116 15893
16642 14929
11063 8673
25748 20440
25501 6450
16156 7307
1875 23627
1121 1411
14799 15697
5771 3236
3388 2802
24105 23781
3759 17468
12353 26651
26575 20681
23143 94
26369 11070
3392 27392
26819 18267
26514 8040
5148 20020
7764 21713
5181 165
1516 13735
10506 19996
22590 1401
6075 10221
5843 19450
14846 15158
23230 7237
12741 14015
4016 11861
6672 9110
22736 15100
21171 13720
18704 20001
394 17105
8438 12192
78 4048
10824 17873
9122 127
6718 7229
16913 10014
1263 7803
4034 8713
9006 135
5005 23314
10556 21027
2982 13072
21938 25703
3731 8960
8418 12452
14425 15945
13465 14474
857 20096
11237 3340
13607 4203
12129 2420
26651 9921
17935 15285
9542 16204
797 27016
13276 26602
6804 21120
6014 18652
11499 24062
17108 497
24647 10493
21074 21392
8826 4780
6917 14529
13743 26830
5948 26653
27696 10922
11209 20851
17463 13020
11423 597
2432 26097
5987 20346
26790 9951
20436 24213
19114 8752
26466 8207
22553 4899
9329 19808
12513 9605
19093 20926
2777 5012
13797 7247
4788 13331
5344 8309
5678 18024
11167 8292
5441 6618
18052 6745
21410 6560
18283 15012
15471 524
919 25800
14726 19579
6686 14711
7609 22581
5631 19442
10055 13841
2089 24854
11862 8128
20895 10228
8007 5446
8723 18123
5012 19205
5025 20201
16101 15117
3648 18621
735 17245
10698 47
10558 8330
20324 10468
22097 13025
8004 2459
18916 516
17158 12568
252 15714
578 17330
16580 22709
25158 22076
12933 8279
3629 10699
20198 5783
12158 19930
2106 23432
11406 26759
25411 5929
14183 18722
602 3322
15594 5501
23163 1229
12918 13228
26868 27549
17854 21199
2059 15925
22067 3822
8967 5725
12811 16237
22598 19768
4033 573
288 7579
7426 14084
4289 27032
17919 23156
12108 9069
12656 4572
15888 16259
8662 11778
10646 1847
21560 9053
26647 9879
1356 16916
20009 17414
19796 9106
9897 9030
25179 11742
23018 12712
20981 9027
9377 27109
1242 15585
10825 10911
25394 22060
591 3608
560 8116
15614 21078
7254 14009
6961 26844
17175 19611
23 17661
2046 7339
18083 18146
13966 4465
2211 24762
3484 22956
3700 19705
27469 21273
20358 14192
17979 25948
8902 27228
20514 672
14557 23964
23233 22829
4441 14962
7278 20072
26101 19714
792 15096
17603 25072
17159 17287
6758 22495
9016 5127
11354 1082
13005 16403
23278 25429
23951 5687
341 2408
17428 3469
15748 4791
18321 13560
2957 27687
908 24927
15680 22661
27437 25150
801 13018
17894 19860
17347 13119
15842 14234
20943 10636
17528 13357
12561 2437
20794 5996
16561 24577
1911 1136
6245 4859
26119 2399
23742 21890
19523 14600
16211 22245
220 7855
5438 8197
6188 27013
12715 18529
5651 27670
23620 20625
16495 19312
20219 17617
11649 1930
25113 19767
1708 2657
10419 24346
23999 16280
19977 12285
16005 4149
19480 12752
14584 16448
25422 3451
268 22968
9349 18494
14878 18153
9276 23346
13618 2872
8658 12717
866 20824
15279 13361
23992 4267
14696 17429
7556 19414
15178 12808
13262 11102
7461 3741
23190 23009
15324 14357
19863 3407
9933 16780
18783 194
3680 14853
865 8943
8949 15601
5068 18490
13037 6930
2754 26954
6728 10029
22623 10161
17027 17418
4801 5238
26958 10973
17209 4956
21060 19112
14242 23176
19607 14536
15412 5461
8242 18651
20878 3132
14571 17630
9120 25609
18410 17601
20018 25857
8081 831
4843 23194
14990 4388
19717 6233
1319 24361
19120 24934
640 17302
726 17827
14865 5949
26623 12976
11817 8404
1370 21033
6524 18364
14987 25172
18951 10209
20305 18738
2126 80
20989 23184
24618 11488
16926 313
837 11453
13293 2383
25470 5095
23465 20774
23826 16367
10777 4641
15596 26442
20518 9553
17710 9693
26356 7598
13157 3814
5659 25585
1063 7425
7925 5327
393 3863
22286 7382
13295 15362
11781 4296
23455 26474
9447 13549
22790 9664
15451 23261
14437 8308
20761 23293
15145 20813
11344 1894
14545 25811
8029 21458
1322 5147
25437 8721
27467 4692
27251 21729
9830 26413
5008 22663
15202 14188
4460 17669
5665 6840
4580 10420
26715 27640
14179 27203
18414 16868
18326 12006
7404 22194
5746 6712
14994 10714
12611 1164
25792 27462
9204 9054
3744 15418
21406 14812
16574 2697
773 25757
19685 10283
22912 8371
441 10617
26606 9529
20860 16615
3891 24149
15910 9566
2803 21429
5785 20629
15867 11668
13602 25854
20269 15527
25599 8846
979 1681
16511 12351
19378 12190
17844 23519
15113 15406
23434 26696
2030 1230
1824 27622
4771 10694
26891 19493
26735 557
2947 8023
19876 10747
13152 25046
13727 14102
20309 18477
5453 4727
14682 22472
14432 23760
4342 14470
14829 7203
21116 7084
7351 13557
18843 9702
18004 1124
4343 1862
10685 21186
262 1205
16960 11609
20004 24281
27710 3259
6029 8370
3924 24
24066 3512
6572 11413
3885 20565
22878 2792
23202 27450
2281 14646
15776 22074
6731 7633
6992 4967
18504 13776
14982 13696
10575 17605
8302 20025
10114 10818
16637 22626
9920 2557
8078 19659
2426 1417
22191 26347
9807 498
23746 21302
20593 24808
10988 9005
16599 14402
12416 8813
13135 2880
15797 25249
22392 15436
17853 195
9636 3207
24328 27658
12018 1800
20341 3130
21514 24437
2650 18764
11490 24454
15850 22246
17090 14644
7313 3622
17464 18848
22223 23047
23561 26033
8504 2784
12187 14572
9678 24706
21396 2811
11443 10277
10352 13364
7829 7227
20503 6876
12694 4903
3971 8500
26852 25571
5346 17399
11429 17828
7066 2324
24837 23311
12224 26398
11528 6841
18733 7968
9813 13666
17698 10058
11605 23789
17720 23497
23292 10347
6097 23279
4192 13477
13657 11189
8372 15896
10730 11705
5881 8558
1381 21839
6186 13954
23962 2234
6655 2094
17221 18632
17224 2909
26322 10722
26913 17929
12080 8510
27501 2264
7382 6285
27748 14322
21602 21568
25908 23285
1639 18452
5570 22280
13930 4716
24532 2197
5489 2963
7732 26930
12074 27521
17301 2882
14060 20591
16457 24146
9328 11209
7785 20083
22672 3283
12544 9401
27288 16701
21216 3729
15121 22816
9089 26552
18341 15804
15520 21314
17324 13757
24120 17614
19405 15910
10876 26135
21916 24908
5993 4457
21615 8091
7442 21830
17783 17665
17499 17501
20977 7683
14201 14007
10953 10498
16818 18691
3020 22961
11110 5432
20736 5092
25863 21491
22164 24025
26004 21043
18525 1040
266 17770
841 8994
23636 12834
24380 267
26727 21799
2994 15782
2217 12812
6968 14254
27008 20300
14992 4753
26516 6364
6519 12031
22507 21607
813 17580
8179 8502
2844 21403
2963 20907
4854 7388
16305 11793
8867 4873
27676 2934
14014 6015
15022 3081
6284 795
22399 25997
15767 1749
321 13619
26613 8275
15650 18012
10792 6999
5140 16197
3692 5631
23358 20860
16848 1673
615 10723
17612 8852
21776 26326
18465 6501
16704 4853
11397 13594
10344 10330
10745 16754
7408 25016
11890 21860
2476 27336
977 9228
10740 24348
13255 24104
19697 6693
11726 11164
24169 3018
361 6009
6225 21242
3140 27605
21934 24685
19058 18751
11739 9634
22974 24820
21764 17738
8211 9633
13575 24782
12349 4763
8139 11962
2068 1320
13679 6534
17551 14231
2389 6348
23787 16902
15088 25813
10586 19108
17701 7807
3235 715
22249 15906
9626 25512
8440 21493
5611 6863
27764 4765
12540 15596
12431 15568
478 4443
5859 4689
23552 11485
14134 14063
13246 23716
3595 9119
6946 14384
6798 10432
11298 12078
18389 3083
831 11525
1386 18047
11176 19698
12304 22177
13141 21089
4418 11154
26140 14235
1501 21989
16228 2850
671 11994
4756 8716
12252 12879
21568 23750
19775 16775
26549 26660
15176 5480
15953 16051
21365 25044
19 27347
18653 7395
3331 7684
14843 5506
14589 696
16883 21055
23331 18697
1392 14513
9565 23013
4787 19879
9508 9843
3553 20061
5728 8006
21327 25533
9340 2927
2864 11095
9342 9359
1742 25369
12970 24337
5158 6418
21778 3858
17075 18225
12364 15282
1510 26710
257 23494
11830 5220
23188 13482
4201 16007
19409 16340
20070 3339
7700 8756
7799 25504
4959 24645
8837 9353
17151 9078
15618 438
20059 7297
1397 19215
2056 21843
3908 3023
11486 3476
15568 9572
18032 12056
1258 26028
23895 13141
5021 9531
2236 6089
1779 9839
27581 954
1724 11990
19192 2402
7552 5465
26313 17470
7223 6411
5895 11113
17995 4922
17784 12105
8753 22583
21329 8597
15692 8980
26911 22786
21449 14841
16159 2394
5391 6064
3852 16022
5004 17320
22414 16744
13384 25513
8574 23229
25483 20499
11208 7025
5853 17836
778 17051
13623 7924
27212 11278
23004 11415
5982 2721
26070 3378
19214 24952
20540 5987
18458 3222
473 25623
24141 23810
15477 26904
21374 10397
27262 26881
25428 14149
17601 2683
13819 25518
4076 11766
10524 23320
15907 23455
23437 10717
10037 3263
15262 6525
2522 25630
9896 3794
9027 2044
12729 16804
15020 21763
20182 13009
17520 16478
27747 3792
17776 9356
15353 22047
15749 12866
4188 10511
10252 27206
400 1242
20636 21813
17899 14266
19339 23032
23470 7438
12282 18780
26396 22292
21092 3064
11024 27354
14804 10955
22882 2057
8219 22189
17202 17200
2618 8172
16243 21150
22684 2446
9913 17967
26766 18273
279 5711
19345 2594
2533 2639
1145 9051
6646 16301
13166 13449
5283 1498
26168 3711
4424 13013
27767 21245
1437 26690
7383 19570
21363 11530
7988 1953
20993 14005
22821 3056
2511 7903
25657 25320
19024 8125
8344 23281
22484 9094
10718 6250
1097 8955
7942 13706
3014 13873
25861 5745
5564 21803
14916 21378
22331 9813
13407 8233
6677 16355
23638 22528
8301 17410
17704 12638
10475 16891
14210 16513
8053 16920
8140 20076
7704 9342
860 20097
24971 24418
10285 20195
10725 11897
7159 16286
11736 14961
9655 6405
4445 16769
13206 15640
14396 19690
14806 27671
10783 22049
25721 10383
10000 15552
17538 25688
19077 18627
26676 909
25678 13862
7334 26401
17383 18670
14870 24173
15381 12713
24383 11052
4258 20458
24201 23310
3151 1386
23493 16438
19688 21718
11180 17481
12985 19855
515 10374
15880 8132
25544 18584
20836 26172
18282 24716
7489 13171
18041 20636
25776 15831
6314 19137
9514 14603
7965 302
14827 8066
1125 5812
10926 21270
4656 21831
21773 4530
17850 18805
7233 12260
20908 26804
8851 477
2615 8825
19837 24616
17215 17377
11928 25681
15932 25960
8580 16558
20025 2409
9464 25472
20361 13007
23714 8529
3722 7176
19189 18562
22997 10202
14005 2988
1444 8952
26090 11935
5388 21451
12411 12102
12516 16464
17636 23202
23224 22628
19293 3148
9238 2654
11669 26556
1456 553
4466 3331
4874 14253
8356 13878
21772 20476
949 22954
17061 14073
8339 9594
27381 23383
1187 8883
26174 23646
8024 7707
25306 3788
6521 9302
11025 15581
5367 22403
10736 7061
21575 9159
18332 17626
23593 11745
23553 1571
9416 26298
23360 21662
13854 4361
19148 15977
1282 7902
23109 18227
9032 24184
19864 21488
14446 20337
14554 6266
4769 10553
26900 20196
20423 436
15698 7612
20775 13188
23198 13975
17560 22637
21203 13829
15540 8408
12384 17686
2092 4444
2484 3492
27312 26512
26644 848
23002 3786
9291 1924
19479 318
27157 25200
2462 22081
3917 18041
2274 6979
20521 5926
8585 8102
181 20873
24794 7693
18485 7412
4269 21992
4032 1440
63 257
18237 10938
13398 18423
13340 1656
10471 9950
861 21886
27247 15528
21711 12183
14519 10359
15275 27570
8498 24257
12505 26448
14092 13222
4147 8437
20335 11094
15320 19754
24109 16203
17041 18497
8035 26053
3593 10499
1079 17296
19872 16509
1877 9815
21243 7445
21551 19796
16569 26518
5402 9432
5885 9878
2993 26179
24194 20242
3539 6248
16900 1927
24565 944
21163 7594
13569 6714
9607 26472
25274 7543
23515 6767
8720 21916
8561 5044
7646 14179
14953 9269
5374 9847
3588 17089
8165 21290
1260 3809
22589 18796
18792 6567
17059 10056
15468 25079
4851 4701
26969 13295
17958 24821
10210 25629
9943 14497
4525 20977
19832 11840
19492 1555
23221 21472
2128 1747
5587 11894
9378 23291
9903 26060
10485 26245
3895 19540
2233 10760
25831 22653
846 10322
7601 13174
21719 12073
17646 19233
22025 3398
27488 17911
21328 22575
24541 27719
26966 11233
562 23057
22499 15258
1894 22765
4671 14319
2964 23002
4710 25595
11438 19933
14017 4552
13383 10531
24136 11480
27109 24197
15274 15551
330 27121
21337 9626
17066 10637
12141 14676
14190 15053
7806 780
20371 16848
7702 23109
4131 24114
5440 22775
24047 4483
9693 7366
26646 6892
13961 18533
23625 13229
18833 1707
5904 12880
20401 27720
3486 7010
20217 12264
10692 11382
255 27479
14401 25043
13990 23473
12357 27337
9424 17274
27567 18927
9737 9473
15552 14581
10353 8338
13639 8834
3039 20316
9462 14655
7441 7893
13581 7240
16687 21441
16497 17347
1704 24417
22467 809
5274 12204
17584 8735
19255 2998
24840 633
27217 9630
9962 6735
8988 24429
8605 11142
13341 26548
16326 6125
22588 24370
6452 24824
12744 7305
27092 21231
9705 4799
21268 6036
20331 20382
23162 12009
25315 17864
12954 5823
14499 15493
17458 979
9325 9441
1880 22485
5061 11971
25983 4642
23098 11734
14480 15340
22841 10412
1227 3782
13040 21943
16154 6242
8093 23825
9524 261
4521 642
3363 14000
4588 2979
22794 18392
19632 4952
1537 17343
3021 11583
17913 15628
5941 15491
9960 8127
27721 7742
2036 4237
13549 17475
8711 9201
4382 24682
11591 3318
12433 17361
23837 10501
12553 191
10033 20432
17185 8665
7479 5274
27761 20113
10031 19681
6591 18991
5705 18816
23894 25727
24752 20562
11434 9708
8873 4134
6610 18344
472 21183
12098 4102
9001 1492
17172 19729
2843 11230
17048 278
20411 27382
18605 24365
18604 13299
9910 17015
6559 23467
14907 4047
7617 2160
4233 19107
12945 13097
15264 8538
10772 14706
5082 19272
772 17885
14681 13487
11219 19761
18664 815
4953 5914
8214 19619
2564 17214
1446 13924
20428 17668
8471 5685
1052 24233
21864 23376
2855 22311
12762 1599
20680 6204
9423 5158
10084 2641
25537 24490
27067 12094
14917 3144
1237 4911
26431 27489
19029 1500
26116 9759
3096 4417
14840 5125
16523 4913
21408 8046
15987 26699
12980 17517
26864 6
4005 21592
20200 15939
6074 11496
16330 24224
10029 6833
17509 16988
3977 2005
25836 1261
9385 22672
14762 23958
1274 499
2811 17000
22856 13365
5112 11013
11384 10421
15160 19943
12940 16189
12201 5215
21914 9334
23679 1155
7348 18292
3874 7591
13381 989
2076 20601
327 26898
16137 3121
15217 11440
23668 1399
14948 5666
14564 5063
18666 9863
10743 17038
25726 26878
16577 13626
26923 7098
1096 9637
10931 7985
19314 858
19828 5847
11517 8159
18468 17574
15472 9301
26771 737
11075 22440
16436 1234
19326 10588
14328 12749
24692 5670
20123 13893
17611 21004
1916 15481
9588 7191
2806 16437
5503 1529
7591 13743
16630 1691
14266 5354
6733 15116
3914 4578
10312 25868
811 22231
27189 19441
16053 19366
27169 6169
14307 5372
10995 14013
21042 25275
27001 8271
12747 9168
1422 20032
4463 27729
7738 3281
12383 5212
8284 12186
12836 10093
12409 23150
7414 811
1413 14667
13120 2537
7763 20574
18292 19327
1778 12075
2669 8283
21526 16028
621 4035
9548 13716
16036 15972
15925 15731
24048 8881
20008 22791
24177 13825
10969 27478
19223 1865
11296 22438
7997 7871
5062 3913
417 13588
14293 26050
17586 15322
7395 25814
23623 10503
13297 7996
8620 4931
6 14856
16588 1180
23800 7228
5685 17167
11882 9901
10719 18602
1048 8007
12884 7671
26444 20832
23958 5263
13114 16731
14630 9191
71 12964
14983 1033
1899 19269
2142 920
14330 9997
3498 4547
4810 15705
7499 3683
5797 7752
13035 15211
10594 16257
5700 27545
2028 6237
19667 15536
7347 5431
26447 13571
7709 19178
26497 23382
5312 17693
7049 9744
6654 19139
721 202
12310 22999
26365 11830
955 3277
1580 10949
19764 298
9592 11056
27081 25840
12655 11810
3493 8832
2082 11405
3817 22170
9665 18193
20262 19156
3396 17332
11910 5109
11445 6335
18359 14343
27014 22635
9078 12290
20583 19235
3031 11714
19510 16020
24994 12621
10102 25778
19494 15979
21370 22536
437 18317
23524 14886
6171 3965
24599 1650
9694 15046
22744 13002
1468 14765
9590 10584
14609 14030
3555 10238
12948 24796
26262 1742
16998 8175
19212 24965
7800 13411
3623 11874
22016 15643
14083 10526
7031 21750
12861 3267
19410 8345
15805 22122
10393 10168
2386 5610
17570 18961
3855 23601
5833 6264
15529 14634
16994 20359
12952 1581
1351 20711
14946 16339
20846 5295
5658 18171
12194 13455
17756 10925
20551 8936
24863 1795
23947 8379
5457 23079
18520 23472
25083 16943
21830 6481
19846 3141
25369 19840
13635 24407
6827 19508
19390 5302
540 3349
26 15577
14305 7028
19870 16169
27352 16580
23771 14471
13502 26463
26994 6093
1882 5877
21610 15953
14643 7772
17104 24383
11938 19098
5276 2523
7149 12757
13348 26419
20907 1793
18700 16678
1666 19614
23769 21572
24081 266
1954 11285
6611 25537
204 15976
20131 20320
12217 18437
14215 8920
21342 18439
13305 3047
26917 27002
24473 24131
6376 13479
1039 16982
3712 10190
25144 24612
25680 10539
5925 24941
8707 24471
2861 2540
2708 2856
27057 22929
12281 24156
7623 15214
9815 23018
18248 6032
16020 26734
8377 7253
14788 15439
25526 19870
4976 11950
16122 8540
13388 10116
24638 584
18625 25162
1698 9032
5831 16351
23393 8700
12978 15943
8299 25886
19507 23535
2178 23099
22813 7597
11914 23166
25906 18894
468 10369
17667 17095
27622 16073
22619 3655
11005 12861
2335 21210
10807 5647
1118 13826
21172 15245
7443 18812
24489 13430
21841 14059
21413 18910
18740 22086
12990 13469
7932 2349
1661 9654
2917 10593
7662 3045
16242 6267
10937 882
5984 18248
2607 554
2709 6176
9473 11559
12965 11370
4351 5492
18461 17956
13174 17442
4909 27515
24401 5410
14581 610
19693 8486
11641 10689
9241 5453
27344 18298
9674 17216
144 1106
16132 10953
1029 16756
2357 1445
11504 15875
15731 23573
8163 12844
6879 2124
5590 11963
24955 8559
8243 4554
5986 9322
14339 15819
12749 18753
2368 24211
5716 20872
12420 7922
27455 5986
9877 11377
335 26800
17855 4359
9727 5034
9659 18294
15967 7934
19791 21574
22309 26986
16884 26958
5390 6786
2280 10673
1284 5721
24786 5023
25503 20385
17914 972
23918 5308
22716 15396
23797 7380
2763 23881
25336 19284
25824 19641
8245 2661
6632 15673
3649 19285
5534 5042
10314 20705
8314 2454
17121 12352
2900 4276
18611 291
4652 16596
7849 6627
4498 18573
16919 4265
23395 2400
1950 8983
20669 23793
22144 25852
4776 8697
10908 24779
1751 13372
3652 2325
8360 19298
11132 20709
4381 20225
21262 8991
17124 13888
16385 5730
6039 2786
14249 10101
26665 15399
8032 3352
24126 12515
6635 22619
21797 2380
22480 2768
6787 17587
9657 21914
11476 5084
13205 19942
11115 11272
2825 25097
14191 25641
7045 20980
27717 6645
24022 20775
18303 21455
12883 14829
25802 13839
3040 11555
690 10089
18724 14434
17678 8481
1863 4019
13272 758
3007 113
3698 21956
19050 8917
15354 22131
27709 3203
53 10612
7318 26652
6569 16042
10579 25627
6189 7557
17918 9143
8555 4740
23268 19944
22972 21226
4017 7008
7011 7496
431 2916
5926 27630
21156 19318
22004 25305
25788 16265
10133 8342
13857 10530
8191 1354
14973 7024
827 7308
19949 8593
1928 14538
5329 18
2391 12152
19244 996
610 3251
24235 1537
19164 12951
25298 6302
11636 2472
10077 20704
17258 15520
23154 19202
11554 18609
27547 22812
3607 8948
15713 25702
14928 15221
15411 24065
15439 542
2172 26519
13508 5855
16950 16392
23939 20319
6139 7273
13802 20297
11557 14178
941 14726
5137 1511
9538 15054
1675 12605
23586 14182
2863 17748
13701 7785
12109 4238
2079 11698
26028 23917
21790 9158
13000 4489
14587 26063
5037 5331
10048 26242
3247 22132
5552 16695
15141 27558
7827 23409
17120 15015
3433 19631
9300 7368
26003 15239
9351 13389
22410 10137
10678 1660
5719 8848
17479 26435
9009 27548
16319 26003
94 13254
15466 13624
2868 2755
21701 3049
16585 21670
8229 10358
4929 21730
7705 1726
10045 14315
21561 2485
5039 25336
11412 15716
6031 2946
17695 12665
8839 604
22485 2339
18214 15161
25152 15066
9079 11866
9167 16213
21139 15183
9413 25232
3536 6429
3315 9116
7497 10389
18853 9003
1311 8884
9024 7171
17049 14211
9270 14940
3492 19711
13188 24996
1595 26180
21886 1303
11696 6445
9277 17870
20861 2778
21209 10467
13710 19867
17204 3905
22516 4198
4811 27498
13290 9780
9407 22287
7380 1815
17058 16246
8640 8965
26128 2004
3972 17957
12034 18830
15649 8020
12115 1559
51 7732
16147 9134
7753 16140
1508 27485
1009 27145
22715 5028
18579 10444
24355 27638
16499 17090
23184 7774
4268 26868
24327 23782
23108 9266
7966 236
18626 25942
10985 2914
20956 21395
637 15038
25926 2284
15086 2312
8129 5829
18514 18904
19254 21398
9638 653
3495 9479
22391 14424
7472 15850
20615 18977
7878 22099
11226 92
21456 6749
20267 16911
4064 21166
23354 17994
16804 24607
21582 14332
11178 12899
4685 18649
8345 14065
10429 17030
11061 25496
7420 19848
960 1460
3704 5458
22358 4278
6597 15941
11143 25455
7136 22516
5277 14317
3529 9067
4586 26906
17100 24410
10184 15661
20610 4112
2447 3537
23762 5478
16992 10995
16062 20442
7487 6098
26547 21105
23614 24164
21123 12697
20320 222
20105 18637
23765 565
5002 5392
13626 8811
925 7260
27249 21960
15066 777
23091 24457
11441 4888
15782 22782
17629 27168
19155 24632
21721 16618
2683 3441
23850 21690
27122 27116
2893 23268
24800 3917
25667 25425
22942 5414
17253 17810
14585 23784
25276 20720
6023 198
13996 22732
4310 21624
3100 20464
18338 3201
3944 8181
10166 23775
18649 15127
20855 18746
15228 25830
305 24031
14526 10536
13039 11564
21145 20312
15557 22614
14357 11574
19144 23170
19426 8269
3832 22397
7306 8385
19988 21866
5647 20350
2285 8808
12432 14495
16694 3185
2657 24107
1615 2334
15536 17402
24974 8035
8290 1043
23047 13432
14689 24603
20667 21694
4152 16598
24882 23610
27105 9538
5145 13043
9374 23483
22345 22214
15632 1342
13358 22777
11082 12257
12628 18222
7341 21315
24581 13214
12492 24326
17965 17044
16737 9223
4089 4000
12793 6685
15069 12707
11361 3475
20487 20585
17675 10411
9170 1154
27049 18279
16376 14140
20407 3278
27342 14114
24806 17760
15305 14103
26760 1199
26188 23807
11725 18464
25136 12230
27503 5149
14428 9812
23648 20962
21072 21872
18619 23056
6209 25834
18652 25679
2772 12187
16181 11532
11353 21074
9035 14472
432 24456
17353 13037
12037 19519
22809 2667
26482 8198
23647 21283
11224 14165
20015 9514
17555 12657
1365 26529
18671 20380
9421 20318
7719 26007
13061 12256
3673 18377
15898 18148
23124 10068
17728 22502
23461 24551
8332 24869
2246 27297
6148 23373
21377 11691
13895 6681
22726 17477
26404 12338
24753 25832
3833 5864
9358 13019
4980 22072
6007 7092
18985 5805
13919 10447
9479 21050
10996 2078
18240 16336
16993 13320
18236 2680
15891 26024
9819 18155
26674 15283
17945 27523
10569 1579
22653 10071
1609 23107
2456 15125
881 12608
5126 14127
12242 8602
26428 18864
21239 9239
11206 11022
21465 16352
13331 10590
23305 12366
17296 25143
15788 20767
22368 23070
17858 14658
26983 13388
23946 15763
13794 17268
7818 27675
14746 8065
24675 10254
5951 23796
18663 11040
8795 6474
16332 26210
16861 12698
25089 14493
3878 15662
5720 1302
26465 17758
4789 3020
19524 24159
9886 10260
1358 25033
16815 27526
20483 7891
26830 24800
3982 14365
18541 13080
20414 17859
24008 4849
13934 9098
13871 26762
17718 8693
3057 26148
10849 12920
8460 8511
17299 11616
4688 24135
13689 14980
10577 8995
4179 3735
2881 15495
26443 24848
20918 26221
16038 435
21169 6958
7490 495
24498 14993
9579 21167
21450 14263
12689 26043
20136 3974
7983 10495
2845 3648
22340 5307
7255 19746
13310 8494
6532 19356
26099 1325
3280 24359
24480 23447
21358 15411
7984 5472
7200 18233
23383 18574
24605 25569
22221 20551
10533 1098
5307 20951
13976 24723
944 14125
16146 4719
6030 13319
2940 18388
20532 17648
26568 9227
2268 18645
11934 19358
5125 8171
2213 10930
20169 22505
5857 5366
2619 27626
15225 25764
15146 24440
6470 4168
15813 12988
7139 19947
13436 2061
12953 7679
10758 151
20156 237
11970 23985
8726 11556
8355 16954
17386 1291
10505 23525
25243 282
12554 892
19974 22406
12196 16592
15111 16230
16237 12101
20616 22305
26767 15990
10628 21759
488 24327
11896 9857
20909 24636
135 19590
1723 15983
17342 25214
4063 464
9875 25913
23382 20822
13193 259
19731 7005
24918 17701
9539 24086
21906 25169
8330 17537
3758 5339
14294 8161
5942 20501
26915 15237
3869 26570
25373 3401
13461 18789
12010 22547
23735 6974
21477 5330
380 20269
13640 6436
8545 2660
24516 26717
21029 3586
25122 13589
17356 23329
21016 6345
18315 22757
8270 338
4181 11777
8627 22838
3405 1648
16638 10301
15543 1239
4082 1339
8729 21970
23116 11701
24249 23599
2686 22591
1435 15502
19911 8898
20948 210
20594 8999
24085 2627
22770 14608
8285 23884
17829 23730
21525 9784
8019 19373
4772 522
8927 4165
2608 7831
19565 23448
7305 2353
11341 27364
537 22418
11356 3386
24988 21822
11098 15090
18709 15159
72 10576
21892 13965
18424 5796
23968 26268
19786 25637
13338 888
11937 12236
20478 14797
19714 6796
13947 10624
6523 15162
3976 5910
3176 415
7158 4624
968 1911
12226 17865
17293 8347
17403 12109
11083 22738
2332 8383
23718 12408
18454 17020
26997 11372
19843 25408
16528 23193
16296 4485
7101 13172
23635 20862
12370 14607
11081 16712
207 16374
4204 12442
5947 23999
10190 22153
4330 23334
22171 24676
7624 15616
1842 2559
5569 27698
5696 19036
251 2959
8992 10895
18008 26371
4395 19422
20290 8085
10427 19305
7167 22043
9974 17203
19566 18876
13574 15597
14399 16742
12323 13584
23408 15171
16799 25785
2674 17413
21135 23701
4081 5007
3477 23935
14160 19549
26692 3027
2544 14876
1042 26061
2167 7475
7406 18347
21618 4414
6065 21521
7975 8305
24493 63
6962 2874
13080 5242
10537 13241
5198 24759
11907 27248
14283 21891
2461 26742
23444 16323
1458 23518
4942 20039
16052 4584
22436 7682
8768 14960
11411 3604
1633 9876
22470 10410
4079 4068
4684 15935
16492 8056
3923 1236
2911 25783
1344 16269
13521 1938
9544 8723
5580 19980
6860 14773
1769 16219
2239 21106
22047 21910
2717 17624
7391 20373
1372 87
2685 4609
10867 4447
12823 10293
14176 11803
19122 25386
12837 21402
10282 18080
24695 27697
7584 25465
5686 25069
19035 10415
3295 26753
20212 26319
5805 10868
1736 25464
10410 2134
4449 10429
21108 21504
12347 15738
4511 10110
9145 17597
2729 21838
2354 26294
23246 26795
2592 9528
11232 10159
3618 16785
17122 2977
21208 10038
27391 18846
526 27672
24592 26727
15997 20473
20509 23146
6215 27409
23538 7296
18736 16676
20031 11134
5032 7769
7336 26534
25914 8333
14487 20264
19186 8830
17020 24887
10982 16609
17257 1047
6807 18056
21017 9851
3905 25855
9218 26974
18199 5074
21343 15535
26430 9431
5786 12087
8980 15420
25712 8908
22843 7797
21356 26090
3726 1410
7403 22641
22027 265
502 5303
24059 23837
2275 17933
16123 23465
24415 11375
17050 23360
6241 24921
24132 9044
8914 26067
2334 6071
4877 19555
6196 8457
10925 24666
19544 1073
17830 377
1536 3135
13790 20680
16734 23772
16756 11758
17404 2858
1238 10918
8282 10967
8527 23732
12193 17962
946 8137
1330 3232
16867 12362
24250 18690
3531 22334
21053 7783
4599 14366
17275 16291
13917 10279
13427 19378
27179 10912
25435 24272
1377 11788
16695 18838
20934 4958
6601 3321
18348 4141
20802 11838
9135 9071
13668 13659
14221 25607
270 24435
3968 18821
6282 2075
21440 8699
5046 15572
21683 11505
16862 25686
1062 26229
4745 13674
18894 11535
5954 20282
16451 15860
13998 9102
9388 24384
2443 27010
23802 18624
26571 12865
24925 19888
14572 14867
7690 20246
22184 16777
9251 17041
19187 27736
26741 23210
4833 2243
15948 8687
9521 14187
3532 10409
16365 10943
26582 15186
8915 1729
20110 25300
8972 22878
18023 23883
10517 26425
9817 19926
13986 23030
24031 22980
2035 27271
10540 22720
11 20949
11363 20491
23226 21425
5127 11946
25743 8290
16384 9546
9594 18509
1775 6829
9945 803
27053 25550
20028 9056
4736 13417
26018 22631
27736 7620
5086 933
13451 10651
463 11065
19684 8944
7656 13979
980 2315
23509 6951
11572 11996
8558 15911
4423 11359
4506 23516
4305 23306
15728 22126
16644 19315
1233 17690
9782 16537
5562 9763
19217 25263
23140 13564
11667 3048
5878 22358
4928 12349
3415 23006
13705 22948
1387 12488
5103 14320
13403 15960
5710 25874
17451 8621
19398 17014
19333 26872
1650 2653
14299 9610
19536 23811
18538 21516
6993 2931
4187 21792
1250 5723
6616 27370
20365 1361
19330 10546
6515 22404
13190 17423
13117 10719
3148 13355
16686 13508
3218 16602
25284 6955
1871 24389
5917 4197
8256 9156
20663 3072
12078 3233
15857 19682
24039 23429
1940 8896
9021 25440
27698 14968
16936 21595
19499 8307
23486 8631
14189 11644
19648 16391
5940 14076
8939 20162
14623 16456
1008 22846
764 27576
10682 3681
13669 19406
16928 22560
4951 4371
8077 18228
14855 23430
10671 24374
27214 5369
13524 23338
1336 21907
7960 9570
20045 25651
12533 8544
24267 25824
11308 25600
9976 11143
26682 7518
26243 13597
1860 4541
21238 11202
25733 22498
25922 27520
9041 12984
14766 27361
13019 24797
27726 2172
13825 26263
2132 25656
4634 12322
24180 18124
19614 10036
11086 27763
27330 15448
19605 9829
1913 21190
26859 4192
11617 17702
15771 22483
13820 218
10079 4809
79 13138
21700 16886
23024 9213
21795 16500
22855 5503
3088 16980
16554 8323
20250 2545
7072 23445
8259 7618
2782 6147
8841 27296
13054 12868
24652 11153
5891 24557
23474 11880
22233 23049
11972 26842
1005 26558
19539 23650
17765 12169
24650 16979
13793 1807
19869 20602
11331 22724
9409 9768
6980 5088
15860 26233
17236 9548
16712 16881
23846 26054
23710 14093
11951 18545
20928 6053
15627 22616
13671 11110
13719 14321
15255 26333
14911 12736
20725 1759
21777 26671
14856 17606
714 11892
17752 15428
22241 16075
21985 2452
14433 3158
15822 649
5604 9111
22964 16936
5749 24835
20920 26215
12430 25322
95 15264
19665 7793
2336 15087
16885 24956
10274 16837
6391 11271
4893 15365
23418 27389
14147 19832
18453 18186
26569 25826
8286 3646
3143 17953
4256 907
993 20209
18149 17698
22830 734
3273 6733
23082 17298
19598 25498
12647 14338
1264 10055
5523 24729
7578 17753
23460 7886
15459 7432
4906 6661
18419 23738
12617 27034
8160 16942
22261 2619
1831 7491
18695 23762
11541 15809
25549 7046
1687 15032
4878 22058
25774 10272
5641 26473
7555 7155
6522 24381
2563 2981
1036 12467
6772 8879
17526 13658
10695 20971
15721 6904
7106 24720
10206 2904
20706 23224
17008 9992
3827 2647
1073 8648
23842 13332
17661 10123
12889 3853
14871 25404
12028 12939
6164 20693
2780 2530
23500 20489
4101 11266
22089 867
7418 22270
4799 620
7222 3570
410 3525
16426 2936
13649 9690
2379 15670
1565 27437
25098 15712
12520 18946
11547 704
17610 24610
15943 26871
16198 5143
27301 9627
2080 24275
2681 1534
9829 3427
8048 24037
11673 7241
15070 2738
15210 7286
6547 917
22415 22139
16664 1852
7423 6942
9352 13976
700 7906
6716 2125
1902 12323
5622 16514
16711 21782
10373 21632
21524 1151
4174 15909
11536 20064
1504 4272
23781 14079
7440 7469
26217 8358
4515 7144
20474 7065
18913 1745
19909 22113
18408 21431
16251 20194
20007 19131
5830 6309
27661 5760
14791 2960
4595 7126
17630 18455
1427 20779
23439 5772
3734 5322
3017 5781
7831 17387
15819 1162
6061 3002
25244 17169
17665 27418
12528 1323
18794 5179
16766 164
6776 19911
26993 14362
21565 15873
7775 12725
26314 5689
4453 26837
24893 5830
19788 3968
13028 6308
18404 5846
19442 24316
729 8264
558 1975
1992 24743
24074 10976
19452 22152
25313 22691
7020 13062
12259 21848
22547 25522
10713 23703
1935 8223
6088 18658
14090 23944
1657 8880
6884 23004
3471 16059
11931 1280
16670 16995
4596 22752
21064 21874
1606 11403
20513 11641
10975 18776
14184 10033
27685 19189
20251 24604
1309 23399
809 16970
15433 24579
21452 5256
4626 9360
14235 945
13093 25621
11002 10391
26467 4287
21666 22763
7678 20532
21324 19792
27135 4286
17627 9163
2707 8332
14507 16156
10921 22366
13728 3016
10723 1324
17932 8075
8820 20002
12910 17872
27200 14255
2091 10537
4504 26987
7519 23767
9978 20703
1933 17822
2247 9715
1732 24765
807 25659
18218 637
26880 24608
20976 14438
23453 5989
7874 2086
13325 10872
3834 6718
16373 23160
21951 26173
10110 15687
26461 3171
11090 23651
842 14148
18667 6294
20019 7776
1089 5375
10042 22924
20825 2049
21458 12986
12277 6754
24411 11323
9495 12514
15679 778
3093 27333
15638 10757
3602 12796
17291 17728
11138 545
19070 3221
17727 19065
19152 25732
4224 768
9540 7868
13570 11080
22002 11000
17377 6069
6711 1679
21723 20659
13561 16935
11203 21515
681 20825
11161 20576
16323 25395
5477 15167
3185 11759
19985 12586
969 24968
1574 14190
26172 18556
17996 7827
26067 428
15192 25527
22147 5368
3411 18889
1225 27185
21600 18788
26712 1884
9157 5205
10216 14189
5806 20783
21758 5450
20786 1709
2234 5172
16267 70
24135 24251
7369 6888
6843 18363
16966 15921
495 26308
1596 3739
14393 5748
16434 3737
25257 18114
11744 23996
25967 11782
19924 22158
4890 8784
21867 9735
17548 2867
15447 26457
15024 17046
21071 27177
13284 7004
17060 15200
20603 7744
11776 6218
507 20480
15156 7606
2146 3495
27543 26132
21873 17254
6834 20781
2296 11864
4796 21364
21357 10684
25374 1771
1477 24771
10987 22475
18754 3652
19930 6896
20801 19411
21639 17847
1973 25626
13148 11501
23984 6909
8834 13539
15663 12447
474 13922
14906 24306
13317 14200
20799 19008
3706 14748
1461 6070
19121 3925
22413 21781
10656 20009
20808 7034
273 23239
27571 27373
16318 23134
1791 22949
8495 14880
12921 7894
16608 9909
15915 19035
26929 9960
10064 2046
5502 21013
25622 21236
5636 20930
19772 9489
9475 12167
11810 26321
13684 1264
12571 17754
614 23946
14634 15278
20885 13226
17893 9686
5708 25424
9959 17106
9449 12847
13757 12161
21077 21449
1332 15382
19038 19494
20168 10059
11996 21846
17596 17740
10706 11732
18124 15698
2405 21738
27335 4786
2702 13452
4439 23763
12483 7161
8812 22167
6425 22595
12264 7762
11480 10608
2201 25335
8011 9595
10081 12955
3253 4760
20327 12885
4783 5342
21948 13772
18346 4342
18104 7284
6743 26382
18552 3010
7459 5388
2934 4473
5133 8709
8587 5733
20258 17844
15946 3439
8269 7872
17415 19197
25749 21680
23982 21384
25193 5628
17316 24404
18478 16245
14380 959
1154 5117
17807 4144
19431 18915
4645 7719
10724 4563
10647 2222
21974 8738
26833 7781
21875 17714
13647 27434
13142 10711
20266 23802
15479 1594
27351 18337
13845 4970
21213 24190
1958 17137
26513 3486
23933 18885
22386 16711
2921 19141
3910 24798
12557 6662
27178 19666
8435 11717
24842 14531
2632 9565
11029 10253
23401 4599
24220 10640
13836 17725
1819 17901
13963 12813
27038 20134
22210 4260
27261 17406
16067 1081
3606 19496
11759 2140
23901 26064
7880 15586
13881 21204
2824 25987
16768 24293
23704 19877
14489 15730
9860 3661
13698 26936
3152 5230
8390 23615
19715 26632
16401 21951
1617 1960
10278 14679
11558 17939
2859 19218
3639 12589
1438 26560
13510 801
10060 26672
1294 3444
4925 26204
4547 22982
13151 25388
1672 17676
25630 10902
14751 4227
2123 16196
6766 449
5392 21672
214 16631
6628 11072
19481 7150
3290 15320
10203 15022
2242 17593
23267 26343
6067 7963
21118 21436
25318 21060
20979 27129
3395 2834
2475 2218
3935 13168
13637 8343
10862 15744
2075 8571
223 3115
13464 26176
9053 20114
7220 14835
15313 19066
11142 22445
233 26127
8236 2356
1821 9417
5908 15250
24967 1497
15209 10077
7243 20406
25881 2392
27337 2781
9564 13081
25868 8870
25232 6601
25111 23924
10691 20620
22393 3843
23922 4595
17518 17281
21769 24002
1731 19332
25905 18667
20252 1942
16758 17682
1271 233
25436 6024
2852 24614
12094 17640
3098 7625
15144 25815
25353 18361
14771 17538
4208 5541
26688 12126
8642 8341
22006 26019
12449 11447
18203 26370
5801 576
13391 6879
21089 5292
10052 24877
23420 4775
4794 6485
24092 10549
13965 25650
17046 650
15592 8475
22691 27157
5493 26649
16328 19896
1041 24097
14445 3361
10948 20904
9203 18603
22613 6312
18876 27253
14566 6919
3543 7860
2508 8828
9371 19738
6469 19523
26614 23848
19026 11512
1339 10797
9411 8647
1685 16098
10922 10665
17009 5495
25196 8701
16207 27402
19309 19806
17145 3270
6134 5897
15242 14096
14938 11657
23848 10092
6129 26688
15576 20787
14628 24810
12503 10217
20872 3546
9368 13698
2721 10532
24027 8625
27544 13503
17119 13621
3645 2992
3214 23783
22038 19192
6411 12675
4784 27058
22476 5395
18546 18397
8522 17319
25049 9231
17036 26623
20751 27497
6496 15919
2540 10563
22082 11474
4178 21636
18073 13653
16248 197
17785 17547
12363 26621
5394 10061
14086 22003
294 9694
10836 8456
25091 21275
22890 2875
22888 4969
4617 9212
22112 25879
17371 13581
7797 5359
13869 5923
7564 2388
10555 20605
1674 1788
2186 19055
20016 1393
2039 26387
14196 11654
2173 5679
6795 7812
6942 17464
12797 19190
8459 13670
11534 21590
12555 17305
27017 24115
918 12840
7279 2555
1503 16788
16868 3760
23119 10278
487 23949
15018 8034
9294 21695
22463 5196
26947 11504
17245 23696
2360 21420
12745 10005
11811 9806
2342 24482
364 18688
16264 24467
17589 23426
17157 4591
21839 13442
18679 16910
26560 6860
2387 4015
24544 702
19854 4594
23573 18901
22865 11018
17696 7045
1761 14977
6581 16433
12946 26156
24110 23832
5182 9821
12181 24644
20067 24594
15533 13190
3598 1220
24911 13791
12188 21165
11985 24513
19110 7708
22798 20762
7486 11703
3069 18458
16142 5058
19672 27532
2216 16305
19302 5938
13337 25643
26167 5239
21470 8959
14120 4061
4546 3854
5040 6058
23775 11813
15926 1859
4747 14277
14043 23534
1881 9682
421 11179
1990 2543
18007 4350
1739 20419
24546 12048
13471 20021
1585 20960
10168 20460
25559 19326
4618 17345
10424 6097
25819 16572
27266 24100
12786 23961
9482 19940
12150 17677
6869 24095
8033 29
24279 25687
1721 3680
23059 22401
23394 6744
25386 14032
1782 2878
23943 22844
9934 13770
1753 5496
13804 2588
22275 26426
12477 18200
1404 8188
9569 13844
20730 22140
24346 9623
6342 24867
23104 27111
263 9486
2647 12832
973 15319
8306 17871
22165 17622
8073 12108
22535 5224
4892 17829
6502 20559
23869 8702
16244 12664
20178 27274
10214 22887
21577 25652
23944 7403
19525 13353
5679 22666
8695 13784
14704 27259
21298 17586
17015 27643
6552 24550
21204 5816
4302 1575
25215 6529
4566 14047
5533 2613
16744 18166
6587 9331
8351 15256
4093 21921
15077 13356
7993 16107
11123 12877
23558 25870
13106 19777
6762 1504
21364 5358
15093 20027
15392 12991
10828 9599
22806 21737
12726 8013
18851 18727
12086 4469
22801 20687
15541 16034
21176 341
13416 17816
21175 9740
21303 5305
20750 4793
7140 7628
17525 16923
5846 27686
4696 1563
6087 22348
13070 24581
2977 14205
24755 20552
4914 2892
828 15290
22752 15041
20281 14753
10788 17057
3792 2481
2413 11987
19240 12291
21294 13872
1441 18934
6760 18683
22369 10559
23835 21606
1865 16399
14254 244
11012 17761
13214 17647
17891 14592
15438 22897
16030 6353
7840 5591
11693 19146
5841 6246
17557 16694
412 8366
23388 962
10243 11383
20024 16864
337 24715
10794 23089
7969 22381
9244 16670
21747 1680
9647 15331
4891 23255
15302 14659
19190 10469
24014 9886
18275 27623
5760 8768
13100 3063
14848 17675
25989 12602
14632 18164
27701 5734
11674 21959
21527 20796
21753 9840
15430 16199
22564 12413
11318 27444
4795 9775
20767 17323
24122 11671
9471 11708
168 26282
13386 12982
27634 9645
23989 19013
7844 5921
20012 7303
17482 359
14940 19673
581 2148
16538 15542
7010 14196
26155 24527
3208 12274
1102 13556
2719 3535
15199 24839
24645 15118
14206 23021
824 2386
9214 3603
15428 10435
17251 25018
15087 9091
3554 22200
17959 22260
16947 14935
4303 17049
12778 16641
12065 5318
3506 7036
20147 21971
10319 6376
5146 10956
12641 7571
20951 13231
13014 7197
6857 12900
19216 9330
22272 2107
19112 9982
16168 25903
25586 5175
14552 25133
11477 6421
15727 18549
14675 16278
547 7787
7128 16080
10496 9217
1135 8485
21653 19720
20626 12650
12596 17445
3887 16830
15406 18663
19502 11032
16997 2766
10548 26674
176 23588
19156 9137
25406 21855
25761 2396
822 12863
15905 8319
27230 9667
25388 15076
20752 5594
17161 12060
11921 8868
6520 8411
20911 26806
5150 13329
22078 6177
24635 20805
19670 1951
13745 2475
8476 12637
22149 10880
8103 16122
15391 12785
19860 5596
23107 19913
2011 7463
26429 11901
8938 17189
964 15700
20819 26146
17861 7619
20890 26731
1315 21001
17208 2261
9826 12506
20352 23729
25750 10786
7916 27569
10255 14978
14075 9336
25937 7809
21837 20572
19194 18703
12776 22704
25893 8498
13402 10993
20085 12123
15996 8675
10702 12368
9985 15853
15349 12376
20699 13929
24601 13545
12896 8895
11234 15402
13107 7819
12336 18420
18305 16948
21650 3313
14001 7163
24055 15594
8906 2554
3475 15026
21332 12711
5790 6473
16200 25054
4279 26637
16051 3793
27724 16928
7478 6595
14095 16978
5405 17144
18310 18823
16282 3956
5666 25461
12394 4099
26625 2307
17006 12756
25850 20932
1277 2411
3888 22252
26098 5438
18457 15651
26935 11463
4720 16661
9550 3082
2210 25984
12870 14248
5162 16517
6615 1013
1256 16217
5427 9182
15901 24694
26264 5353
8603 14652
25272 17310
27459 26455
14542 16690
11675 15137
16324 9253
2697 8104
6965 9125
7868 27295
2924 4822
5171 26164
25367 227
21125 9961
13503 21995
2816 5064
20674 26318
6116 2746
10967 3723
11858 17771
25668 20441
3062 27055
19478 4069
8575 3145
10333 9
22174 24011
22482 9454
7793 27068
14214 26516
9536 9214
12112 21601
13043 2573
6053 10535
17399 14475
21351 3588
13893 8760
5577 16945
27136 21575
24021 24308
9206 15994
1000 17474
10346 20608
7590 64
13238 12614
27606 27009
8778 15922
10452 26911
2862 14743
27244 8124
3842 18409
9182 22815
14262 14520
6093 13485
17878 8397
3617 17407
23200 59
10587 2967
5605 14650
19382 4178
12461 24538
4780 13076
11903 21235
8776 17485
24563 3143
3912 25532
172 3970
14074 630
27731 1319
18119 4626
6900 26506
14313 6136
23738 8258
18895 27546
6033 7179
23669 12903
25656 9221
2382 6292
4954 16862
7023 2053
2440 8237
6172 23557
9560 24450
21591 7691
25024 4271
14232 9492
9181 2621
15933 11938
2414 25482
16685 17033
22026 16644
780 8112
11279 15957
22018 24192
1298 2799
4078 12692
27573 24375
12943 8925
20493 26572
9265 19717
23390 13749
4212 3575
338 23209
10008 17068
2232 3649
17171 18065
7739 3787
22278 1023
13224 24998
23595 12730
14155 14214
22445 22572
20489 2274
11751 27285
5931 15070
999 9636
18392 12938
6933 1570
20101 255
1545 3387
6657 3884
11374 10035
20134 20128
5484 6328
25823 2098
27042 22374
23889 3411
15685 16574
22996 8754
7961 1580
19434 11912
15239 1314
20822 4596
1665 14195
10721 25573
906 12335
3389 859
4949 10622
20167 12494
5143 27234
8973 6521
21001 21252
12765 7503
9113 13376
2380 21743
13059 23400
3626 11845
8606 9026
26698 12511
16787 21208
12056 272
10915 4194
346 3220
1209 18604
9894 9205
17759 13695
9268 746
19310 13223
11495 26049
15847 2620
15133 10706
15455 10631
26154 11299
11376 9707
11096 20450
8789 26114
19220 2340
18280 12748
23217 18101
7679 8499
9748 17559
20701 19545
16391 6245
6921 5229
17637 23198
13776 13258
24378 12828
23324 3584
20712 2273
1557 20934
197 2558
22740 11316
10028 20542
167 13543
12868 5355
4852 21722
16388 19672
26351 5731
14978 15263
9261 4704
11889 2836
17896 16439
13012 22468
15565 3728
10645 25350
8940 2303
17333 21264
3725 15757
23973 21585
27597 2390
21003 51
23489 19843
23285 22544
22276 11927
24978 12997
8424 1336
18650 20207
12351 16430
15690 20298
4714 8193
9553 4494
1955 13145
8829 20356
21784 7720
7803 18557
24357 9635
11037 20011
11276 22891
18211 27020
8835 5583
18788 16068
19902 3373
22425 12860
14880 6763
17988 6298
3575 5219
27225 19003
22246 12098
18716 8094
9367 16738
6821 14135
9220 7576
27718 22345
9956 21339
7434 18330
21763 15297
18540 17662
1569 6338
11947 23893
7455 2122
7746 21927
10225 11768
1170 23041
26095 2040
9057 6777
8289 14874
10693 16271
6150 17425
19664 27233
25050 5803
1655 6577
21048 22196
22688 5344
21813 6042
4098 6748
6955 5237
3130 21827
18307 14727
21834 22714
23696 11378
10163 22596
12091 13568
16646 9833
3139 12751
3200 17063
11319 5073
7257 23044
18217 8515
5653 3276
4214 7094
590 21218
21320 27536
21119 13098
7941 10616
22750 20869
247 9048
10143 9282
5930 14036
1663 9043
4043 11585
22903 20446
22751 3264
1337 2677
22303 5790
6636 7675
19767 18699
15869 4421
18110 13425
14355 19506
1323 1439
9859 12691
10363 6026
1956 18335
19064 25092
22344 9869
24437 26356
4534 27071
25349 27439
15742 14925
12211 4432
5006 4977
25801 25038
21481 12146
14604 25351
27085 11735
12299 9411
12588 3953
4257 2305
7526 20010
27233 4600
25314 8618
20809 26249
26426 3893
14139 14758
21380 15314
13622 12595
19750 2851
17082 4824
5470 20198
21476 16813
1644 26113
13233 26445
9331 27232
10976 4580
11594 25030
11501 11985
3323 15248
1110 9423
20512 26821
7863 73
21740 11711
4404 18088
26106 25712
26877 22875
24444 12429
15031 10907
4624 18121
2986 20042
18584 1702
6724 20273
2725 23963
7533 17179
16888 17834
13170 19833
23151 18806
22940 1751
38 22372
5887 14
21843 11599
22207 3868
25757 3320
22434 12862
15799 21203
6048 18428
8758 9467
19342 17211
9154 5752
14411 7375
24654 20
4285 24661
24340 16761
12620 7113
2875 3334
10258 16243
2848 17990
16357 6936
8736 12481
20049 13725
13912 25387
11259 6319
22403 5758
12084 10472
21102 22090
7266 17737
15445 7099
4087 7019
17803 3665
12567 8517
13382 16292
20824 23988
5866 6803
24680 6849
10076 14621
21354 6374
20492 15907
24486 17765
18067 22826
21562 22866
10237 17483
8623 21550
7588 12158
17994 1797
2131 20669
20370 7687
20319 182
26348 18303
3769 12119
14369 2487
5542 24480
5339 17185
1970 25310
14358 2822
7846 5934
18484 15872
13485 25028
12517 14118
15574 13293
8063 405
12866 12854
16230 5051
20930 1381
5699 4658
18320 11225
17331 22840
4127 21621
2451 5241
12594 14396
5793 27120
16068 10115
5439 5468
12460 27393
594 5390
11671 13194
12932 5550
6476 18616
27450 17392
21151 4423
10878 11722
1395 3614
3663 550
20246 16356
20844 5167
1192 21289
14561 11878
7153 16319
8751 11458
20330 15255
6885 22613
14282 14810
15343 21546
21762 22193
7933 1944
13868 7081
22859 10644
7787 22273
15675 11298
23719 20130
13643 200
3705 11809
8401 16161
8543 5756
4629 17013
4167 11642
15435 17209
23160 2544
10943 20621
21895 7873
8488 14094
17357 17152
17237 16894
16659 14699
16879 12959
11848 24733
10374 7788
19324 19644
23423 25319
2289 18726
13045 697
22545 2295
10059 23288
23178 9104
21937 6194
9463 9927
17999 23510
18609 20537
3549 27159
11571 27642
895 7775
11986 16986
14637 9973
24 1016
24154 17363
3980 16963
22513 26874
21240 22015
17242 26152
26807 17642
4786 12251
21288 10216
20629 2227
12961 16277
21922 17348
10053 4504
4428 14331
21825 10408
10550 11348
9769 11260
18752 14133
11604 24641
7312 12165
24920 15427
2151 26607
23189 10045
24848 23238
10380 18205
9871 26441
12872 5720
14051 21700
18197 12871
6799 5953
3119 2644
15443 17219
24137 21912
4837 4059
5815 24525
16870 8681
4912 4682
8963 20771
12559 8582
2460 25108
13506 23943
12036 26153
8449 6229
7722 3867
10228 27103
19139 8958
11291 23251
8164 1207
23557 12465
11596 26352
9646 5251
24371 21139
15155 2051
18351 21682
8956 18106
5789 2841
15177 13278
15075 2345
17937 7089
17832 1326
414 17067
26841 5882
26822 4456
27045 21990
27752 3406
25354 13700
13531 23709
19136 19786
20705 1506
7852 13899
3052 7391
22224 27612
20504 9099
2945 7629
21697 117
17153 17099
1758 27142
45 26272
26432 5265
8536 15233
17703 4395
22477 10968
4519 26375
19463 15080
1047 17118
13354 14943
4590 8743
9709 1591
10977 6874
6103 15632
9436 432
2052 2488
3166 16498
3710 20614
8925 20540
16041 14010
87 21853
6732 26374
23988 9332
10011 18445
16008 5663
15814 6780
26595 14771
23798 8424
24799 13746
16152 22508
20 179
19307 15657
17438 3417
14532 6106
13232 27469
11314 19067
4047 20383
15114 18524
20875 13967
9134 24677
18033 3684
14516 23575
14368 18898
1783 22343
20231 12551
15398 14014
24019 22119
22209 15007
26039 17713
17130 4067
12318 20525
22188 3129
5373 7930
11832 17515
2284 16575
4290 11594
15578 6065
662 676
22661 14926
8844 26887
23235 23726
20949 898
10327 21577
24901 6742
20868 868
22281 23116
1561 4306
2892 22013
2629 3991
13747 12415
17480 6527
6415 9542
21699 15143
19298 8139
3582 19775
12495 7955
17588 3775
15875 22005
10220 17568
23833 16429
14374 10964
25847 6743
2135 9072
24366 19899
11561 1813
11301 18102
16239 1330
18080 23259
6668 23523
1579 1834
14482 16914
21794 864
4593 19661
21218 10618
5684 4535
11583 14043
12287 17826
12225 12265
11099 9038
12066 13601
10883 23441
5286 12780
7034 21864
793 26044
2235 13423
7273 22771
19046 11761
26937 4316
10774 12454
27190 20915
1987 22367
12717 12508
4587 2897
25321 9230
25142 20594
14836 20288
6830 8967
18805 12445
9282 23613
9071 14996
11694 7657
767 18707
1641 8787
9443 27692
7131 19287
12179 23369
19140 20756
7716 17430
6914 4978
9645 18385
21222 6633
14105 9888
11656 9500
20349 4919
7379 25698
2867 19851
20387 18996
4054 4204
15631 15124
9456 24814
17164 9580
19278 26106
3414 12940
11148 19308
14837 23178
8888 19255
15182 25989
12101 9406
18265 1309
18921 15311
19898 15351
5513 10876
23220 18601
12275 15330
418 21937
4859 20266
24295 18535
12504 10172
16977 14552
18828 21761
9212 13490
22749 18448
1678 22600
23948 2192
2624 2364
24691 25619
20058 7745
8864 16299
23417 8915
11971 5839
27009 19186
4338 11883
23686 308
3110 13461
19892 25032
9768 1736
7767 6966
10507 18451
16191 17058
5522 21536
18116 4683
19165 13926
4806 19185
27158 11550
976 5079
22733 21285
694 2216
17033 9809
14178 9160
21544 500
9028 3544
10709 24121
26074 12294
6817 23678
24803 13946
2961 18792
21605 17820
9968 27656
10188 18797
6355 9822
15118 10106
8752 9065
5407 24352
6508 22137
13955 21884
16832 14681
20601 5699
16828 5779
10756 7979
1475 186
3562 21404
18963 19893
7476 12120
1649 5968
14679 14692
22328 1402
19686 9060
21215 8635
21279 24179
27425 25210
24229 19159
1983 12805
18744 6406
10764 8875
24217 6779
27697 6483
12646 22506
18647 23539
15042 11625
22753 25339
6332 15818
2866 13093
4672 9926
11283 20887
22544 9652
7730 10299
26971 21579
15229 26770
9492 4202
3760 18322
234 6379
22706 2493
5837 12947
18988 27172
21420 19016
1466 1269
21347 9312
16268 6444
1179 15349
14727 22071
11773 19033
5214 11090
20627 7212
1832 12636
7036 10691
11256 13122
15419 11076
13573 10989
8624 25873
1228 6982
18388 1148
15703 14278
13307 25812
5695 6621
5733 22289
13313 18117
6651 7230
19209 21076
1198 23572
6313 11241
20464 2679
16972 13090
14194 18768
13849 12346
24972 7688
7041 11354
15681 18468
4958 18841
19245 6072
15054 17533
8715 9232
16340 1235
14287 3599
5297 27067
7089 7601
13316 12532
8619 1063
18010 7447
8682 19296
12063 475
12132 7733
24935 18457
13593 25098
23389 5557
12388 20496
12782 6129
20658 20080
23566 5740
3586 12176
14535 12546
21690 5962
8069 990
24910 13885
14629 8098
10552 23582
8912 18307
9789 23366
25429 8531
18319 14703
23344 1091
20497 2951
5047 1901
155 15799
11309 25543
10461 18519
16150 14550
15116 20470
10551 26158
3527 24050
8304 16861
2526 8833
9926 26513
14748 20731
1491 2417
13349 612
19091 13298
10364 8575
25522 12462
7376 22740
7208 23786
16550 5065
18396 24731
17920 25374
24181 16632
15165 21211
12222 2884
9469 8140
10245 20658
15701 11811
23514 7550
12796 1283
3470 22627
11510 17499
13903 17331
8175 5356
8430 24989
24983 3750
8200 1995
16609 11325
9729 13764
19784 11393
8615 13890
3256 4655
5676 4496
9856 14912
11464 21508
16164 24297
18941 8051
15345 21714
14754 5259
3085 20929
14347 19919
25973 22150
2876 188
10559 9754
22852 22858
12358 17417
26526 8259
17194 17426
10522 3355
24472 1923
11424 24794
12806 26004
17180 8829
24138 4677
24144 20167
4899 22188
7659 17561
5582 22734
17098 13185
19051 7630
20604 22340
10035 21619
3463 26724
1975 24709
16654 26990
17198 18747
21953 20676
13408 5102
8218 6564
14460 24045
10609 8453
21749 2686
15393 20155
21947 14956
21929 3443
20857 19715
11864 2854
4836 1224
19736 27216
9239 4815
8625 14054
11366 24188
10793 7323
11552 22496
20523 6434
1893 12538
21493 10672
13616 5751
4352 17252
7060 23805
10086 27101
14673 15813
20735 21212
16256 18541
22967 14281
25624 24807
9012 21328
11682 16549
22010 21188
23627 15099
5088 2491
5505 25502
9593 16833
16392 20376
25843 8016
22316 15323
22152 2770
9052 27705
4844 13762
528 25508
821 7568
12458 26372
2775 25937
1056 11571
13953 24116
7814 177
11719 6548
9891 20053
24932 17795
6877 5080
21437 12197
20482 6040
10747 13880
475 11696
1727 9855
22696 15557
17782 14814
5385 6649
10486 25893
7607 1694
22398 13306
10930 14511
19506 1881
26831 13962
19912 20512
15200 10946
23150 25715
4920 3105
16565 19438
5003 22892
35 26465
23596 18818
17323 17609
4725 20360
19250 4685
22140 7337
14141 2342
18505 13739
21528 10365
14415 15018
14546 21005
12722 511
1972 7379
27743 6554
27629 23143
8597 22175
23784 19222
3953 10186
4841 5863
27035 22294
433 15997
1725 1636
6213 124
11425 15885
2714 6182
8759 17094
15023 22678
18452 19247
6300 16619
20980 805
17073 25714
5560 22514
23632 19578
3861 22618
375 26683
20069 16101
9567 4077
16927 21904
8188 5433
14652 24772
14970 1832
3521 19048
18615 4865
1317 8889
10653 153
8342 315
8312 9279
25695 3404
6579 10325
26162 25493
21785 726
16128 14998
22066 9772
7572 27499
12529 20494
4469 7022
24939 4835
10489 2500
21290 24340
5766 19224
17591 4387
22693 15471
10893 17166
6754 4084
10820 25423
785 627
6664 1433
11569 9316
13567 7441
12981 5568
23266 26128
24829 17450
8666 25370
4121 25560
19395 1863
5243 14948
20678 22262
10753 24040
5744 12537
15969 3555
4085 18606
2257 2022
22969 5221
18984 26796
22650 10156
16443 27740
5323 2463
24914 6179
20957 3688
24057 26197
7390 24343
10455 16205
19641 12945
1566 13443
11920 16793
20036 25157
1343 6465
13686 14972
15993 25416
22372 13307
3359 9413
17806 9670
10994 7389
19329 18861
15418 23846
21399 17234
18881 6626
26208 19403
20449 16611
6963 2440
9834 6013
14040 19264
8291 22423
25780 11294
14834 27654
7540 15390
9175 7676
21745 10985
2157 17759
18046 27046
2999 19341
15078 23546
27291 23953
20686 15866
23551 4881
21316 1362
27175 11635
19548 13350
4901 19852
19877 26015
5572 12798
25992 9203
24924 16966
20700 25844
15157 16220
8863 16903
10021 14305
3079 24774
17450 25635
7664 17506
5565 20902
9995 18728
12008 10835
11868 24010
23590 8774
3749 21656
519 12590
18212 15561
2109 27056
15844 17835
854 6617
8490 5300
17553 1212
20830 8317
17825 18856
5779 27632
24844 25140
10445 17986
2112 16329
22072 16457
24258 5690
10732 23394
19373 17860
17114 798
19067 27760
6010 18968
20973 23801
15949 8524
22343 11476
7111 25856
22704 12326
18748 3640
11954 22039
11946 12018
5054 14651
20446 22306
11046 7528
16701 7808
23192 26403
10088 8145
12575 18256
11706 20272
12629 22211
96 6773
9982 762
777 18822
19270 9204
623 13587
25626 23770
14925 19626
20581 1733
6841 8814
21418 14704
8258 26820
27408 10489
5956 19320
18006 26400
11324 5075
9168 2906
5348 24606
11767 25156
1431 16640
17683 22718
14921 23671
18528 23948
14677 4527
21398 27360
1257 6932
10941 22400
14710 10972
13495 26910
21596 17336
26930 15293
10130 20970
19341 5113
14885 13898
4732 2553
8056 20135
4800 9920
4385 4647
22640 15764
10246 1654
2939 16870
10264 4678
27417 7493
6696 16706
680 27136
10658 5475
26052 26782
15384 15768
13303 16834
18258 25756
21285 2352
24724 17780
907 23190
6902 10878
10193 15172
22978 12281
18423 1367
27670 17671
9825 6396
5863 22989
23349 17056
3701 3393
21435 6905
16396 27482
19833 21770
26317 26151
6465 27744
23214 18989
22519 8939
20139 27761
12239 14824
6120 12864
16027 6971
20194 1525
5357 7599
3230 15828
15263 19800
24957 16426
7728 12038
1346 15002
4053 13083
10277 8563
9613 17218
1015 14053
12862 1304
14352 13006
18678 26420
9881 13740
6685 8953
2671 9962
10882 10894
5870 1084
3301 18232
11213 23038
19438 7318
23067 17954
13714 19645
13861 166
7754 7186
9595 7755
5975 15603
27221 19470
14199 14339
8745 685
15988 2014
4493 16700
16590 18181
18994 816
6638 3842
12690 10183
21990 9600
2962 21535
4299 16679
12327 4718
7151 24009
3055 14067
17535 14827
4221 23507
3136 8069
8880 14173
25551 7709
16107 2522
15983 3298
15360 1034
5644 12610
232 20660
683 12846
3828 16016
27538 718
1818 9343
6983 12529
17615 26768
19017 13715
11087 18685
20929 20946
26092 9444
23096 20522
2503 24988
5650 2568
15921 5535
19792 26592
14250 2501
6604 13877
9140 16295
2510 11592
13103 3999
6243 7272
25662 8505
10901 6674
7885 18971
22256 11739
26743 19004
22734 23284
7015 16071
8803 2377
26221 26225
11797 22458
16563 21054
3086 23000
14442 12771
13950 12280
6935 8410
10513 10084
15773 9311
21368 22701
1759 17257
6122 18263
14969 6425
2916 26481
1700 2425
22899 16624
7092 27628
18518 27455
14839 6757
18466 15892
12951 18623
5959 9853
13004 15591
25382 1777
15456 11395
27561 4409
26730 17473
25872 4735
9566 22349
2955 21659
15056 18461
6853 9434
8646 21087
11537 8352
14705 15111
20893 1376
12176 18398
12120 4979
11386 19741
5065 25327
2348 13239
8359 26138
25 11678
3336 24862
12876 20765
27248 19448
21180 4856
2636 694
6433 18483
5535 21709
8621 15671
22973 26194
655 1322
15975 4219
1918 7526
10192 2246
22422 20067
13260 2752
7415 21023
21806 27703
26717 19292
22351 4673
804 14506
24034 6670
1542 1926
26578 10821
2949 20815
15768 5505
4297 34
19873 4700
14200 15094
25999 5658
8882 7909
580 10176
15676 12553
629 16050
4242 19153
9031 12054
24960 12987
3327 25321
17155 19000
7135 26415
10309 20880
16519 24875
15006 13139
14088 17934
19762 15003
9876 8786
20567 17114
13207 17782
988 2842
6275 10677
23941 9300
17767 698
883 25353
16743 10428
16983 8565
13704 5604
104 14832
15196 8278
1652 25580
1607 6668
3995 27634
13692 26643
25355 10893
2020 5404
11705 1042
21530 3390
23399 3892
22117 2574
7495 26386
22488 11489
9273 18199
13855 21303
23685 5050
19742 4663
26117 13934
2695 7972
11194 9206
19213 14026
21085 16901
5169 975
6984 6153
14759 7164
5626 22299
170 23466
2307 3484
14690 2381
11745 23168
23215 11979
3429 2428
27719 1781
3108 8624
23539 10862
17809 20154
25499 20878
11352 25448
5118 22762
21127 24092
1174 23578
5998 19363
21008 24073
8037 5246
12229 23052
9628 6086
12825 11098
12850 508
15719 17239
18334 23318
27479 17883
12922 9617
15922 16363
368 6373
3787 25436
6880 10692
186 9338
12298 11951
8524 24093
3841 7356
14478 21719
5616 14793
175 12195
11011 11308
9380 22375
7625 22402
12735 1396
10894 26357
9966 22743
19500 8742
10675 5016
20421 20426
7774 2341
12007 4074
25903 6519
11941 18465
9786 18261
23488 9801
8047 19900
16847 6210
21405 24589
4728 22448
19005 25031
6888 12232
10563 27492
10140 10250
6303 7078
17671 13850
13883 13620
24234 11115
13681 2129
7261 1271
26626 14617
21250 18356
891 22731
14302 23564
10116 1295
14269 10702
21586 10309
11059 25217
16003 15108
779 16338
5595 8690
19325 8932
2987 27093
29 2581
11777 25935
15826 17329
15981 6642
26244 5036
27108 9557
7371 7973
3547 13876
4894 26243
17846 25735
6740 3865
16749 18970
17394 26894
13498 16193
7974 17400
4640 3088
25839 16175
26472 13961
8232 15599
26080 15461
3540 21072
277 24170
20124 26870
5153 17653
8893 20848
12809 14433
1164 21002
11808 24243
22897 1475
1204 15598
17880 15784
19564 15173
5702 27456
7172 5437
16459 21997
19950 16976
1269 4742
12407 19816
1621 18037
18118 26851
2543 23420
5601 27214
17869 6853
6381 3035
18387 13814
16040 18291
12919 23434
20424 12618
14238 18174
20695 1465
13062 7462
19455 2276
6839 8791
20435 20387
1286 7701
14712 18967
2581 11545
21124 4410
26203 13165
4321 6959
18261 23408
7430 4610
759 1210
1766 11940
22400 1690
757 19740
4144 8706
2905 20518
15247 26464
10270 3265
12802 3300
10910 23015
3945 13272
7171 4332
12390 18900
8669 26258
982 23577
23767 3131
20557 16461
23790 27390
23424 21408
16288 17855
2620 9024
22803 19138
22707 23778
14271 19716
12033 14751
18648 13759
8108 4031
8821 25190
16938 24154
18450 8313
13083 631
8457 10683
24082 12588
11929 24187
8371 19581
22891 4257
2464 15634
15481 23603
24173 6705
2322 8105
15483 17623
20906 23655
25440 17338
7389 4161
26022 15317
20534 25119
1414 14991
6227 19781
24020 8541
22032 20732
6084 16183
8516 22602
6954 23733
10399 24631
6722 19931
15563 7407
5747 5100
3683 21870
18745 16723
14877 20277
10809 18427
16740 657
2496 20777
26849 4446
8964 5943
5048 25793
21789 577
22695 15871
4344 367
11154 5556
7613 20326
4265 17316
2902 9242
11648 25668
22781 12814
27708 10936
185 2720
25800 21800
11943 25056
16048 7071
1888 24888
2713 9984
20714 12765
8026 22573
25649 3879
17838 22800
18206 13748
18577 4990
10615 2714
6370 1129
9515 23853
356 6059
12376 3901
8318 20789
10911 5993
4048 24559
22655 6291
2926 20003
21049 22204
24802 19211
1909 15546
21804 22509
8717 12321
16508 17383
8734 18517
15892 10078
19808 13921
15697 25789
7062 16551
14977 5262
13633 19283
6972 12070
9466 15696
2703 21692
15005 12936
8564 18766
1054 4275
3206 2060
5167 18214
7834 18033
5464 12627
7521 9558
7090 10932
12725 14605
16428 11163
25396 2119
1066 12436
18807 2401
4347 4556
6191 23122
102 18270
9199 23870
13418 3662
5820 8622
7888 4405
17228 25215
24646 1079
5869 19521
5596 21056
3161 2050
21982 20235
9405 1715
2243 15193
13371 24650
10667 2723
21379 25538
13034 24809
22442 5507
10390 26863
20020 16062
21909 17504
19555 26557
27424 9299
5172 14105
22595 18659
27683 3235
6633 24859
23384 14318
11900 5650
16108 17919
22791 19393
9865 24972
12549 1756
15746 21051
929 10856
15401 7652
23858 9808
13915 10145
8265 2372
13368 1983
19049 23054
6187 13245
6080 11699
8514 19551
19582 20049
24855 12213
23219 8501
18385 2975
23208 17116
13817 238
13724 13164
27443 6293
2857 2665
27368 8064
5597 6378
16471 27047
7494 21440
6388 17327
26901 27765
9643 14611
816 15393
11303 16858
3776 2690
22828 19538
10798 368
8272 11168
14826 19006
17789 14249
325 15052
6219 21591
10912 12189
5264 2699
1275 8861
23011 18966
12195 13602
9332 18016
22662 12157
23482 9250
12860 17023
25053 17802
4478 25701
12350 19949
179 6639
19647 4392
19124 6027
9649 16341
2094 8093
9801 24273
9094 18534
15518 15526
21930 2682
2071 3706
25185 26999
4513 26337
26875 19362
1107 9295
23274 8746
13691 23896
5177 3582
10268 20234
24899 23163
13744 3073
23601 18600
12890 21164
17779 15805
27367 3935
21680 24507
6183 24583
11850 21963
22232 7901
14888 12330
17004 10248
16088 7149
14492 14485
1929 27661
11529 706
26776 16997
2394 5020
9582 4887
17250 10638
19810 12999
21952 7659
9326 574
848 8670
4470 4044
22019 5312
24836 10008
26405 7480
17232 7761
3244 17190
9642 17349
20033 16055
14655 9685
3257 24145
12245 26078
17390 12266
24739 15368
5463 9760
1719 9552
21971 26991
13044 5850
20115 11068
8155 74
4477 6513
21865 23489
13755 22998
7146 11904
21394 24747
22526 7542
19757 24320
10603 21367
22540 18070
27442 13010
14123 19937
17876 11540
25632 1703
19979 11868
12463 5959
15370 23540
15170 2037
5325 7582
14231 25076
6290 15503
6526 14022
22566 8351
8123 15369
20635 9476
3916 2026
9439 7299
5994 9898
4196 5808
24168 20618
24828 21393
25945 15798
3702 537
27245 3167
14373 8087
522 11003
650 27588
20023 15106
4323 14509
15608 1007
20758 16442
20427 5841
7291 17723
16429 10142
25035 11812
5064 5906
15286 23517
4228 12090
8000 11408
17922 766
10468 19084
25986 4892
24010 8295
21485 4064
8572 7669
21502 5003
17406 6415
6277 303
3111 8984
4312 7645
3325 16350
9787 22524
18176 23675
4364 5984
24944 27615
20599 24044
18668 21996
3188 22559
4077 3530
21299 4092
27471 23027
14132 24105
1849 21817
21330 6499
19640 22101
4853 26780
25310 22412
10610 5213
24353 4187
26879 2730
15446 23749
26903 6140
12257 14881
24084 14601
18717 25113
8182 263
4885 17290
9472 28
16271 15441
15971 2704
24402 19075
9513 10319
6671 10698
18022 3910
10415 21174
21989 6384
16407 7482
23981 25575
9350 27695
4665 12045
16517 27082
9489 3089
13842 4854
10450 17961
22217 24783
7669 14095
23257 20587
9255 26700
11505 7335
17483 9794
23261 27117
14976 13144
1745 22520
18585 2924
6566 7546
24054 12735
2073 71
21227 20901
11500 7564
16831 22636
9408 24053
16920 7189
18673 1536
18093 6359
1134 4805
8593 2365
18634 2643
771 22471
13437 14819
12090 17328
26146 2292
26500 11527
7757 17730
3657 16019
14770 7322
2760 19700
6652 21674
16989 26978
14218 24565
3764 3450
162 16767
13467 14186
1757 19638
942 8029
21857 18760
19779 16552
27255 15210
18982 1872
27229 24935
20317 17735
18234 22120
9528 1169
13879 13265
17112 5429
6321 25760
6193 23908
27061 2592
11448 18280
3109 13788
20172 13806
27728 20478
25320 7854
9701 2195
22424 16406
11750 23183
5812 5043
8388 779
15700 23684
10062 11101
23106 6526
7189 1161
8076 11432
3123 19725
5432 16166
16627 8872
3194 5765
645 21476
15845 16802
4170 2010
22220 20905
23181 18731
2818 17272
8333 22052
19563 22363
68 10235
15344 22239
13363 14273
2067 25303
13779 21600
2873 19976
12635 1208
7402 25721
20941 18794
17448 7753
18565 20004
10382 5056
9516 3330
25896 17490
2037 18147
12768 15136
9048 6549
16782 25029
21417 9643
18879 7377
23510 19227
26657 1657
6892 19885
12652 21217
2422 4462
7142 6482
1891 22586
19780 4774
14565 24168
23476 6835
4750 14465
3460 2518
13065 8367
17974 3713
7129 3400
24742 835
7183 7941
6491 7047
5230 21079
12763 11451
4655 19624
754 12250
27167 12804
19003 8186
17235 15033
13844 12358
21501 21875
26115 8148
25335 24878
10979 21096
6543 2247
18599 15920
241 4364
26296 2989
24070 3642
15348 15932
16350 17006
4872 19485
26046 19652
8688 3789
7908 2175
25358 21721
21065 14151
12975 22087
2641 22261
10530 3490
27064 4299
16869 23522
6455 17222
11555 25365
18356 27742
10159 7593
9586 25592
7377 14097
9710 7255
25018 6827
19637 14420
17991 8730
15599 6890
24938 21414
17569 346
18686 22593
10126 8672
25214 21311
27497 6653
18100 25939
16304 26831
27100 6417
27096 24681
19340 16716
20062 25771
17420 7049
5787 26497
20535 18758
2466 16327
6434 15732
13956 21086
8454 3873
21651 17375
11503 20200
8392 10173
2311 26694
10303 16656
13247 9963
21346 4833
16265 18203
27313 2794
22742 26213
10442 22243
577 23216
3564 19370
2609 20410
14166 3133
1722 8336
5756 12271
15106 3319
5549 15877
16583 11689
13438 16939
12563 5861
6369 27629
20732 26747
25101 4139
22538 26397
9744 19018
12403 11190
16463 397
20776 1765
3850 17223
24567 14498
24527 647
5404 22908
12846 24415
10857 15190
2375 9738
14071 15612
24619 5150
11818 6130
14353 26380
679 6476
13629 3190
16370 15765
24549 2062
24668 10729
10381 17326
22070 12262
16510 8439
22247 10206
12003 7416
15895 21911
13968 6452
20337 18711
16562 15525
18614 11284
4403 25584
10339 20068
5758 12143
10108 18610
2454 15449
7898 23623
17167 2077
5383 25121
12500 17342
9531 11911
23473 18208
6131 25198
1496 19686
11840 8691
1562 9824
3490 10496
16544 10399
6873 24719
424 27326
21183 2265
8664 24129
19929 27746
9671 14038
11028 17103
23925 11615
7910 27572
12138 16414
13880 23464
3864 25640
1738 11180
8365 11852
5340 12044
23571 27107
4574 14202
16325 24157
5854 25380
22317 6226
9269 10807
18475 19277
3535 12536
20898 1856
14172 11738
1467 2676
10858 24518
8 12166
23311 8966
13439 18136
12708 21066
7648 3260
3824 4503
6609 15392
27426 18708
3494 2145
5078 1473
8517 17526
8982 8911
6680 23759
16912 20788
10083 25653
16559 4916
26449 1458
18015 23679
12649 6931
26340 19240
21103 8977
4592 16353
5119 24035
18864 5273
24196 2360
7782 9357
8903 22794
2465 9676
1235 22994
22199 5456
3259 10745
21827 22162
9222 4109
8252 10633
12488 24218
9458 3672
18644 17061
5443 2888
12470 27289
9861 4698
2441 24860
26263 26140
2300 6563
2362 525
18279 20141
3651 8521
25062 2410
20923 20394
19631 10954
8367 20175
9310 17035
4562 13773
7267 21629
23269 9149
23103 4264
24540 25859
1425 20307
23643 22932
17868 8415
5185 18275
3528 2962
21884 4224
15825 23016
21497 1093
12512 11748
1608 25772
6822 10701
1495 15028
3267 15522
26714 24186
5546 9439
284 27346
1838 22359
18710 13027
6001 26433
25327 13983
10644 4885
27641 16718
21454 27459
24097 14141
24907 15923
11933 25134
6368 25283
392 11491
9177 5427
15834 20137
14902 7311
19357 5827
4484 14721
1548 10007
22771 9592
12340 783
5731 16231
16803 14985
16033 18696
2279 16452
2424 10928
6937 25767
4411 4279
15231 13424
439 3988
24361 16651
9525 10214
4797 14838
25952 17256
22080 19830
2907 4055
7689 13662
1576 18625
1671 8504
24016 18613
14020 26732
5447 15506
13798 5053
2042 2236
2330 12809
15590 8044
23675 12049
17103 10353
26065 20163
15266 10983
3762 20455
24843 7644
23118 4630
23880 14122
25387 26983
21606 15209
12173 19416
4203 9395
7733 1378
13636 20548
14246 19256
21253 4676
17766 11106
18785 18297
1692 26620
19082 10937
7850 877
7058 12891
3013 9971
6565 26890
8222 22885
3269 1670
19534 7823
17917 22092
4415 6972
23694 9307
20292 23777
11007 13840
12247 6585
15611 23179
3450 5384
25201 4341
7626 23617
8086 12548
11225 16484
2319 284
25291 2632
21578 12760
18377 24683
3483 6963
18480 27750
18738 18333
13648 7992
21706 3071
12556 7055
26442 8680
4370 24912
8777 24568
12262 11709
12283 5834
10684 20710
833 25224
19657 9704
2793 2809
9455 8840
752 4582
18358 10433
11109 13794
795 27180
24881 26706
7237 23911
22945 7700
1825 20739
3116 23638
14699 16972
22541 17570
22889 7541
5698 10939
1331 18175
9697 20798
22136 13031
8907 21473
19473 15168
5755 3297
3051 7962
17389 9987
5717 18460
8223 20182
20853 21011
24103 19347
7535 4172
6220 9286
12418 24833
7976 14834
26488 23158
625 18539
16636 9868
194 6996
6890 4653
219 22649
8589 13264
9696 4633
13139 17465
16833 10998
23171 2289
14008 19164
11783 5754
16820 12383
13720 25195
7093 11681
23891 21061
4639 10945
2043 17541
14580 1027
24269 14754
8513 16838
21489 27229
16752 4623
23707 27127
1262 26967
27054 2141
24086 21883
20129 13780
19740 208
26435 16471
27199 19070
13939 22129
27095 21313
26249 26410
16797 21068
21940 389
5989 19259
5816 1466
17254 22474
23329 854
10733 8769
2992 25329
4727 18185
18526 21419
360 16734
16060 9894
19221 6030
249 6022
22559 27410
25110 6252
8905 1533
2482 13078
12712 7127
19875 488
13269 8118
13249 16863
20568 18158
18548 4309
15080 11697
8481 26027
8061 27711
20612 14959
27763 23570
1923 4101
23618 25901
7845 18546
22624 3560
9791 26925
16136 19123
6403 23304
2943 3311
2120 2787
11253 1020
15823 588
23976 16177
2171 16446
3432 12203
24908 13860
15296 18064
23498 150
15009 8660
6503 21562
10208 22754
22931 24468
15772 6550
13665 8433
25195 2958
4610 18700
19515 9029
26927 1253
10938 27571
15539 21717
17592 5798
19891 16957
1622 928
19393 24920
10101 9247
3631 15825
26747 22917
4873 20033
7529 23609
25138 9582
25980 18076
8131 23731
16814 11895
1850 25053
4109 6490
22056 24431
13630 24219
26078 4842
5494 13950
25372 24488
16853 15791
18515 7834
22287 21518
1694 7796
20897 15836
2295 12729
2677 15487
8480 2666
11620 22556
12068 16745
16309 18343
4997 6011
22282 21564
22626 26034
18181 18277
21181 9737
20430 8165
6608 21047
7481 27307
2306 2182
24769 1067
17070 8506
2320 10599
18621 18508
1573 544
24482 19210
21642 18210
25623 13386
2842 14533
27713 13238
18393 16364
5729 15683
26850 12287
25405 14229
9243 21039
8441 5538
19129 20260
19969 18421
5250 15292
8532 11326
20565 26118
4122 18471
3169 10340
6118 6416
7859 5017
13992 12764
701 6637
3309 5291
12049 1292
19703 1721
796 26657
20302 21582
14182 15181
8379 3234
3638 20178
20784 20922
14402 19592
13565 5002
12773 5105
5890 2710
8409 15109
9429 11587
24940 18907
3777 10779
9981 8174
2550 22116
11991 25577
7248 21401
21735 10350
9518 23230
26821 1950
2570 12299
12827 1584
14951 4532
15499 7314
8194 18302
6208 2790
24241 18550
22353 3246
8436 23712
14488 6913
4169 6281
9179 26838
26668 16160
8629 23113
24443 3993
3162 16187
5632 10846
4962 21269
24200 12905
19658 27191
19412 9573
24091 5298
12979 1166
6934 18666
12698 17831
6545 26591
17587 27460
15601 20925
10017 1770
18042 8133
26187 14212
1483 18407
24037 15569
16220 8293
12137 18951
746 11330
23562 20081
9415 11750
6217 1128
8767 15590
16287 25402
1914 6389
23813 16095
16723 26449
22305 26928
10802 7223
17413 23968
8405 7890
26637 12361
12607 21479
296 20189
13086 3509
15230 9313
9885 17395
4329 23010
24024 23019
20915 21716
14276 2176
14472 27483
84 24455
216 19074
16501 4351
11088 13301
22536 22725
4867 26913
6336 23967
22769 5159
648 26389
2369 4045
6656 12740
3771 11357
18472 732
21988 27753
8846 2642
2202 19027
13121 13224
15061 1181
4584 27255
17542 27506
25585 17140
17558 423
1216 26805
15205 22695
13067 24501
4194 246
12591 15196
6363 5887
2198 8210
3906 9452
12337 24144
7301 11964
19167 20013
22374 19994
5342 18391
4752 6426
601 25124
21996 26644
17419 16727
23651 23191
24655 12337
2019 4060
22109 11544
732 7859
4915 22164
4826 16906
27305 11604
21900 5170
19265 15082
12290 8418
5097 14031
8570 19294
8323 20712
6548 7052
21838 6187
11254 21598
20325 849
9067 940
19770 20203
19256 10149
13867 13827
20644 23186
2269 24945
22222 11069
11211 16950
22656 27018
20533 21639
15153 17777
14245 11439
6970 15760
3022 1646
15640 11349
283 8822
9541 24725
8942 4418
5958 9791
17107 12794
19328 6034
13195 25203
23808 17518
12624 25706
5011 4660
4621 12222
1555 12089
20962 660
6108 7340
22571 13787
493 1874
20536 9458
8482 18803
3341 16795
7770 11942
2528 9181
17219 19110
2170 13648
7173 20084
26083 15915
16148 4032
23276 14761
22555 23287
13742 6288
355 13055
2304 23265
14093 24751
16445 13702
1450 27647
25128 25682
6324 11652
9670 9618
23684 10398
2251 2115
7567 26840
11269 23136
18413 23074
18627 19607
14360 16855
15790 17371
1815 13606
13613 7908
18517 26946
9379 12306
8862 13913
19369 16856
3569 4050
14475 2747
20919 19663
17351 13881
4002 26141
25453 14787
13094 15462
6713 5103
6028 391
25326 3496
9171 24805
13455 25344
20130 15681
16956 4386
5752 4989
18885 10181
13898 12990
3671 6590
26795 7953
19626 20102
19002 25071
22225 23380
4927 8775
23823 11071
12325 2675
14729 19478
25273 17085
1627 4964
13011 15722
6242 21948
17280 6356
25072 3875
4924 20158
13716 18313
4749 22149
1316 20393
2313 27325
16084 23872
13600 13360
8044 20030
3261 19956
19948 2604
23064 23932
5935 11358
2617 25754
22007 3245
17511 15316
518 18098
19908 12014
14960 9154
16706 16774
26898 27454
12852 7556
12055 27508
19829 21496
24515 9121
27429 23271
12820 3851
6624 19528
17233 4720
26759 26281
9723 18221
4245 18492
23211 710
1744 3904
8231 5787
15376 12473
9666 27732
24224 7759
600 1387
13215 14220
26842 23276
8366 22503
27191 25192
18239 25853
18091 24260
23978 5283
21099 20468
21423 21098
17797 22163
17381 18879
6761 23888
7354 5884
3193 2585
16806 24600
15386 913
26957 23417
447 447
23021 13429
14167 2496
22510 22785
7677 18413
15674 26553
15878 13836
20755 14729
3420 4860
22395 10154
15282 16425
15521 27652
20671 8131
23659 19591
6094 12064
26528 11407
4134 14316
20546 23353
10650 16952
12113 19704
12200 1940
26596 10328
16978 9897
23048 3137
25582 1501
11606 3179
23777 19517
3752 10344
6588 6031
9178 9128
3853 25281
15109 25861
17302 216
22549 18315
16829 1612
15219 1789
4274 24148
1318 19509
14145 18919
8657 21343
25845 11425
13758 4730
6989 20408
13231 21224
4320 6541
12855 26192
3129 5270
5080 24597
10791 22115
14636 23393
3358 3345
3879 23024
24073 11685
5034 17088
27507 15962
24856 949
23357 22481
12534 1130
21236 16918
19299 10379
7736 4184
19411 12392
3428 7498
1730 8931
1667 9361
19936 8853
7235 14222
19234 16372
23397 9895
7309 25730
11697 12810
10187 22768
23113 15904
7674 19660
1024 2734
6676 22396
20441 20981
23186 25175
23942 9792
5235 15400
20314 9887
13041 3100
19487 13609
27413 8444
17488 10153
8337 9975
11576 25480
17686 17212
27637 11433
14156 10565
3857 7993
5356 24735
5621 15004
11502 8527
11146 1699
5449 15204
24056 14086
13131 12218
13489 6139
6694 1012
1088 7103
3579 461
20707 18834
21122 25205
19816 20050
25628 21428
3969 13463
11764 12221
26924 2017
21976 3155
20476 25896
20779 21892
4945 18990
5205 1503
26750 11921
13199 24524
20702 15644
9685 22587
18492 5408
22382 21735
3074 6432
728 25115
23182 17786
3070 11203
16792 22805
23487 23587
3866 13512
21833 8273
14443 10948
19789 21962
22003 7018
12751 15184
3227 16061
17166 3767
16488 4324
13355 20384
27077 18087
21281 15141
5305 16909
27265 12571
9047 15373
15453 15741
16610 4247
5906 1952
21355 4982
8402 24099
14583 27353
3248 21994
21302 800
2613 11133
13840 5866
25186 19325
16923 1446
11720 23427
1163 7185
18281 5607
434 5209
6498 27070
21774 1421
11128 8096
17246 6468
22819 26998
18838 9487
4288 19524
24460 615
11563 2685
9609 439
9017 21426
5481 11638
26496 4214
12541 27564
8224 517
2411 21702
14426 23633
11597 3834
9117 6124
2474 8589
26225 17369
442 24278
4989 17544
23763 18013
6232 5111
24602 17307
25890 5665
14047 110
7039 18195
923 20232
9434 25806
1770 11590
7052 21030
6137 19415
9193 22537
23288 24279
6307 12353
15342 17588
7315 20358
13275 22301
11574 3877
3647 7500
5804 6613
4969 10992
6662 13439
6907 2065
13856 20790
12079 20228
16252 8476
15896 3678
366 15974
23932 15937
19222 11537
13497 27603
323 2165
6975 17577
26315 13697
24412 27105
20308 17983
3271 6790
18832 25216
18157 23514
7778 17536
21026 17743
13703 22041
15559 3587
7471 21113
16839 15030
10269 373
1945 5510
26355 14490
15959 686
24099 5917
11094 4094
195 8993
18978 5005
23681 11741
25057 21169
490 13039
15606 1902
18017 25819
1817 13116
27290 24484
4410 20506
22960 13318
9435 4991
8824 10097
7030 26567
7804 26755
7087 26846
2162 1967
20366 23449
2751 11958
17702 11601
16864 12238
8598 23020
26273 19514
15273 20885
16486 30
19805 26304
15704 21772
7642 22500
24488 5521
18767 2571
15436 23634
24094 5415
1876 13592
10639 25838
12110 15604
3830 18316
20158 11981
20270 1184
16432 18773
8817 467
12227 19862
5970 5526
7219 17663
24013 4038
23291 3008
12905 14557
3947 22293
17332 14870
15295 7940
26722 14101
9841 16354
7396 22702
12175 6119
18953 23478
5298 18281
17540 2424
15501 11429
27348 18761
2552 4773
4817 24071
6540 3982
16546 25294
18845 16334
7438 26835
17970 20607
1868 1485
14080 8745
1688 14039
17824 20695
452 1143
4416 3004
1350 23385
6395 26009
16677 19710
20471 14428
7392 19180
23776 12912
12968 27447
25932 22504
9451 16836
16812 4016
7295 19309
23327 13947
21448 24536
23099 8470
22360 26961
10082 17083
12263 18853
22235 249
17314 21681
16435 20248
18665 7254
6958 4117
10404 20348
22586 18713
819 17772
1823 16674
789 9892
3107 910
7332 18884
13900 7474
23687 15958
622 27315
13001 25242
20481 12634
18244 25889
13257 22976
4591 22675
20888 2873
10387 10944
11795 24355
11272 20452
15919 26021
1152 2314
7986 23918
22044 19596
7269 7626
20106 8803
18687 7751
4363 8950
27465 10051
7872 17852
11293 18608
8169 15152
16468 6512
5575 8357
26814 7200
3047 25878
4739 19971
11839 11093
19906 6985
26846 10104
21669 21131
8238 3742
7650 5389
22077 3685
17321 8144
9561 24307
11054 21534
25446 9388
26007 4571
15817 2461
21966 403
1480 20218
17821 11983
3354 2717
13191 8331
2072 26843
14927 14166
6796 3012
2021 26149
19802 10066
12280 8435
14398 13917
21807 24406
8600 26981
5618 23294
12720 26056
26948 22610
6501 8973
13599 12851
443 23187
11329 26047
21112 22804
3342 27527
2627 1198
14107 20466
17143 12131
20932 10289
23345 9348
25793 21514
18499 15429
6739 13681
24928 9549
21369 11771
16190 20665
5722 21821
90 21124
19072 8103
14534 7404
26977 10338
8512 11445
340 19731
27620 4396
21817 7843
6416 15341
26953 6961
3384 21979
22158 27446
22459 7242
3660 6393
18844 14619
18651 15776
22761 17437
11385 9405
11816 7848
18139 401
3149 17902
4420 6243
4552 608
18768 9028
24336 19140
19075 18389
24065 9207
20748 7897
3825 13316
5518 10461
14412 504
23454 22110
26254 13420
1922 18341
12542 11819
23105 24054
12455 4993
27111 18173
21011 15058
3650 5297
6167 24562
11328 1820
21182 27004
25252 523
2212 7131
55 25258
20847 1117
25448 26330
15194 14986
16341 9890
3751 21869
23615 18473
16045 5138
21244 17555
22699 4091
21750 14462
2325 14663
19073 8698
4632 1310
21348 11514
2600 20420
20221 5739
27536 23227
12248 21356
20164 14805
27494 879
20555 10924
8974 20363
7651 21271
8036 2693
3466 25122
1093 16111
15786 19568
21094 4029
1718 17471
10497 927
1927 8220
3604 21430
12314 23624
3622 6155
14603 680
24071 19572
13258 2739
21583 9193
14914 13603
8987 13274
19447 2263
16493 23559
18360 7257
11053 15905
9683 14955
7602 2725
3281 8340
17837 10919
10580 26313
19362 27653
20622 7802
20711 9790
3679 10800
6297 25695
10328 26170
23725 12292
5208 21658
25707 6033
20118 1437
11333 18320
17495 23880
16641 12065
18215 7096
8427 26417
17746 3841
6969 8549
25075 12369
3382 10451
6571 21707
22990 14382
306 14830
7896 25741
7474 14496
8240 22750
3890 19477
21478 14752
15945 4420
15733 27516
16222 11572
12052 7446
2188 13938
12019 23973
17614 24209
4858 6329
23785 11027
5800 8002
2488 6495
21264 1583
26781 15658
17755 13713
26840 17300
20525 6901
1146 3558
22824 22048
1061 26536
23197 22639
19765 18354
18693 21538
9812 20156
8670 17980
11289 1686
15876 14169
18706 20205
25671 7502
12269 10102
10215 8535
22746 8739
23915 14356
21902 19439
15244 6000
5809 11775
19749 7560
23695 4295
18325 6710
6741 3325
18159 5662
13245 2232
27557 3689
4355 3627
17618 12587
20817 12188
12422 12806
13860 7364
8648 4362
2622 14388
15745 2828
16320 16315
5473 2397
12159 13060
10470 818
3620 7210
16087 26292
951 6565
13322 25798
6484 551
24326 41
2272 2972
27673 11986
26205 24020
5875 15299
11461 22778
11006 19390
8859 1001
6021 26833
7080 13129
22438 27583
250 24477
7643 27316
11348 27706
7064 7572
4669 5378
4316 9015
19748 8945
15448 26749
17343 25254
25332 23375
8692 15761
23009 26739
24376 5918
3314 12341
23599 20843
13535 25035
12713 8262
11380 20492
13087 11531
26069 2476
22599 23026
26719 23607
25744 17054
14098 1981
1349 13628
20445 17884
5724 8008
5997 20086
18357 3096
21603 26880
3442 1273
17116 1246
5161 1539
18581 21643
9044 15950
6380 27607
22068 11464
17339 8277
7370 20457
10096 26182
21888 14367
9930 21976
2156 3795
13432 24773
16075 9796
13929 3225
16090 26939
2398 5590
25957 3036
11654 23153
18860 472
3999 11518
21898 11280
25338 9774
15828 342
15761 18800
6998 5742
1411 25268
16916 20210
6709 7501
15191 18660
12251 6764
18899 20467
16764 15300
20925 12719
14303 5676
23020 25805
4897 8146
19287 27591
11527 15252
11267 18672
7634 13341
11392 14240
9303 9101
18924 17379
17005 13191
25074 27308
21844 22937
5157 17779
18044 20488
8523 9919
1208 4758
10254 23080
21217 24302
5864 9527
1584 7947
14936 10211
18477 24036
11000 4895
27082 19503
10334 632
26552 21097
11338 6607
18551 9414
11824 2260
5425 22606
25692 15346
16558 21742
15389 27198
27365 22607
15956 11009
17268 26269
3145 11762
23998 11222
9150 7259
12583 6175
26897 271
9639 9035
18021 17722
7262 14113
17624 1624
4520 5588
10710 20388
1640 19583
12446 5504
6996 5547
17380 18847
27101 4246
7758 10170
14508 5612
2614 5718
7792 5807
8813 17532
1383 6020
19013 609
12319 25483
5141 18678
24111 12907
26397 14458
21429 22841
15586 19307
22835 17511
26979 5323
8031 11261
7465 20635
10458 23901
25777 518
2781 1301
14700 18376
19578 26723
20297 664
9721 14540
18446 9864
20214 11435
15811 5293
22227 10474
5614 25247
17652 13396
26450 11663
3785 24222
23170 21471
2471 5122
2175 11334
1334 17672
11281 5455
3799 11970
21887 12212
11064 12598
9764 2952
25916 21352
3747 15613
13496 8390
9644 22913
7104 6813
6318 26422
4663 20554
8503 24849
23155 22452
13271 5294
20242 21706
22091 2839
18317 18328
3753 5287
23201 6138
9112 11875
25719 8937
12404 2151
1900 24828
5697 19589
15045 5832
1869 24169
23209 24611
2314 24648
25147 25102
10841 2997
6240 3522
17563 2179
21681 18151
8631 1351
18776 18673
2542 12969
17676 11490
9918 6372
1191 1854
11665 18843
18371 24006
18897 9274
10349 4789
19541 21824
21705 1517
10676 11310
24050 5217
21297 914
2144 15241
13960 4566
26734 10500
20498 12083
11139 21029
12716 12672
26464 23077
10734 4006
15769 14029
7286 13193
16542 21686
8610 12790
12983 15147
23074 19346
10585 12519
19012 12917
4117 11437
2988 7610
8251 14786
1206 290
13370 4607
3023 22842
18255 4185
239 13871
8067 23254
19834 22068
16232 23916
14173 12998
19467 25566
22319 14698
3457 4539
21691 3116
2363 17397
27548 993
20121 5275
4681 26193
7673 23589
9620 9681
13390 12245
24306 21192
22313 4743
16085 6402
23882 9084
7970 18795
2155 18192
17927 11791
23529 25348
18160 12825
23320 11974
586 17824
17694 15061
1505 3745
20961 25848
3391 23419
24845 14177
4413 26360
10420 10121
9366 22425
20456 7524
13523 12091
13487 21788
8014 9596
7892 3163
21644 2681
26932 20586
27397 26943
25487 11167
26215 18286
26980 14198
12859 14512
2658 16797
22042 7232
11475 2524
24342 25161
1886 20092
13911 24066
16310 3494
13582 20837
862 4065
7586 1371
13208 27495
16057 27589
14462 18403
9902 4613
1114 13438
23917 26020
20552 18367
14650 11301
17409 11345
20238 9928
20704 9036
17778 16005
2252 19604
1670 15899
9623 21461
501 4403
10596 2079
15206 24502
24347 13548
2727 2616
19429 14349
1484 22898
20154 11706
5974 9164
24671 25145
17848 17108
319 26866
8604 7148
1811 4976
4103 16703
20647 27518
18299 1248
5295 10302
3219 16440
22826 4909
4488 19646
17857 6847
3072 4770
9965 17937
13285 10479
6247 7130
16007 17627
16086 1809
6246 6400
1159 2636
11684 8009
8384 25966
10617 3682
21941 24029
7516 12815
18701 22779
18801 785
23928 21268
22509 16826
23076 25616
25303 10332
20879 3639
23370 4412
13579 2813
14035 15389
8981 6272
12511 6678
22512 11658
3060 7778
1366 22181
17101 22694
15001 17938
2610 4905
16747 19352
3974 26539
24062 18430
20499 25770
8948 14906
511 26897
16713 8938
9432 8789
14122 26784
20412 11561
6404 1861
353 16559
19663 24195
18957 25763
23886 2506
14244 16772
11491 8282
20177 8961
18892 19474
21660 13086
11508 15272
2516 25449
11127 3458
13212 6337
14212 2262
7830 8039
8397 15710
19646 1994
15440 3888
11056 23275
13519 11631
19407 5182
14949 4049
1406 21793
19396 11482
2107 14774
6771 7600
1519 14945
3773 3971
18707 1495
8950 14242
8068 1716
23547 26693
1240 9461
11879 1006
27625 22344
18836 22808
17968 11727
13609 1352
18796 4551
24323 20996
21030 7672
16278 9906
12421 15144
8474 8214
12604 18908
10348 21498
17424 9420
11755 10184
22994 13966
13715 26822
24792 21947
9616 10784
5240 22608
23911 20339
15421 5770
19332 6165
14778 13286
14203 20558
25638 3895
20114 22078
3294 8737
11210 15257
4001 15903
6575 19886
20588 14250
15629 26785
17895 6906
27276 10558
13073 23740
1261 10480
22311 12405
13270 8762
10403 10913
22670 9145
20155 8084
9365 17997
12746 4999
23421 20439
10853 11746
26746 24351
10412 21238
24535 16010
19111 213
24202 21796
8193 4847
24127 11169
2053 1840
20673 9586
9307 5110
22832 11595
18464 20690
12865 17984
8843 20367
12092 13682
21155 23277
12474 12615
18635 13303
17093 21499
4886 7133
15923 24265
16679 3266
3035 4401
1026 6787
14146 833
16871 10529
14112 25443
26548 17365
20870 13637
8784 3615
2567 9872
3056 26594
15798 25366
2742 18209
18133 6591
9023 15398
8225 13464
25615 5851
13395 27384
4975 2173
5152 12033
1979 17654
22705 19634
22728 25601
22805 7811
11205 7487
9557 11360
9928 27084
12848 24296
909 26507
17426 14287
7075 25298
3397 27268
9675 18342
22646 3142
2220 16567
12878 5817
7053 24283
7157 17314
6412 10502
10521 2330
7842 2806
10690 10641
9396 25998
13687 6911
2105 3941
23448 17932
9824 10193
17069 22151
593 6409
14099 5824
20856 24744
2417 18874
20439 17174
10823 12342
15333 22127
14163 6680
15510 22605
17541 18066
24438 9012
24214 2956
17871 11526
6544 7421
20937 20089
23369 6046
836 22558
23400 19664
15408 15006
10498 26351
18971 104
14831 15721
19820 25373
13356 24872
22537 4776
22455 1313
2381 22809
24896 24813
13577 25940
4399 20743
16617 23728
22081 25766
3552 20935
22063 2713
13910 25662
11343 25768
3276 2737
3080 1974
2724 22689
11118 5072
1393 15724
5639 15452
17358 4268
18170 18995
15397 6561
2225 2823
6829 20724
4711 15703
4620 20616
11912 15666
4209 26405
21685 19444
16419 10561
20410 23757
25521 6441
6272 26545
27556 12981
11633 8387
12093 20715
12610 4377
7839 2178
25398 5513
16560 27204
13512 20372
16540 12277
18640 24649
13302 1442
8221 8426
19337 22169
8253 582
4759 22061
19089 20119
4065 8425
1834 5370
11085 23548
23520 20728
7221 9933
10094 8827
4055 25827
21229 26283
9069 7748
16484 18739
3514 6707
18200 9365
21915 16086
17810 18368
18055 4063
7619 16252
18607 729
16347 21247
6044 25546
2936 8677
21301 6852
26529 6667
17531 3629
20094 4314
3541 7466
3037 14558
15382 24590
1276 22736
9189 23207
3896 4754
6904 589
14658 6725
26565 13614
14263 24770
6752 27235
11916 12181
14515 1935
4356 25860
18143 16491
14975 9022
16877 7349
25378 19687
2805 27118
21143 3709
23123 14828
22015 19457
3819 10547
14342 22770
19512 26181
12362 11342
14470 25243
10151 6545
12969 14903
2630 23139
6809 1819
1464 18290
27594 6769
26855 1510
8422 23705
10504 22523
23820 19779
14055 1609
18322 10043
23445 16545
924 18578
2189 521
21113 12666
15836 17505
9345 2336
10737 9567
18066 16843
12385 5764
9836 27312
15984 14098
18930 3053
14128 14724
13453 26763
13375 15010
8012 4968
26448 356
27613 20294
10886 11251
7427 26885
5428 16725
24572 1031
22346 3516
3755 21720
27131 23653
16939 22952
26260 23172
22508 24560
10089 23906
15385 14916
17666 13796
205 16562
24492 1860
14556 14451
25538 5269
22979 11992
6525 16857
8883 10600
18106 2696
1214 6671
23900 22753
103 18167
17039 24458
1919 10234
11108 5463
25965 22250
23611 24162
8509 27522
23063 6363
25513 17147
7138 6891
17928 12237
16461 19635
12964 19751
16629 17241
21805 26057
23318 25040
13545 25346
11770 13978
22087 12881
12736 16675
4563 24881
5178 8480
16394 6729
24121 18863
978 12459
27412 12908
25532 7584
25161 18607
17062 10877
17571 27359
13884 3740
11760 23214
7218 875
23297 23553
24167 19639
14288 4829
3417 25375
13182 22967
18368 22146
22666 13156
19934 24324
20965 19482
12154 12676
13243 16877
25564 25677
11483 15327
14550 2238
6117 6382
23743 12433
18856 13894
14701 25362
10409 4569
1447 27504
15082 14276
22267 26252
13889 7087
19092 25882
5377 24436
8216 3651
21698 20521
15706 18269
9320 19824
11883 25583
19300 6690
25938 24566
4013 20185
10460 25188
18153 20338
3963 11560
3517 6327
18827 1908
7508 25788
11595 3058
15914 13820
13406 1021
23689 1998
4236 7358
8943 19608
22616 3177
3321 2033
3082 12263
2689 26858
10466 26613
10145 11562
5462 20917
27706 16493
26768 19331
1244 6578
26683 16216
26633 2645
16826 25986
1926 8770
21022 1450
8230 27064
19946 77
17976 18486
15688 18044
17606 4696
18789 12002
10295 23354
8571 4317
15525 7406
15444 25725
3117 18510
4871 12261
9814 2728
11957 16529
22405 25352
10598 26757
27456 23722
19356 16132
1478 187
22694 12059
13736 17374
24468 10251
15653 26772
7967 15645
26320 3964
965 27143
20883 6313
4195 17631
21636 15151
13697 14723
8184 12370
15331 4382
8198 3106
13137 8160
26813 21832
12025 14878
5113 6580
11326 15475
22371 1700
15454 16081
12984 21432
4277 9115
20044 11402
23645 2800
5186 19507
11689 296
20011 10329
7466 12901
17753 17270
10778 16776
5417 22098
26788 3315
14082 24102
11727 14224
1439 14050
6212 4333
4898 3182
14703 7561
6706 16287
15188 25615
2100 17181
7464 21780
9585 25898
15900 1986
1465 27242
17645 10463
13750 27239
7600 5394
23783 26886
8961 10024
24067 2331
1218 24738
9279 5451
8573 11765
24052 1064
1252 19978
2176 13110
13066 13280
18500 26758
27766 15324
2209 2861
5924 27631
4532 23704
16352 8204
10487 21881
17831 21045
22361 24347
25040 12492
13685 10140
11119 17800
9912 2605
4328 13767
25246 22290
10701 7145
20649 12522
6079 3567
21120 17358
19061 25008
3103 89
1967 769
6092 14782
17527 26126
17182 19082
25883 7667
307 13635
23243 7718
3328 4648
17045 22570
17139 13328
21391 5641
23698 20768
9313 6760
14654 4879
8297 3510
26421 12008
25030 1365
25541 3676
22808 3698
3303 17912
6198 22981
2408 15422
23440 25676
818 4281
6769 17996
4184 1905
4986 18405
8207 24152
11450 12667
12590 23355
26246 13544
22466 22795
24484 15478
1833 4127
289 8032
27117 26718
1418 6047
23545 12914
12774 10854
4505 18504
8945 10710
14204 4040
1558 17625
10962 20029
6736 17582
14011 5820
10582 15576
12785 22697
17916 21415
1605 10690
3903 655
14739 12177
26506 13035
17811 2589
16032 15802
3183 2069
6589 11805
13789 13608
13146 2180
20431 4043
5050 20104
16770 22379
26378 14418
20229 10851
1696 23666
20889 11156
12724 26074
5326 14478
17574 24393
11003 6132
15584 2297
6945 24133
9288 4868
18781 7921
3685 6740
15752 3211
13263 19193
11945 7031
21765 18923
9496 3157
6113 25010
6806 21281
23072 20714
575 1316
5057 9786
7697 25673
10956 7209
4026 27114
7188 23111
15710 22336
20737 27726
18308 11533
16602 5198
1781 1360
5704 7114
12959 10669
8718 23717
19376 22657
10838 10276
18132 11058
4361 19878
14761 20944
4073 4021
11084 19922
15512 19934
14743 27323
20470 24299
15848 26390
7270 1145
2136 2070
11853 16518
22939 7386
15306 12811
14354 11839
3270 16027
21032 8616
4430 8783
4682 10083
18927 17341
5291 13431
14048 27586
1287 15504
22612 13736
7647 11166
12787 17979
5468 20910
2244 14561
10002 22187
18230 27701
25762 8474
26123 9698
7869 3703
3497 23262
15881 18484
16675 10752
11712 23132
14256 27286
3565 12084
7745 16115
3199 4710
12022 11553
19729 17963
27687 15212
2226 23240
21739 20638
27566 4301
1941 14412
17029 1048
16460 7960
10903 19510
334 13026
9201 27362
14672 9578
8423 13781
26504 14932
1362 18042
25192 12296
13197 10189
23977 16626
25465 9329
17805 16087
18043 10988
20543 9752
12473 18141
21559 14406
3173 12642
19201 24864
3441 7521
17373 7523
8246 2655
20369 11991
13018 3376
15851 7427
22999 8819
22667 10133
21548 17773
8959 6619
11186 17818
17248 3335
4191 13671
17337 17744
3423 17763
16579 22821
10090 23377
4367 8173
11496 20967
24743 13853
13443 19752
21632 9695
18557 3347
11263 20057
12493 18284
22503 11591
17672 22748
15332 7690
14016 18955
12387 26116
12099 4088
9759 880
11584 3915
15469 25165
4281 14442
8650 7653
14548 14953
18632 8807
871 6107
21306 14307
958 26896
11997 7604
4503 8556
27644 13206
14560 24707
22451 6014
9160 3309
1829 19355
6294 2548
8101 5844
9554 707
22435 279
4946 18113
17998 27559
11677 26288
6852 17950
18610 16148
11678 13128
17726 25822
16065 5900
4237 21412
20425 8949
14971 260
6793 626
21409 605
12916 18218
145 16564
4693 27752
21910 11931
14935 17875
26499 4009
774 18748
8057 12185
21816 23622
12982 3257
3757 5035
9056 25831
5355 25964
15473 9437
22901 16206
7117 8120
7227 3138
23492 26982
6100 14358
15801 18969
13815 27192
16931 15013
6509 23151
4530 16841
16725 3438
10602 11404
22683 4028
5213 2531
22039 21809
11311 18839
4815 22064
20479 25737
406 23450
13211 20753
16760 20776
1368 13768
5652 27089
2576 21836
21131 9399
15775 21121
23583 93
14332 21350
26401 15387
14479 11108
10527 13745
10222 4294
21004 26789
20560 20293
16813 13198
23012 21322
25618 6227
5943 14041
4765 18425
17930 14744
1944 11147
3454 24344
25304 6355
10479 25136
8710 26654
21371 22105
16626 14804
11335 25342
10298 5548
7635 19957
4675 13399
20632 6289
20729 27195
16907 9252
2506 10999
8414 8810
2693 2716
6619 3531
13989 1341
2206 18949
15367 22183
10928 24992
22582 17204
4124 17751
9598 13408
21655 26748
19546 594
19428 25152
27016 15545
16622 14123
1947 19105
12106 7167
22489 1219
16505 26042
18098 5961
21193 17364
1629 9502
4451 3776
24080 16546
16514 14183
3025 21604
17414 12643
3251 9010
19011 5024
18229 6837
9634 21934
25013 9609
7244 2546
14873 4703
14230 20407
12839 13096
12615 8185
6168 15803
24117 18217
25746 16029
11683 21520
20945 11391
14220 11978
19645 2499
27482 22638
19043 22077
20420 4399
26406 2270
11010 4560
17648 25802
14617 10439
19855 20924
19649 25541
7055 22801
7952 9112
1038 10194
17309 5567
744 12446
24722 5082
19039 329
15571 25782
4531 7756
11925 13642
1577 22665
20814 21184
1405 3032
18438 10243
6845 9258
24781 8772
22976 8086
16643 27026
6878 12661
10592 20099
1388 15092
15074 6143
10318 21219
18069 24446
19939 17492
1172 1408
1964 24745
632 26526
12819 3468
8141 10724
23892 24238
7665 4146
11655 7970
24538 21940
23210 19271
24125 9153
13445 17833
5920 10635
18593 24464
9086 4656
20785 13273
17908 7027
5270 3226
26982 23098
2315 72
6285 4254
2758 3983
3966 5749
13832 3422
17278 21688
8400 17982
20027 26385
2064 27277
25711 9923
6126 7431
3289 16590
12442 25144
2675 22597
22293 3900
26764 15222
9750 16179
4627 5085
17019 5960
25771 15800
10332 20879
4933 5086
11262 19543
11975 3348
14512 13103
20829 10182
3843 22354
3779 1359
16301 15788
1502 10522
23923 21736
5123 826
13925 24926
11198 24319
26274 586
3801 10516
8996 12198
15442 10281
14057 5131
12777 4308
1006 10213
27553 2351
11399 651
4446 7966
16025 14553
22268 1651
6110 14554
7713 17431
17860 15198
12032 6151
25854 12714
3568 15281
21472 11870
19183 17551
16447 20500
7791 16919
27234 26309
20340 10286
5687 18513
1384 18031
27231 23956
19696 4071
15912 7504
1342 16981
22139 1185
16988 7449
8391 20648
4349 24055
26882 23942
3524 6198
16533 17603
23983 20699
23372 21584
27022 7433
4421 20469
19188 9587
1792 17227
17367 12897
3210 8519
2812 8241
11601 1689
6537 10889
16773 18051
17892 11045
22530 2775
2113 15548
27259 26944
13126 20896
13156 18326
15223 3731
19858 26119
15068 3379
21607 26976
24895 2598
8769 23141
27349 12027
25464 7221
12301 14206
18721 24072
24713 15447
15405 14817
21755 19847
19197 6500
10543 20123
22577 22521
4036 3149
25012 8591
25395 579
10091 772
3125 6821
8546 18653
20461 13580
14471 773
27032 26509
651 25128
2364 23337
5879 17853
21177 19744
26612 3520
180 8837
13924 7836
10250 19314
6267 1543
22898 23205
23435 18804
1482 9683
6255 7681
25088 2953
27004 3864
2229 1553
7331 4372
8363 18229
19327 17502
14575 25958
20092 15991
24950 23058
24227 19104
27168 4355
27028 15339
15806 1363
1830 21633
5581 3618
4692 555
17200 19469
16720 20437
24490 6341
11036 3099
8685 20147
5273 1194
7843 6665
14089 14613
11080 10664
1959 6962
9725 9800
4963 4576
10280 13848
3646 24177
6320 25024
2559 13971
15955 23063
10863 24463
24615 26494
19874 24663
24159 3021
21847 20823
16398 26662
7953 215
2897 12658
4934 22632
9147 15358
19919 25331
9874 9805
13024 23298
4360 12434
15530 12400
19801 5848
564 3124
4661 13616
14464 984
11679 13001
18266 20691
14797 24194
4764 22874
9033 12830
17762 15682
26599 23644
2723 4080
21246 14243
6204 26980
1804 3538
10301 18576
11112 20906
3370 934
18915 1958
9341 12440
20264 24350
11008 8097
19006 14233
11067 17160
9363 15511
9784 4925
15340 23147
8309 5264
4018 20389
17223 10282
7004 11100
22799 18777
20997 17123
23352 26121
24041 68
10294 6354
24345 19497
2070 7577
9278 8734
2696 24975
6323 11524
22211 6807
25812 15253
26231 741
11315 5576
24219 10150
22971 7817
21133 11198
5013 24253
1680 9825
3504 23764
15764 15228
25889 23567
5915 17650
17106 26005
6534 22828
11521 5396
11956 24776
10490 806
17580 5620
7684 11629
26896 23980
6437 3342
15714 6717
14862 27369
25032 8596
15186 20611
26403 4980
20189 1121
17135 8177
9020 2226
7864 13219
9947 15353
4573 7885
5134 10602
25227 26228
13223 1541
15783 2749
19096 14624
10315 5533
20382 10610
16127 15620
20953 3463
1103 24684
21076 3433
20402 15769
24394 17198
2948 2451
19937 8479
9527 12776
6280 230
18411 1900
14614 27769
13414 561
17909 19558
20724 32
3367 7288
8338 10816
11575 7137
25275 26162
26385 7123
24035 2791
26055 18390
16173 27727
25552 24822
17440 9762
17385 17066
8793 6664
14100 27052
12545 8022
19915 1818
12437 19165
25497 13541
5792 3743
22364 6017
5337 1282
10829 7294
26725 12071
16594 12770
23517 2551
9003 8894
9055 25877
7056 23681
17769 15081
14459 24124
15763 4424
6124 1419
22162 980
27630 5672
6554 14510
22810 20082
9226 4491
10924 21144
19871 24371
11182 21351
4847 17944
12704 19951
6660 23085
6402 21552
17775 6750
4012 7246
12058 27465
422 15165
23293 10703
725 26377
12291 1890
9792 16555
6174 25141
25581 7540
19741 14335
20851 27613
15300 3996
1239 15635
17689 24301
6073 20485
10851 120
4458 6504
25449 7040
27399 1734
15625 3122
22166 16994
1978 24700
20392 570
15793 11997
11172 12382
571 25447
14454 7076
5249 5793
4636 21291
4417 25608
19954 9277
8614 6487
3997 18440
19758 26165
12963 5434
4605 23981
7362 7413
27250 5261
4686 4096
18573 25406
25434 27283
4499 966
20429 24110
17739 5119
8534 22436
20619 27222
2435 9419
2678 9820
24163 17977
8689 7559
20039 25081
1424 9755
372 23180
14688 18826
1201 16735
5023 417
16552 2807
20899 16190
24699 13392
9221 27764
26375 24781
17647 1152
11484 21631
16308 17156
21631 26996
17326 15930
24162 11025
25334 1746
22674 17857
16777 7507
2489 26794
7981 13091
14188 13445
11101 23043
17149 20505
12386 4171
5033 13354
14847 8607
16882 15830
23120 22962
9730 25105
11378 10165
16775 17391
4435 18870
9324 19734
8535 14061
5310 14854
22043 18360
27565 9607
10888 12406
2820 26949
420 11893
14618 923
17585 24201
56 2087
3915 24465
19023 25413
11746 23929
9625 3751
2743 16730
5131 16828
2481 18814
17628 17893
12828 12387
12166 1071
12146 25912
10330 22182
5221 24460
27257 4200
19468 18577
27170 1829
1575 22534
3533 4336
7557 17689
3011 8363
6516 10979
991 8659
7990 18187
16735 12716
21498 11900
26179 12705
22941 3249
22963 1607
4313 18304
14594 15966
15935 5972
8684 20243
8380 2495
18324 22934
12668 16141
16516 19774
5613 10819
12075 19822
17423 10039
17354 20939
13084 12772
8159 13028
15130 23244
20111 18419
27164 3274
16042 5890
22652 733
27603 11763
20150 16157
9258 4639
14621 9382
768 16975
23049 13882
10557 19618
26077 13366
10172 3549
897 2193
19617 10091
25738 15780
9063 15543
14731 10541
8652 16253
26434 24377
15777 27617
14522 22419
664 7206
8197 13177
24102 23550
23653 4808
15970 17869
8874 16799
12121 5160
19839 14573
16358 14129
11952 8403
12874 10582
11370 21137
4365 14894
19282 17569
9083 18752
4099 8048
12904 18249
12343 13409
14639 17412
1045 5516
17819 9852
26684 26023
596 15247
1924 22057
18090 11367
27537 7750
6317 18130
27149 21705
7470 24489
11437 17970
19109 25930
10940 20366
3286 9862
8166 23865
8429 9259
3542 10843
19812 2104
6510 1542
12234 26436
1200 23665
15458 13910
12911 20071
10200 21334
10068 14282
10057 19881
16681 11825
9498 9440
9064 5564
13150 24817
23857 14147
25619 17249
22980 1931
24968 6781
7940 1762
18543 18119
1473 25938
6730 16409
13420 9536
22190 6593
6876 599
26299 20397
16623 20094
8417 12937
14642 8516
12064 6244
20641 843
1407 20667
17091 23001
9576 6992
8008 15717
11625 16832
4774 16625
12157 24542
8199 4042
1426 2870
674 25256
1296 4183
25092 20160
14208 17446
1409 16170
22700 916
5446 5645
10137 9540
385 22532
27564 18820
25856 5924
14131 2816
9530 10442
4142 26451
7288 17476
2050 22706
6390 17206
14227 9875
10095 22178
10056 287
12808 23225
10260 6587
10482 11007
4267 17712
3816 23834
22495 21728
15318 14866
8100 11122
20608 16532
4614 17734
17327 13152
889 10452
26377 5520
14431 26500
4824 10510
16717 20884
24921 1005
19624 20857
22240 10574
25500 12689
11729 5536
9347 11472
7297 18740
10249 5572
15290 8349
7214 12540
5224 26219
26963 10824
25347 12431
2248 3701
9038 4823
4523 10523
11427 11659
3902 4380
11158 2779
20774 14992
23964 548
7450 22819
6779 9583
24997 16312
21282 21885
14036 13112
14721 10743
15820 12485
14103 8733
18642 14973
8260 21018
5188 162
6881 26618
24917 19903
4793 1653
21424 27445
11897 11786
5056 2922
15699 4959
6757 8513
20646 26312
5748 4749
16420 4004
24338 515
4831 24521
7649 4712
8326 26201
5609 3329
730 273
850 24400
2356 19857
2419 10179
26848 14842
20046 14791
18804 22590
12122 23692
11612 1406
18380 9959
24930 8758
20490 16056
13824 252
12783 21077
11220 8015
25709 134
438 27667
19840 18994
25261 4871
26810 8043
13754 6536
1080 5518
8217 9268
4275 8845
23227 16133
4270 21980
22518 5021
16658 1784
22356 24103
5031 23444
6037 9308
24270 4513
20894 4670
6384 19547
8320 14459
7485 11519
18272 562
2181 14300
6483 4330
22591 11925
4038 23110
14314 4193
9100 15188
18996 3210
4250 17432
10896 17687
18708 17797
7765 24763
7546 7102
449 17594
7482 24977
119 21622
6844 16026
12605 6255
20874 9783
3991 11269
14663 26568
27714 7043
27590 5326
21972 20335
9372 23065
25249 533
19938 15470
17800 20106
19848 19388
20376 20139
506 22235
11692 27464
18589 5753
27094 23982
5791 15713
22259 2240
22922 23645
6971 16927
24649 25761
17663 8964
21034 12384
22680 12584
21682 24254
4758 12731
11245 6622
19364 17922
4046 24109
12382 26402
11266 27160
8376 2646
21149 27038
11407 5381
12648 17846
16489 14861
5630 18479
14409 2162
9008 17282
1623 26262
7333 12960
11898 25684
9749 26817
14076 3295
19842 16012
9700 22022
18349 18709
13046 27385
2653 45
19933 23720
6580 5801
13904 17959
3573 26224
25309 2664
22657 7537
12693 14421
20463 9337
25640 20736
27738 13051
18602 11511
24164 4649
11294 15686
6102 21359
20183 16144
9253 14922
23365 15426
7566 6489
2337 9650
12718 5120
16968 2188
16555 16737
27293 18765
13057 7105
11785 27584
8009 7478
1754 22535
14678 14965
17016 22190
7943 15203
26416 16427
8294 19975
221 26681
13201 10296
604 4935
19673 24212
5007 15366
3933 20287
22986 24543
19290 6427
5711 16218
23861 23064
9173 10871
2350 9219
1599 23433
15413 17801
11877 14049
22122 445
1642 7352
22765 8914
15694 891
17063 3714
13539 21941
18370 11798
15626 12220
24762 1719
11663 27413
21876 9363
10508 24974
17206 12142
20760 5862
2312 22525
10554 18502
17735 13102
16842 20171
19001 1196
8023 12312
3346 22184
15668 11702
1559 8763
27369 2477
6991 1123
4904 25660
2965 23442
6339 5595
8220 20964
9287 26977
19291 25004
1653 3449
10018 21421
19579 12062
18276 11682
18394 6045
12485 5523
25636 24421
23855 4675
5517 16032
5545 12122
12238 1775
2728 25182
9781 23743
16631 15539
3313 5775
23110 16630
24096 19434
22823 17278
8113 26905
10176 3747
14050 155
704 15691
4126 19683
3041 21466
23665 7056
9185 5483
643 13321
18445 5941
26233 3162
2899 8441
20128 15659
10593 24483
6666 2995
11106 13915
236 1251
1290 11055
26498 13912
23630 18240
6719 22922
3438 7878
20386 5304
19066 7971
932 19311
2401 18571
14400 11418
4881 16539
25206 20752
9627 16653
17997 1420
1729 10356
762 5419
13713 9604
11627 18715
19406 25221
3158 18018
16980 14539
9522 15102
10007 6855
17559 5714
17222 2577
7197 16805
2501 18741
5411 16604
27407 6423
453 25287
21283 18523
13773 17175
6499 3553
2649 24004
15008 3231
15091 11221
15048 14075
14259 2549
5361 23555
11310 16835
7460 8386
12577 23855
21141 9819
11048 22009
22993 24905
14321 19046
27182 8496
11163 1028
3033 21931
20213 6870
19200 2254
379 20047
25056 23372
13251 16683
9517 323
8757 22362
5736 23702
138 3736
7992 21084
20241 635
21311 27085
12697 14456
12023 22807
7215 1394
362 4827
9608 19791
24664 26006
21036 11576
22472 775
27005 24284
19932 20438
27593 12974
21630 6900
5901 15677
22916 17456
18815 969
6211 21325
26289 19987
1057 6278
16026 16494
2258 15970
20102 16866
853 27510
5633 23129
20142 18527
18365 143
17812 1910
3489 6205
4155 3529
10984 15440
2355 20706
10247 10381
23436 16260
8683 2384
19269 7013
5544 27735
11863 7472
4564 2131
6990 16808
1643 24387
3030 4439
18361 22192
14193 14381
20403 8202
2222 27644
784 812
14923 26301
18099 20617
7110 24842
11843 18895
15317 22737
549 2917
15724 1109
11753 12526
5664 19869
3634 13933
8467 17075
9779 9144
18179 24722
2722 15494
11451 17191
17341 5933
13914 10274
6115 26746
3293 5840
16440 4223
21613 25135
14616 5200
25645 21693
9545 3638
1285 3333
18401 17700
4719 1878
1578 5868
8451 7789
11792 8417
24174 22497
10194 22699
24374 18135
11023 15407
19813 7608
24737 21195
1805 9733
3255 23323
11325 18059
12 11679
8554 26134
21716 12909
5285 3580
9242 25414
13516 4961
26224 17404
1635 23135
10181 20995
20072 25825
19146 14208
9317 18008
9494 24366
19048 2510
4486 25945
1630 11630
9899 27528
24124 21919
15357 14685
4139 1490
25820 14126
10566 25277
7344 14111
1662 1338
10218 18633
27623 21460
9262 2803
4766 14288
10431 24596
4802 12116
20216 16108
1500 23219
11274 11886
5483 6643
23153 24396
23852 20090
27484 16613
2197 24266
19424 23803
10074 174
7253 19783
15544 17889
3077 13292
5259 15615
19900 27657
10651 8261
14832 21753
2463 18592
9327 18063
24793 20666
4010 9588
24155 6553
9558 14246
17123 3501
4110 1512
8772 25720
26874 1551
18782 16682
20235 6286
4760 12227
457 15050
27461 3595
27492 2169
16535 2708
19065 19827
17508 20436
15095 21371
11159 24626
4387 7457
3789 1237
16317 1526
25007 235
22929 7439
5691 9281
4479 11371
21471 12527
2700 19627
3054 1544
12395 18693
8990 16239
10900 20043
21812 24486
3955 24403
27604 16279
6315 21711
17972 2013
24569 5582
3996 7768
17955 19377
2548 1277
10775 17629
19169 3364
8279 16176
15758 2084
12171 1914
11869 21423
6650 25163
15911 6232
17455 15636
6693 6035
4535 1055
2442 21312
19015 9107
9433 14831
6359 7914
5826 27710
14361 5097
27345 15101
16999 24756
17851 19431
16568 1186
12286 6123
23549 3765
5419 8073
2310 21734
5 5232
10378 16965
19819 4702
6682 11541
7771 7660
2561 2965
3177 22921
5814 19078
14768 21103
21673 9140
12469 3209
13296 5675
14255 19265
7046 19333
13350 9108
18638 14191
1968 25691
2302 6878
5905 13808
21325 7281
7855 13783
1879 4573
17763 20590
9921 5527
3829 13552
8158 22880
17549 22996
5847 23912
20294 22773
6258 23863
10666 16865
20585 19559
5187 22501
6111 18942
5338 13574
17329 6928
12906 5716
10366 26150
21334 16601
25316 5374
12710 3147
8468 14731
22439 20719
26451 25289
4375 4883
10437 16606
8055 27722
23475 7749
21579 23827
24545 3077
19281 6224
8947 12845
1540 14737
20570 25405
16503 6056
17906 17695
7520 7184
16214 13150
1601 8757
11136 855
3209 23693
23087 25599
21703 21470
21580 17153
3630 5889
14260 7419
25419 15476
22542 11608
7025 26523
6387 22599
20191 6332
22121 4695
6203 24439
23306 14873
13922 18615
23709 21258
4247 10597
17179 2860
22579 2258
7477 1088
12548 4326
20645 26544
348 13852
1211 13760
18771 8987
2108 16360
3978 27227
13123 21533
14444 3093
9414 6443
18024 18650
23340 13980
58 1346
16453 6956
21070 26941
11695 11720
8755 15968
17433 5649
4481 344
11936 9849
11415 11757
25915 8324
22084 26775
9309 25211
8497 12428
13172 26617
8049 18811
8092 5970
12216 4037
8431 11428
15415 6158
9677 27057
2305 25923
8887 14976
22651 2494
22779 24428
304 22361
13321 23124
25799 14697
16673 24220
1897 24074
592 1240
7654 6091
4970 2114
3608 425
8525 9624
10904 1830
11891 21127
11546 1767
17229 5399
24547 1823
19236 2054
5275 4008
25605 370
10993 422
12266 19270
5359 4436
15322 27431
11961 9817
24878 16987
26887 1414
6801 21155
1266 12970
5723 19597
9158 21773
19680 725
211 4129
11769 25497
19020 21330
13226 3679
1681 12303
18840 21397
14801 1602
6883 22907
1551 24593
23736 2143
22923 18411
25830 3715
14113 3358
19595 16394
5260 15069
2392 24840
9315 21342
15493 18160
101 26259
11129 5534
7587 3480
24182 15386
23045 22411
20985 9910
12153 751
11519 4347
5566 22679
26108 20179
26044 14035
4183 25470
6155 23753
11069 19701
16226 14064
24586 17139
3015 4435
13411 8067
7051 15944
9081 26274
8890 2539
20162 493
18009 12055
12562 18338
18743 5401
6833 595
23949 19483
5681 11517
20283 3914
15998 11908
8046 12068
20959 24802
14657 21539
10034 20510
21188 17965
7063 13728
18698 15296
1619 26302
14763 5216
10185 22857
21977 13766
3993 10431
14186 26188
3592 19339
14129 5815
14162 5351
18547 11676
23793 10814
18808 2058
21487 10001
23332 24027
7365 16324
25109 20555
1353 7495
10347 4107
5694 23241
10859 23502
4253 16629
16111 10003
7955 12354
1479 10304
21702 7743
16201 16962
2291 27517
9139 27236
22816 20650
23650 11030
10699 9455
10648 23923
18070 10958
12805 19250
12169 12439
20426 15139
10251 7791
10519 5667
17607 10203
16390 16763
3402 3477
1490 27150
15634 12501
13768 11322
16730 7058
9488 8166
16934 23858
7399 14350
22170 27562
13831 18567
18507 22518
16000 4923
12103 19118
5219 2225
13813 5289
4007 27474
13032 16771
18970 12450
14842 18500
4315 16258
11474 2797
9202 20321
23467 9113
17279 16749
21421 19924
3665 15617
21019 6199
10980 5995
18787 3467
23128 11913
15102 12622
26452 13462
14615 16807
20654 3154
9578 14445
12228 6927
19677 10380
16650 7278
7314 7987
4687 18948
869 15164
989 27755
9354 9017
5045 366
15321 12252
4608 9663
8551 4567
8002 8459
7726 12327
6838 19653
17978 2250
653 1549
4261 18312
26573 14665
4598 6212
16672 5942
3697 8302
852 20726
20375 19981
2333 15859
14518 19385
6896 10423
24023 8628
19513 26582
21662 25803
14702 22025
1683 10951
27068 14161
17581 12583
17638 9165
14707 13220
21792 1617
17613 25262
9719 3307
12360 105
24017 11273
20833 8586
13324 22567
11742 21566
14477 4220
20811 27743
374 19169
24796 1754
3378 17755
4491 10310
10024 5474
7327 5982
16258 2257
24980 13100
14660 7663
13902 9240
13098 22202
17395 1997
16333 4190
25502 16490
3355 3674
13405 3421
22280 9877
22879 8805
7579 3972
21360 5087
2747 7754
6684 9823
7575 24285
802 15009
15870 3597
570 8080
5913 21932
1997 25692
21117 4729
9958 4201
4293 1738
13652 18893
6835 25501
23728 12455
22124 7942
24510 487
9773 4783
24113 9726
19123 22529
19184 22454
1155 3939
21519 3218
12621 23974
4514 25392
24665 8375
17244 0
7360 17612
2761 23538
12592 15363
6708 21526
2997 11796
6667 22966
16850 6954
882 16370
708 22206
8425 14862
2383 1389
9116 20737
4324 11199
739 21567
9281 4175
2554 4459
5822 14701
6051 4694
12133 12784
1798 22388
4437 20170
13397 21808
27491 27530
11855 8471
6605 22946
16322 22680
1430 6555
26628 19593
17536 7944
21249 7838
18510 27119
1140 12887
10885 25078
9118 13495
27679 21197
7748 20670
3132 22895
9397 8855
23180 23605
20950 9041
1476 14733
16255 20101
13807 20841
16208 25699
4433 18521
12480 7261
8889 2166
3467 25419
17110 20517
17620 13572
7184 7208
14023 16441
26546 2623
1949 18077
10795 8288
8499 18463
8350 27042
7357 1243
11611 27313
8239 24198
1822 24856
27366 9220
24064 22822
18113 6090
15396 14694
3008 9972
5539 10910
20084 24936
4792 11303
11980 13309
24763 14327
19037 8703
3918 991
13359 23940
12096 26640
3802 27006
4353 14390
25259 27767
25498 24970
1226 18438
21287 18877
388 17878
4754 20490
20804 20244
11550 18306
22279 13647
11183 22960
18474 9991
20865 13200
6128 19633
10036 23266
2912 27108
15180 26698
7209 96
12962 11924
22560 6914
13941 12575
21853 598
20749 14432
7971 25026
14558 6669
5223 26286
23713 20786
23256 16060
533 9871
13089 13815
27549 19126
5165 22347
17038 13288
2428 9998
9726 13259
22452 10312
11788 20553
21276 21327
1756 26641
25591 12566
9231 4509
18534 23495
14125 10833
21549 22719
17355 14560
3375 4544
7241 19613
4003 2016
24061 12507
27140 6706
11979 3540
6435 23100
26204 16658
11444 21063
24632 21391
23555 6605
15560 10021
15648 474
8233 3381
20660 17396
25366 13701
18793 21748
10481 2085
22273 9373
2858 18093
22800 1422
15732 152
4743 12430
8227 1635
7948 9731
5709 23569
10961 12058
3488 23663
26902 3244
7361 2174
12650 15073
11658 14781
15120 11632
12845 24964
3234 17958
9630 3166
18482 7506
13908 9671
19104 22780
7891 23299
14046 23269
18306 15841
20520 27029
21352 10305
6549 20568
4865 1238
237 24582
17950 27733
10177 16428
633 21952
2901 4438
1920 12141
5018 22232
19952 9257
13242 12715
4400 12456
15644 13494
7154 6907
5707 8329
23624 21542
5836 20647
16593 18271
8530 3327
26836 23131
19766 4467
3625 2905
12732 10653
498 27267
9161 621
17310 18268
4832 22180
7926 8547
20975 19229
12005 20475
9743 11465
2152 27238
16859 10550
7522 22380
26023 14372
4348 9484
315 10960
19654 15027
10814 12560
9450 2656
16785 15207
27742 21140
1069 4668
11732 2512
9487 12875
23147 3934
12471 15110
15122 2011
3316 17823
6237 10891
7670 4046
1391 6568
9653 5154
11242 22852
23319 21553
14334 5636
13603 12896
19445 4269
27210 14033
23609 22319
18271 5517
20625 12178
21576 19719
15489 18564
6959 18262
19450 17262
16733 20392
7744 13920
3804 7331
25758 23192
2416 23034
11327 974
8805 7032
17446 5985
21313 10426
9457 1451
5855 8364
11218 3508
13404 12051
1310 21205
12029 19615
16653 16791
18374 25821
19496 25544
15516 20223
7280 19260
3468 6846
15119 10225
23522 23097
23374 7740
19117 27124
13538 5615
10674 16235
17285 12311
16633 1572
17391 15789
6735 17897
19485 11254
4691 20689
11337 7060
160 4303
12000 6202
6468 13127
7258 23140
9883 20459
509 1999
17733 24357
18288 25334
9381 10873
12538 26923
916 2068
17840 18929
19246 11502
22255 4981
12202 6726
6828 23462
25078 4022
7130 13823
20405 6734
3615 4818
27466 1634
25858 6648
555 16872
6311 25269
7002 24561
16796 27397
14064 5067
5495 14502
22009 6507
19202 27595
20592 2121
13281 21986
24216 21389
12273 11104
24208 12124
15720 18340
20388 26169
2208 7735
14386 20153
13163 10741
19569 7730
26553 13908
21626 3527
8815 242
19567 22414
1143 22000
1352 19606
820 3095
3192 4864
3805 24039
15422 27303
6266 22715
5434 7050
10478 590
10767 15273
10335 15295
15083 17581
11836 26030
10779 16581
4533 19527
1733 16422
21353 2391
299 21467
3409 9882
15661 6569
13478 10085
9042 8399
11608 4850
15936 2052
12333 24865
19519 24504
5808 10886
8358 21502
10887 9052
18737 21589
4140 27099
21335 13600
26062 3396
4734 3967
8969 13527
27540 17422
6104 26760
13822 3294
22274 17652
8763 26139
7856 20073
17856 16845
26996 6325
6095 4813
23066 10655
24660 7723
877 25509
4850 824
27219 624
1077 24176
26533 11211
5415 16371
4668 18984
25126 25324
2704 9050
13392 17244
17791 19562
21028 10354
22764 26687
22058 15985
13031 20239
4884 11896
766 4686
8018 23543
13500 15229
17654 17595
6457 305
6987 10382
17030 14850
5527 26531
21142 27031
22642 17070
16433 5139
7385 8818
13762 2135
19776 26815
27436 8865
16430 9475
22649 26551
20278 2187
22159 1265
21110 25589
123 22431
22804 12444
6493 3067
18944 22031
5498 25999
16793 2338
1771 107
9018 20656
40 2473
16958 21246
26559 1489
10405 27745
6864 19379
10283 22482
24301 7573
14029 26809
3197 6834
13204 11020
3811 2758
17673 14869
22119 3011
499 12401
9868 24276
27600 16468
3994 6881
7413 22075
15505 19625
1083 12139
1996 7437
12425 24526
11065 22569
16477 6809
23927 16014
21190 12644
8368 15075
18162 14571
18983 10143
17000 21563
1055 5937
11122 7818
22528 9075
3156 18762
19173 5444
21402 11337
12707 25628
4231 5184
14239 6215
18353 292
19880 25713
13870 17674
2203 17192
7761 4664
19925 1980
2603 2527
13225 18491
26597 4305
20273 7988
19444 964
19171 10507
6160 9135
11540 19204
20764 14582
9722 6333
26946 1315
15280 20606
313 25421
8020 9324
19285 16226
18948 16768
6252 21894
27633 12601
27539 23791
20955 1668
7930 4075
20304 20817
17513 241
4041 24871
22883 7711
26562 4391
1828 21179
2215 12304
634 9848
4746 14492
16348 24068
20140 11660
2898 6269
24860 17012
3338 4632
9880 3197
19080 21569
22304 9362
26914 16709
6744 1608
10731 24078
23960 15397
10789 16697
16442 21704
21195 27090
15124 22136
18049 9556
26360 8464
17489 23994
987 5935
9964 23358
12754 14684
6720 1802
1364 20838
22406 14048
1572 13591
14261 27131
22461 24442
15197 7533
23328 20261
23164 21490
12335 2223
22529 27646
6428 25142
18077 21812
14918 23112
10654 26359
18690 3561
20892 4529
4130 17819
4932 19977
15000 8310
13425 17683
19545 21041
9092 16968
712 14279
22385 19047
20718 27375
15104 13120
13419 25280
16530 20118
22622 17868
22145 12518
13899 11578
15366 17293
19483 11010
10360 15401
27034 18142
7293 8972
13731 16251
18362 20051
9716 4368
16700 19059
26283 9793
9614 8940
19083 24891
23398 18850
1925 3523
16238 27294
23071 25774
12145 23947
22679 11021
25642 23989
1854 646
18337 14244
5543 6241
13463 55
3043 2615
6568 17611
26702 5898
14924 13714
21926 5089
1547 21009
19389 18906
20126 25738
14405 3243
3948 26418
1217 16424
15725 21456
24531 12639
8644 15822
9604 15008
12468 14469
20790 16162
15312 4651
12843 4891
5556 23402
855 16049
10488 6552
3577 24325
11472 16421
5762 9483
8264 10180
27688 26648
19475 24930
17425 13155
2664 11605
1018 23325
20460 2633
12699 27358
19594 17117
25556 24893
18545 925
21090 6530
986 15403
22702 905
14407 22165
22306 14890
15990 2471
1711 16146
22872 8297
2493 12554
18451 18258
13786 6713
7920 26515
15693 12502
5095 23928
8104 22673
11637 7588
8353 25007
17388 23365
23773 3289
13811 9778
25880 27037
17298 26461
11815 17461
14392 5169
8802 23343
4337 8570
7026 9057
1702 15020
3291 14826
13175 13754
25223 7387
1176 6230
13988 11481
10004 3770
3440 19111
2165 19925
27441 8656
22812 11283
5418 9903
5030 23352
7199 10842
456 20212
8331 6478
13907 10834
13788 9520
1474 11968
6229 21274
9838 857
9346 9896
15528 25745
4468 15706
26732 21939
18533 14532
11565 5041
17864 27708
14753 20697
3511 1516
3877 26366
10880 13668
5538 27348
23639 17344
7672 11292
22773 14389
11588 21249
20574 15898
17138 1724
1188 25090
18601 3839
1709 83
2494 10570
16823 24851
17068 25494
20043 22943
444 17757
24231 19413
2078 10685
27145 15484
2505 9398
16415 22284
41 2063
7524 16036
9090 5146
12067 10620
10936 17489
14359 2736
389 8068
16371 16648
8983 15074
15899 17202
4842 9126
26594 7193
6351 6657
16345 6438
24838 22630
7016 19564
26425 20802
13466 21349
20713 22457
3952 8969
12371 24847
6681 14099
14019 17752
11703 5975
8336 4478
24321 11346
21266 5235
19722 14620
20298 1725
3666 16583
8976 26517
4825 26123
7226 5116
25360 13656
21558 25132
9668 23235
26121 26212
3931 26850
16866 18665
15908 15467
5784 18247
4979 2220
13578 20059
21107 24886
18291 25647
22565 20000
13517 7587
6463 9945
16010 18022
20637 12233
4070 3727
6216 24394
15804 1447
9249 15059
23535 17458
27128 25611
23792 14427
4911 12706
8507 16120
7274 7070
19062 27139
22218 19999
2687 8229
19643 3076
21373 15501
19490 3040
13491 25267
15602 7320
27150 14487
2853 2570
27505 16899
12062 25875
12527 13247
13015 26533
15019 23636
17154 8655
27480 1289
21775 1432
24815 9498
6019 5347
14932 8289
21267 7219
10196 20192
6788 11046
26457 1956
15478 3007
15784 19028
18848 402
9093 16102
269 5357
10092 4621
14236 641
23102 14990
2009 23413
24670 27525
23963 11953
23212 11548
15617 9471
3300 21012
8869 27635
19895 21300
4869 21241
18940 7726
17402 6214
12941 25975
3480 15357
8526 14092
10356 13705
10679 13867
18962 9246
4249 21310
3201 22489
9740 2961
2822 25460
3284 23531
6270 7396
9555 1022
8202 2285
22462 6934
26773 26115
8235 9046
4308 26725
4697 16733
1839 17632
17150 23396
21625 19588
20537 23067
12501 10375
333 2658
5780 16293
19879 9739
15208 14574
25506 18992
12267 12356
8203 12331
16353 6322
2421 8997
9951 13183
17816 18763
19008 9442
7698 14170
16957 25295
10950 16416
9143 24999
11034 27759
12733 18378
5471 18365
27695 15385
7251 23120
20659 12573
11466 8095
4162 9297
25510 4863
17655 6480
151 16685
10175 27039
13185 13553
10735 14517
20796 20211
3691 23612
26763 12696
21063 12549
7342 13197
13664 20748
21717 25095
7759 18832
17814 7611
23491 5708
7180 15451
3875 19795
13068 26253
10712 5945
8255 18190
25099 14480
18918 22100
21629 5466
3661 27261
25835 10351
16129 19175
18866 21230
20215 22886
7947 15507
1463 900
14844 349
3263 14494
5271 846
18054 17092
9360 16067
5074 995
133 11879
14003 7405
3784 8287
984 8088
18780 20221
18811 11881
10625 1638
5136 25723
15134 18399
24525 16153
23699 8057
19489 4665
4283 7196
21637 16993
20838 8918
20454 19788
4 3902
12639 25154
3211 4131
13511 17599
14517 18928
21623 26325
26892 20423
6352 14055
5497 13951
2856 21332
1612 10798
27089 10884
21323 8123
18128 9684
25790 26091
10212 12517
21419 1321
11632 1851
11181 12559
7346 4619
11543 15266
8106 19780
17111 21287
5228 10517
12960 21819
15838 25530
14961 8620
13874 26203
25356 17370
16259 251
19316 13972
1229 24018
23654 13821
16990 2296
17641 1763
8178 10567
3674 138
9274 21906
18084 8981
16995 27556
13280 26163
9679 22511
14467 15227
1279 25477
24518 8240
2790 15940
23574 12196
25478 17696
9014 15995
19851 18019
9797 9856
7194 26737
16849 4732
20835 16765
657 11721
5316 7343
16002 4965
26005 19696
20740 13375
11045 7016
26999 13675
19744 6960
16819 9602
17365 12516
3735 9677
21969 19960
6375 11206
5950 18129
7187 14649
13696 4076
5617 11363
12082 27396
19587 19868
3292 11945
12497 9967
8749 7911
12045 18661
26242 3620
2444 15954
8066 20853
5795 23226
1184 10790
4971 15302
5599 8467
19868 5248
9062 27069
13385 11726
20196 1436
14782 1637
1299 24495
4392 21016
21386 9649
2425 23869
22412 18720
4950 3118
7350 16953
93 19708
8315 16103
11413 26209
12198 19854
5606 14082
10430 13751
12270 12421
18657 3534
24750 22664
4558 16173
25773 11633
3104 5947
20163 14756
4553 9591
2007 16591
6953 20377
312 8361
25207 2662
9712 3725
26704 17955
11131 19932
22298 7249
16891 25080
1445 23161
5084 25944
12192 7722
10407 21288
16946 9720
6578 1649
23779 3536
24192 8750
16962 7459
9213 9049
10058 1912
7191 15375
19262 2624
10039 8584
13230 27721
23996 2578
14077 1252
7432 15553
18775 1167
10242 9386
20318 20535
11187 17596
15716 24549
20723 3174
13791 23407
18680 20599
1801 26503
19882 21119
3803 1231
24419 16455
25441 671
19849 2006
4819 5260
4995 23075
961 9965
24373 11833
13484 14128
14750 18941
4848 23560
15486 13973
10518 24844
22710 1618
1076 18698
8052 22490
26096 9661
19437 4353
8348 13689
13095 24651
5765 27542
22615 8839
13878 25710
9040 20973
3840 22905
17195 13367
23254 21675
12148 26338
6064 7111
5645 20325
22520 27011
3882 1562
25379 17639
12987 15884
18778 4460
8728 5653
8250 24870
26695 14034
6145 18930
12888 5822
1142 18681
13952 2949
15427 289
1320 21251
21179 12926
6712 24815
7781 15031
6848 286
19914 11655
9125 12138
7469 4848
13008 8431
24913 5524
9556 6939
18012 20852
14937 11008
7660 19990
6456 15989
1946 19629
17226 24982
18436 21840
23239 3907
7563 7383
16780 20826
9648 26664
12315 21379
13482 4343
196 5445
20360 25437
18535 17275
2792 21528
5514 743
8986 11135
21111 1530
13470 23905
11976 11538
20602 25862
12374 20267
13833 14888
5654 21424
15904 3628
18731 21537
25783 19115
18056 379
13328 21795
6929 16616
18854 4289
3439 16462
823 6898
20321 5052
26731 26311
7264 21983
5981 6947
4384 5191
11442 6191
1594 7816
17940 13398
6810 4802
27414 22266
6331 16684
22658 13297
21731 8637
26501 16550
20696 25491
24494 27201
706 12564
19888 15787
1847 11037
17545 57
25229 8561
14867 14449
26661 10019
5043 19076
17115 10770
26455 12380
15337 4162
26973 3802
9687 16128
20690 22564
15929 8826
2891 24294
11388 12111
13244 27091
8632 8322
9914 22063
18416 6016
23034 10201
4165 19906
19944 17208
24165 7233
912 22833
587 3559
22367 7373
9529 2252
26412 17339
22505 1864
26536 7444
18997 6964
22633 20856
8375 22082
11822 19261
14388 2279
18661 23231
2427 26588
27104 12151
9849 23349
22059 10064
1797 3973
9754 982
10436 25452
21913 1260
15511 6687
6146 5420
10288 22330
5026 3415
5389 10131
15278 2269
16069 27451
1210 1160
17568 27734
13049 20255
27177 26713
19055 27378
4968 4840
13632 4416
6372 3992
12608 7195
5479 22195
12992 9170
5124 20425
21261 14908
2372 19122
6756 25021
24172 5584
9512 26908
19366 26826
1030 23771
26100 14258
27252 24520
3616 7569
10668 25466
7605 16331
3357 26409
3059 1438
11175 3945
16757 2929
15522 25393
17780 21835
316 7616
26198 9748
25031 17286
3071 25399
11525 23970
1747 22499
7725 27477
11651 16332
12038 23503
10978 10471
2656 25962
16462 8890
8324 26073
21918 16015
19790 24777
24969 1204
13909 20295
25573 22263
14931 13414
12986 23175
14608 2288
17690 9782
18059 8532
15220 2724
1202 6663
17193 24007
7565 15344
21491 22492
20541 14160
3 1209
16074 26714
20904 21857
18862 25013
1952 3975
25683 14789
20722 16876
12085 6330
18806 7981
1011 7549
7582 23959
15958 11436
20812 3001
10843 14734
16719 10331
8661 6219
7349 21017
6278 6133
10226 19225
14610 44
867 13232
20866 6765
19498 19916
3347 11776
24839 27199
12102 10327
20287 5288
6595 15060
15654 15517
13688 21178
12609 12673
6625 3669
11433 8113
7666 13368
8478 27425
3745 6808
26818 5818
2204 17628
2278 23289
20900 2820
15112 25194
6401 10311
18096 12499
12687 27126
16676 11884
7517 14371
4790 19490
1032 13811
26664 16905
20611 18943
15065 12106
2374 24938
21868 19172
14884 6079
530 5118
4814 3781
10952 24505
5089 9042
12328 19213
246 22510
7372 3332
25153 26627
4623 701
14758 24339
27264 10315
15866 21154
22357 7999
25976 21437
6702 9535
18939 11296
7102 10758
3900 7731
10989 24812
14448 20166
20165 5112
9803 14419
14137 13066
9549 24697
4703 23895
16400 17008
4666 22012
192 10591
18529 7505
21219 22066
16774 11649
5788 459
21317 10166
26107 2153
7017 6282
5246 27344
6161 25925
7848 10387
15890 10425
22756 12886
10714 22229
14159 8970
302 13070
27206 19534
26071 12631
5028 24519
24624 23640
20437 22335
9227 6003
21361 25568
17715 27202
23864 18883
5193 1275
10483 24207
24467 19657
26630 16655
16072 3175
16273 26000
5044 4292
2602 4747
5734 20402
9448 25933
898 8235
2954 1025
2404 10650
19841 15781
21543 12360
2031 18178
16684 16803
19464 16985
13119 18897
23130 15540
22887 27606
5318 23819
13580 6582
3899 14585
10238 171
26570 20530
16944 17861
23149 27600
8455 6477
17915 9811
23936 16595
26418 11320
13810 3388
26585 24978
14450 21626
6982 14796
20037 5722
16469 19515
18684 21091
11902 9551
18560 7448
815 20959
14509 5522
8340 25309
21657 10151
26577 10263
22352 8595
20992 4437
8696 18813
6964 10630
14511 16762
13473 8934
18521 3912
5085 6120
26666 17510
3642 17351
26384 11651
21134 8455
14452 7935
18035 19945
10469 25963
10669 20453
17012 23987
11652 12745
14481 21823
17722 1272
6004 12150
12219 23206
22074 9472
12931 7874
6440 4867
6444 8580
19785 5013
11721 6002
27495 27519
24677 14298
26171 26462
8383 159
19997 24576
27134 9428
19100 18191
3474 18507
10694 11536
18488 16825
2744 19323
9879 12592
1168 16541
5077 8689
25103 1327
2436 19043
4762 14144
12348 11397
2995 6651
12436 15565
14858 4370
8991 3837
24694 16895
21845 14271
3254 8816
17924 7271
26667 981
20813 24075
7833 12957
5683 21981
4589 12662
26828 12753
9232 13537
583 2502
3472 2508
2953 12948
19580 1051
22909 27043
4049 12922
16821 2212
17441 20214
15465 19836
8785 19967
19263 5750
13252 20943
21455 748
3719 10060
18639 1873
16431 470
14403 3488
1212 1524
11350 7734
1043 14347
770 2435
5256 20253
14348 13101
25943 22265
20467 14293
15341 14464
27646 2468
24284 20091
24966 7066
1984 15701
17533 20513
8128 7764
10991 7354
10473 1740
26754 26076
9430 4810
2666 3585
25563 6118
22918 14528
17682 19865
3858 2765
15978 12179
12638 16926
6182 14591
18562 14708
12498 12449
18637 17148
11761 13514
13707 12305
17595 15742
1898 14548
4235 9942
15859 3903
25920 16882
5774 25123
21500 15226
4977 14519
18858 16508
22562 4126
12514 4553
13140 16039
18293 3188
5807 9506
8531 26562
4860 23676
11715 23345
25978 16290
378 23040
21912 7658
27240 16852
21950 1217
19352 14256
11635 27637
23216 24244
3473 7849
24145 15270
24577 709
12236 1435
7073 25223
7373 21801
22984 12194
20733 10288
10306 1107
13821 11043
13216 14905
6151 24879
27329 13837
10918 24328
26557 21336
14864 6484
5692 9055
8884 7069
22745 856
24703 2242
21388 12654
15272 13982
16261 12424
19367 12543
6199 11217
27727 14345
15055 10805
9845 18920
21905 15298
6560 2118
3004 23971
17707 4338
20030 24768
11518 20807
17889 23061
22359 3581
26463 12079
17732 20365
9198 4026
26410 7830
27114 22813
3153 3664
11249 21825
22103 11150
17705 22993
7182 19750
7994 9948
8677 14209
9403 12626
22729 14893
13178 25235
16387 27543
26081 17664
26015 6256
20090 15967
3545 8477
8485 17522
20876 19790
10180 5417
17981 19041
13753 12727
6089 10103
13711 8078
27660 4311
12069 4924
16444 5151
13673 1175
16666 3813
20677 9319
25484 15851
10623 25625
13885 14134
16167 23167
16312 25376
7127 21447
24393 18029
3479 13785
17169 26223
25000 22759
26379 10980
10341 4750
14363 1904
12240 8671
9946 15655
14661 23992
23497 407
19804 11906
3876 26200
9853 322
19600 25454
10105 6096
10616 20063
18226 7101
24849 918
17168 9117
19296 17224
14868 13703
15094 12242
4366 16536
16805 12971
25308 23315
16416 4661
21921 20249
10816 26634
15937 14027
20364 3515
10310 687
12908 9883
8303 14848
16162 4480
5860 16521
22820 5022
5964 18311
6837 22191
3287 15042
17604 394
19611 24189
20001 13489
25710 11454
17980 17366
11922 4928
3240 9507
14377 16801
6344 9235
14296 18921
9215 26307
27526 21930
10914 13107
5872 1058
25654 25357
12320 18287
12898 4440
24302 25985
18747 16784
16830 1307
8929 7642
17416 6459
11861 2144
7752 7347
9898 8903
8923 20422
14257 5141
1999 11610
27531 6574
14793 10390
23144 9543
3333 17545
8501 23659
9708 10775
7431 27187
9304 387
10197 12164
16570 11602
11271 22633
2773 9016
19638 12180
15789 19617
17969 21987
4427 10127
22142 18734
14251 17151
3742 16181
26744 19053
18893 20037
15 7938
4031 22851
27434 15460
21883 23258
2527 17122
20912 10896
1213 4705
11120 10994
11977 21784
13082 15605
13522 6448
1632 19058
23112 17388
1773 17564
12972 20799
751 14674
6125 8089
10229 15305
1939 21530
23252 25531
5184 6414
2095 22044
20453 24391
17576 27164
22854 4620
5773 20263
9286 14482
22163 20529
16549 25229
2338 20055
17284 10285
902 12629
7560 10727
3859 24315
4895 5623
18933 23348
3349 17463
13020 11192
14073 11643
27323 18025
26197 25049
20048 5163
9622 6695
26978 100
23921 3556
21569 7570
23092 2887
15792 24578
3633 15412
1453 9480
16134 9598
22894 10395
25639 20265
16100 2209
14808 26646
11757 13897
7596 15024
16213 8676
17862 2029
5317 13824
1932 15262
11687 7954
23527 14401
6340 4334
24823 6571
2829 8484
9977 15156
8487 10787
27757 6360
19491 23727
4394 22173
27121 25885
16640 12574
19229 2805
18148 15638
25008 998
13809 22355
21877 17900
5715 6515
14385 10780
14004 5540
16103 17441
15395 16281
22057 24948
11984 23850
11623 16652
26324 14397
22383 24836
11802 6049
13102 12100
16437 2567
7375 23643
3690 23907
4680 7931
6130 2750
9816 23687
6922 479
3302 12389
24289 10809
2430 1413
11866 4508
16094 17164
8419 12632
7281 14901
458 20573
18395 10883
6239 27648
2194 25724
18082 17091
11155 1176
11775 12709
12798 9339
658 3165
25359 22088
16613 25219
11893 2021
2746 23292
18314 2907
10643 4241
17792 8224
2915 17736
3124 27748
23275 17149
17501 11339
12926 13147
2735 24876
26772 4327
19101 5348
11845 7978
16751 26421
5828 18150
5819 10969
13520 14957
18294 7054
10769 25836
18813 10237
536 11902
14720 21635
1814 13209
11164 3471
16697 2132
1628 17467
2378 6315
9394 23561
21635 22237
27271 10306
20390 24205
24222 3038
7302 7704
19402 18867
4211 19640
1907 281
19913 24142
12613 4739
14081 18110
4730 4270
14248 17032
3274 937
4812 6949
17189 12777
7644 2228
14424 22827
149 23780
12840 27590
25597 1790
19861 27000
1267 13529
19923 12347
10198 20528
7398 11089
24857 13996
22258 11982
16031 13203
7768 10909
11918 19359
22711 9835
23906 11944
23299 16599
1190 23619
2662 2199
1836 14946
8701 12273
10631 27673
14329 24292
13333 23859
868 21250
5168 14368
6930 18950
5311 25755
16663 15376
1130 2441
8901 6884
14157 4152
24198 21847
7996 24933
10501 11877
9663 205
21553 1920
14590 13727
9264 22221
27686 27616
7743 9169
775 4291
6643 9836
7611 9278
19421 20148
15868 24548
4761 13146
3238 15446
800 17813
9857 24801
12039 1375
13048 10927
15711 20278
22677 4039
22763 17930
469 15496
1597 6792
7935 11366
8130 9854
4068 4855
17699 5709
18165 17711
27609 23847
18103 4007
21051 8606
19397 12140
4985 9208
18463 27329
8886 14295
16014 24628
14897 20652
42 4628
5199 11220
11999 585
13859 5593
16356 1308
9587 18836
20322 673
11814 15688
3422 7106
8639 22726
20793 25034
2766 26827
6494 18882
2745 1347
1253 62
2377 3844
598 682
4775 6946
5016 2649
22789 5939
11621 21481
14533 11374
4940 1127
4603 19161
15861 11247
23115 22953
24063 13526
15549 22911
26774 20644
9121 4940
3998 19288
10837 17943
11634 24085
14593 22855
7174 25746
23598 3497
19441 3119
14764 2923
8611 4962
4779 3547
27363 13540
13873 26966
24292 26446
6704 27254
459 24924
12417 19093
17823 6385
18582 13792
14647 97
20548 6655
26789 27053
4475 13118
3225 24132
7671 18759
26680 24229
18802 27427
1251 4629
14435 5642
8706 24474
23723 10385
15995 5528
23315 19671
532 25019
6114 18156
23402 17409
13428 2456
2774 12288
2399 8857
23477 6857
25286 14954
152 14422
17051 23066
23703 21953
21520 24056
16080 4481
21831 8191
10933 26765
24381 25983
12054 12103
5585 14904
7530 18704
7836 4182
15658 24753
19268 16750
8559 253
8831 12795
18758 23975
24550 22123
11710 3605
19746 18872
19372 10585
11190 18180
705 10647
27652 9384
10480 18721
1526 26098
358 25435
10398 12015
956 24336
11640 844
2158 13861
2114 12685
5015 19730
23697 23558
14896 2659
14875 19420
2575 3375
1706 18922
15534 12209
7944 91
13551 9460
19157 3617
19603 14292
8765 13050
9343 108
9720 16688
10462 20975
26862 23641
16321 22
14586 16897
20522 4907
1183 4652
19400 3695
15033 2318
5648 16829
3164 15876
21081 19397
8015 18462
24977 5973
11275 18532
6442 16074
19294 24573
3929 16223
18906 18854
5107 25487
4935 8893
8025 5027
27472 16117
10749 3196
5058 20213
14451 6398
13315 12493
5576 21573
11786 16680
19391 2139
14322 25536
11125 11969
15751 2429
6138 23838
9846 14325
25132 5828
5936 24127
16825 15684
7405 4807
13494 26537
18129 2957
25104 507
6812 19784
20942 5316
11899 16669
24653 4898
18038 21085
21152 3949
22098 3825
25806 19336
376 43
4938 23922
16449 16752
25732 10483
20639 12921
17434 18069
6748 21221
8822 25892
21828 21664
921 2210
2869 20979
3163 22033
10027 4125
8097 3454
7021 21701
11018 26086
11058 23626
24575 9917
24045 25149
8472 26766
14315 11016
25740 19776
14929 6109
9574 20897
1283 18620
229 6159
13563 9518
4978 3824
17400 19451
8922 11158
11457 23951
8739 8639
7500 22286
18039 5727
100 22609
3418 10849
13450 9859
26600 4110
26300 16284
7078 494
8013 1137
16683 19398
13515 1356
3669 5946
5435 14971
26919 8726
12127 18009
13274 25526
16531 24917
1679 21774
14818 4215
4069 11947
15513 12001
5944 13842
17923 16222
5777 10606
22501 4430
11859 10518
1254 18825
13266 13276
14942 23347
11017 16142
21220 12394
1636 8838
8891 5253
19682 17491
26672 24208
7071 10040
6447 12097
2041 27035
22471 14299
6994 13607
2588 20504
26583 5018
7599 15488
6420 11939
14979 19679
272 9092
13957 26488
12305 9344
11852 18382
6304 9491
19514 1941
7498 2198
3102 5580
9777 6088
7083 16378
18880 6370
10613 21256
16327 15202
12464 2759
6163 1867
18126 15063
19458 11589
3854 16530
9915 25700
3513 5153
20444 17356
23568 19863
7772 25488
20946 12021
19818 12649
4448 19214
16022 19602
26755 17909
20041 9867
5036 1105
4823 16344
814 26953
22567 24529
7645 17086
2090 20429
17731 1015
13259 27137
19381 18194
7894 19958
21767 25612
22701 8442
14223 10497
22381 14984
14062 26802
23309 24732
11346 27365
14410 23799
1515 10675
5757 5819
1589 2618
11487 23118
24158 11248
4921 3686
9311 18265
14895 21366
23834 2541
9504 15374
27041 14417
2507 26865
24963 22494
6152 10072
16496 1462
20770 20112
6263 24976
22 10025
20582 3206
22602 10813
5899 24932
14592 24695
27394 24277
17330 821
21174 1281
9330 7522
13477 7473
1268 26561
15090 9383
3809 18133
8847 1585
25234 24416
27591 14416
19994 14172
14311 1885
4757 5407
11455 21570
10343 9448
2066 8978
18511 21038
18670 24570
19540 23126
26654 13279
1841 21007
10261 22313
6647 1086
27385 26109
17313 5958
16573 883
21336 5029
9295 25001
121 24587
19823 11265
2150 549
21091 24059
2345 12612
1735 27175
4027 1521
23541 14155
4397 21361
12489 21611
19521 26587
12482 22174
381 3287
9026 18793
10870 14865
2326 6758
8319 7370
6818 14518
6485 8817
2720 15806
25570 2097
17942 12690
10134 12035
25245 9189
3950 6351
18405 9216
10262 24866
11019 14982
13709 15486
13585 7609
26598 15740
27532 3419
4273 7374
19461 4837
7339 17767
17885 19310
12105 18182
23603 22776
25112 18358
4944 17078
10808 15861
24005 11890
11473 9290
14833 19667
22478 18648
16476 10921
8926 827
8694 27181
26142 2168
8038 17733
15127 1792
27393 2282
18284 15220
10001 18266
7006 9457
3578 6666
24088 26972
14627 9990
12748 26589
14790 9162
22788 11804
19716 26373
14769 15848
16047 25444
16809 1076
6639 7183
27509 18040
14783 1600
17886 9280
3371 25576
18676 12994
14158 25908
9840 18903
25545 15155
11967 24180
8079 24823
5237 12022
15957 14477
9703 22042
16551 17607
5406 27415
8796 16126
16661 181
114 1193
5832 14891
11603 23914
17334 25973
19000 21452
13646 8443
26143 2719
12885 22854
11156 23273
13598 16879
5751 5668
18654 10795
15523 20953
4377 11053
26758 5411
5551 7990
11020 27391
23902 26584
20234 26202
25177 23308
3106 20994
5060 2105
15245 24914
14713 25427
5160 17638
1857 21399
24853 8487
9775 591
14124 7514
12603 6630
20120 5430
7057 4608
25594 21095
16202 5400
8446 12042
5923 26107
25963 1278
12769 1480
7043 23579
10787 9283
19690 17228
8607 1472
16233 7951
14755 2978
13530 16817
19041 6157
18048 3521
19719 1149
18850 22957
19505 14911
26409 11774
22755 2113
227 18570
18730 7899
21507 16587
17579 24791
2959 953
12452 2112
12893 17299
27083 12724
7429 21157
13413 6575
10744 13733
23730 4671
4683 3532
14813 16961
16245 19612
6105 16021
18345 27076
8437 11807
6627 19542
8565 11693
19459 25155
5108 21789
2240 10506
8262 10634
16183 27618
21088 17040
22754 792
2139 19939
2099 11851
8254 8195
10573 2845
1241 11618
8544 19765
14148 15719
243 12967
14820 23267
5268 23152
22214 4985
9788 17161
7326 26711
5865 572
4611 25974
2352 26689
6981 3543
20765 4348
11844 25125
17366 7143
2676 9842
677 22533
17512 2393
4527 13896
9618 15307
22183 24158
10219 16907
8486 15097
24195 21370
2571 7624
7747 14898
21999 22207
17813 6518
5737 27624
21260 11751
10717 10063
301 2361
16767 7309
13977 7250
4084 3041
3202 1811
13118 4915
10934 16998
7300 18815
26048 26756
6504 21346
13784 283
3768 27674
25592 468
23628 4036
10401 14909
21272 13242
26190 22522
19010 720
224 25845
5897 2368
18178 10099
13268 21587
6466 26528
18826 6375
7122 14228
20970 25787
22491 27430
26574 22612
13730 3280
14879 1963
8205 15622
22574 10592
3584 7959
3873 14545
4432 11957
10760 808
659 18053
22975 20663
25063 20758
8466 7622
9862 27458
19419 19430
13181 2489
3723 24298
19830 1068
14142 20694
9151 11422
15718 12099
2344 1011
11216 10028
15573 18960
2668 4861
21322 23773
9428 14100
11330 9088
5079 17368
7250 7051
17044 23051
27320 11099
22127 9034
23425 14374
3189 4360
24666 27078
13674 20991
15589 7289
22342 14958
4108 16713
2591 10139
10012 6887
17088 15602
17085 19032
8946 14457
15803 19963
6505 19251
4910 15758
18993 20794
8931 23316
4638 12136
2974 20999
27286 20921
14715 25645
4298 12363
23642 6113
228 5881
25042 10728
14957 8377
11258 2253
23876 4213
18498 1328
8770 2206
20095 16273
27201 6848
16851 25605
20887 5802
3930 14083
21818 11137
16269 9996
22269 1846
7585 15779
14530 22964
9442 12115
18194 9850
16253 13456
7936 13393
13330 9292
9753 7
22669 18959
12573 12223
4180 3574
14965 17923
21126 8887
4554 18586
1141 1297
26804 6730
20201 22377
26631 5854
17593 15459
16106 21031
12389 17393
6846 13775
8748 7784
11994 25401
22290 9569
11212 3288
5842 19499
15849 5954
4619 25731
4835 22722
8994 5047
12667 6326
15038 26669
21946 11988
2492 10812
27060 11627
18146 24621
20351 3140
14985 27224
13342 19603
23629 23364
17092 25011
9390 3180
6815 25665
26309 4616
957 22351
1686 2482
16635 8651
6288 17084
7037 7398
1553 13547
7355 9746
24307 22951
18089 21465
2648 16932
14015 10049
22738 24980
2551 12147
3266 25632
997 11081
548 10552
2804 23864
3600 14799
15096 25602
21037 25341
18987 837
17162 1810
11393 20708
2655 4484
18417 6297
27682 27249
22088 24287
22035 8368
7085 12503
5070 18548
11556 19268
682 25264
18863 20150
17216 18914
21748 23428
20679 5566
26144 13914
24276 16298
4317 8626
22778 21377
2237 20672
8248 11015
6908 22654
4107 8725
25041 12497
212 22810
27155 13401
15509 1223
9224 2509
1132 1467
16657 20206
13997 9294
646 3630
22576 17207
2985 6221
6868 4374
6147 26578
13078 27650
17474 14088
24790 18393
6091 9706
13153 27306
5583 24228
19568 6134
5176 12505
9950 3659
9156 8732
12598 4640
23560 22442
13298 7436
13621 23800
1016 20070
9991 14852
1348 9993
23234 18622
23351 1464
9688 23933
26002 13636
8426 9544
10041 18255
15169 14590
2083 22395
27400 18925
17176 5508
20469 14632
6308 15284
4160 24555
3455 25347
20638 1836
24424 16
3453 21583
8773 26707
2799 722
18289 705
10827 1684
10217 7302
1390 10879
25539 12398
2349 23565
10916 14616
18890 21168
7169 20649
2914 17001
1112 5948
21633 7997
21798 10579
18612 4325
19128 16065
794 13457
21874 4605
16781 22315
19178 85
25953 18253
21293 22549
26769 17150
26838 20561
9605 3482
3563 4135
16587 24704
2118 24767
26883 20936
3892 18084
1230 7088
22885 4550
20896 16904
10173 22426
359 24441
6226 19948
21050 12247
25342 18878
20248 12668
6816 15891
6653 9640
1122 21267
15172 24196
16949 24787
19057 5849
24139 1822
12847 14499
26102 10614
3436 26864
3913 25736
21728 7813
26843 5435
20974 19021
18966 13308
19777 7484
3003 25624
11165 8135
5292 14199
20081 3383
11820 19834
14582 21641
12167 25578
18968 26530
19687 12761
1535 17589
17379 1518
15470 27141
7447 8434
21083 5916
14909 12231
21770 24830
15409 14414
12035 703
12920 16781
10728 22667
25571 6533
13751 3428
8054 8304
15795 27163
18481 18770
4729 17210
16876 12319
19905 12837
19158 5324
17964 3947
10606 20252
8027 3399
12730 26161
5053 3812
12685 22020
25966 4972
23672 11876
8957 6941
18975 23461
15429 5107
7816 12721
26720 22328
27120 26185
9123 13074
17881 10810
14418 26997
5094 7895
7444 7428
8977 18911
13954 9757
3880 23842
24007 11853
12072 22408
4708 26260
26940 21807
17659 20682
7232 16553
21161 9881
16109 21309
8897 19402
2458 22171
9013 6562
14573 16054
11904 10693
19644 22257
19119 25672
20350 20126
9952 18790
17465 12927
723 14896
3708 4592
5781 12201
10848 26327
16619 23133
5916 14516
254 16297
3942 5981
16769 789
18470 1200
16091 19793
15044 8820
21724 14563
14267 2076
14798 24423
17875 10751
19622 19293
2771 2651
12692 22040
27066 12463
23868 7810
8999 4453
7000 21372
9046 1349
22735 18958
10716 884
27572 11484
19279 19552
14892 25459
3523 9729
10935 5621
6737 24533
23194 27270
3105 23649
8801 20717
1957 14565
3048 17550
3728 10838
8628 25372
13304 24151
11672 9555
3360 3015
15450 503
14851 14527
14683 9089
17269 9638
21194 25642
16795 27273
3641 19728
18622 2733
27490 7842
1123 15335
1255 3240
8612 6869
139 15150
15007 4252
1162 27651
20228 24737
24906 12149
34 3748
13767 21926
3718 17494
1912 15515
7178 4954
11250 1909
2785 20785
21093 1108
19131 25581
23972 23580
4670 5223
2219 4502
25818 20577
17392 4603
16678 15654
9119 13942
6734 132
18655 24422
27006 2687
18877 3862
25002 644
22722 5902
4882 2413
26398 25750
14531 23689
7074 5800
5547 16347
8566 15897
22375 6320
39 25670
6473 13290
5247 7293
5409 601
15526 27174
2467 24241
9159 26931
5985 6178
10633 5039
2102 297
13926 15887
22686 4636
2117 784
6257 7139
4021 4894
14536 24185
17407 26476
13775 1827
8898 2788
3904 23562
8292 19909
18161 1598
413 4451
4967 11214
15193 5966
18304 16958
19377 1558
4135 9410
21688 13263
14042 12249
22404 26411
2604 20333
15352 17039
22869 5132
17633 4111
16649 5956
1189 14074
10370 4319
4220 25118
14781 18375
24759 14146
8681 14586
13583 9688
21165 12915
3835 17120
963 14508
23853 6672
12731 26155
5071 16639
21269 24730
7887 8291
6325 25542
11917 4738
24392 20309
6356 12645
22433 3909
141 11333
15612 16001
542 1743
20624 5646
15843 5932
16841 24475
13220 745
18945 6722
21200 534
1136 19574
13651 7770
9402 26
19701 3869
2694 25486
21923 5397
15404 1661
1960 20370
24178 9966
7592 14466
10611 7053
10583 7907
27515 16938
5911 14974
7124 16236
14894 21394
9800 23549
13047 10604
14980 6747
27215 3229
20754 19789
10066 717
10800 23823
20099 24008
13597 11121
18859 25227
7532 18772
7789 23203
6361 22893
6621 20398
14309 5202
4189 17453
14447 15011
1816 26834
17911 10424
20005 8030
12284 21913
22884 7510
798 2933
4742 529
20652 23204
22440 26379
11730 25027
9061 4512
16578 1078
14777 10057
14111 21462
4014 21417
14337 21506
25566 15537
4163 26819
16199 21304
9229 13312
2794 24493
3791 25734
10677 6724
6699 8055
5109 2935
2122 25950
15227 2371
9480 15858
896 16638
24183 17916
8094 7565
9126 6566
20921 18000
10038 11120
2255 11529
10523 18006
13943 23660
20091 14021
12681 23378
6133 12297
3064 619
9672 12975
18342 14670
16375 1939
23920 13441
4371 23317
7542 25185
8201 7607
22797 20065
3224 16308
2182 16470
715 7544
17799 27573
11953 7821
3737 15409
19583 13212
20623 8381
15267 25253
4628 20361
22739 4090
21404 20653
7207 18379
256 12686
12612 6766
933 16383
9715 8054
7694 21284
2014 22830
20983 15835
935 324
23442 12747
24203 13339
6050 23815
11564 6152
26394 6262
27039 5180
11833 19375
10664 20683
7715 6547
6221 8077
24959 11205
19319 15689
24827 8326
9427 23698
12662 5014
14061 25274
4294 26444
1740 2902
16414 5464
21757 21234
9774 256
9106 10940
5759 15153
19042 15564
15695 20336
27560 25753
5066 9180
19063 24837
19724 2915
22054 10335
14390 22708
18934 4179
20210 7129
11650 24432
9392 24750
23039 26082
16034 12949
14841 10965
7394 19209
23447 15815
1826 22825
14922 27190
17761 17566
2192 2982
27739 9581
7473 18575
2682 564
19694 10343
20664 15343
996 23093
1906 15043
9127 24288
15338 20493
10281 3198
15906 16208
23095 20315
12634 27194
3356 8231
161 22756
3619 6816
23744 26971
10337 9603
3135 19337
6454 7975
64 528
4529 2517
14742 21731
2946 18611
3368 3829
11670 11136
9878 12248
27282 20120
10266 16851
8838 8942
21846 23200
7462 8187
9205 25557
15743 26788
20789 13956
1472 25432
1098 20216
446 86
3664 10654
19836 11645
5416 21965
21422 7168
25942 14239
11453 22910
15610 16815
14947 20534
218 9788
10141 13253
19739 21588
15269 20174
391 17548
2637 11989
11680 27162
18418 25639
6175 14715
17125 3371
24975 9039
14308 26932
13345 19382
5436 15280
14789 25426
19735 11903
18382 18582
26502 16008
5442 13707
5121 5899
23582 21739
18430 12487
2340 1957
1570 4159
25629 2821
7330 9245
5225 19130
22511 1350
19951 17093
13559 13795
19570 2281
2303 9378
910 14764
1429 15667
635 15134
22687 21201
21086 13260
16606 10386
122 23950
2860 2753
11778 2137
21168 18071
20756 25005
17127 11223
12444 1845
13590 1178
11404 27738
15670 23889
14964 1187
19028 27404
1058 4393
11801 21644
4557 23321
7548 22879
22947 6498
9297 21845
14528 5258
324 16194
8618 25020
7939 19838
15620 17906
7453 13900
7946 4983
10854 27500
14325 18982
18036 10231
1813 23486
22593 20941
24826 10475
21230 19670
5421 5872
26051 11596
4715 760
21225 22507
11414 18525
17514 18940
16652 1887
15856 11907
7317 9554
4080 1753
14416 17947
11302 22108
3611 25457
24667 22054
22270 15588
12116 9764
2207 22918
19754 4996
13412 25266
12863 6983
4133 6506
10195 1441
967 21634
7294 27376
7890 2081
14243 8974
365 24334
18493 14779
24976 17024
20339 27265
22836 17378
25168 2607
7545 26369
14161 22373
15833 9202
291 3181
6386 8182
13112 25971
3413 18305
22242 7326
26258 8211
17360 9255
23680 26824
13145 20914
15288 8012
17024 23036
5673 6173
2407 799
23337 9968
21095 25587
21237 13986
19052 6761
8373 3282
4447 9765
22090 6164
1995 26247
5939 10524
6032 3677
25068 24857
21920 1561
193 14963
21367 16908
4193 4614
11533 12129
19756 677
15480 20589
15940 6213
8549 25907
6158 10098
7523 16159
2191 20998
20683 15287
5977 21446
5245 3878
14995 7665
8028 9983
15461 18449
13611 2291
3585 22538
22675 22234
17095 11282
18821 15531
14872 13381
21277 17183
17644 15455
15108 6080
18228 24826
8407 5701
27272 10662
12925 2313
9271 13579
19896 24247
3696 7215
25611 10303
2366 21181
8937 23774
17966 8285
15740 2678
25755 14549
19602 602
15662 26072
16470 21829
17770 15969
17719 22223
20113 21202
16004 15306
27577 11176
25100 17315
18455 5211
12307 19009
3249 19721
11827 22512
5216 22867
17190 13875
14356 17335
4855 16528
1716 9672
7691 5497
1552 21608
16166 15444
686 16163
7633 23469
5834 10320
20782 9827
6002 20698
3970 1100
1462 18686
11469 26083
4777 1293
5657 25675
3447 3078
24100 14863
11639 10568
18130 19889
25514 8603
20116 15987
2231 2301
18519 3569
24687 23300
8257 7974
1169 20735
2024 13217
13615 21826
2933 26922
3430 16499
10120 15751
2840 26368
11823 20757
27457 16480
22243 3068
22533 20865
14389 13079
19228 13340
18487 13859
19471 20863
6780 12826
23877 2448
15271 11486
23040 27377
25455 9009
22863 17073
2140 19685
17188 19057
16691 5759
8109 3636
19417 5782
25003 24386
5474 17411
350 8546
24561 24268
2577 6234
19692 5762
6301 5268
27405 15187
3299 3029
27088 13446
15527 23045
17794 5577
4876 11038
8185 23945
21205 24748
9855 25166
9559 24076
22557 583
27047 23108
23604 5998
22330 23751
20078 13012
8828 11795
16954 19007
21382 15379
18449 1965
14006 11826
806 10598
16788 9534
9832 2718
21725 2138
3114 2829
4781 716
7152 25996
10595 6362
13770 1454
1788 12095
8634 10827
4993 13519
3587 24487
15147 24838
15327 17745
26591 26684
6109 19623
25534 3146
9714 20498
24223 15217
13542 2367
14684 3507
23626 5243
7593 3301
13346 4870
16334 3213
19312 3961
18459 14308
24795 3070
9600 13486
20306 13410
7166 9810
18628 4886
15123 2416
3019 10422
16160 21020
7597 27240
18761 17554
5159 5236
10588 12270
17522 12173
5130 24282
16377 14221
23827 5156
12221 24317
24264 4862
10113 15550
12274 24469
7717 21067
7 9389
7511 11331
9084 20833
21676 8393
23428 26599
20354 2968
344 27220
24683 25786
2757 12995
15961 9976
24152 10010
7435 7869
20239 3479
5175 4574
18232 23688
9187 7551
14773 10136
9785 9521
10276 5608
12117 19585
27260 14784
18882 26339
12568 10456
17211 7736
13732 6146
16298 4901
21254 20668
22200 19364
17865 1358
758 19099
6925 19481
8850 19628
18381 16476
927 11200
7934 7815
6043 16256
5558 21335
18795 5785
21291 27471
27021 11954
3687 15623
10241 12469
1231 15610
1305 14090
9370 18144
25572 8910
20225 7648
9506 15886
20665 13114
652 26933
6551 3797
25886 26154
750 4814
3795 19223
15283 3606
3373 1677
16187 14207
27740 10345
9673 2082
80 5161
22833 6284
11544 2785
20237 61
26161 11196
25045 10458
16367 11586
1338 6340
24197 1469
22329 11210
9077 7794
19440 17053
2228 16233
10920 26751
15622 15584
13735 10022
19821 10750
3714 22253
21647 14544
6928 7488
7832 21791
535 5532
24508 19773
25998 11455
16472 23263
1513 15048
6863 17163
17021 10445
27525 22282
23029 11729
11169 429
12881 21548
6715 5491
10852 5091
17847 4346
2983 2478
14926 26563
21442 10406
20417 14757
5192 8249
6630 26276
25606 24108
18694 27547
18440 4522
15011 13964
22065 14885
27355 11469
17286 25693
19967 13801
22965 19425
16184 8180
3236 12726
6978 24890
21460 22307
12669 24638
16 18717
5858 13153
1768 27507
12642 24944
10289 15811
26782 6824
13154 17271
9233 21723
4550 19584
1420 4189
16417 7124
15371 20707
10642 20570
8329 12258
10514 18669
12393 27036
3937 3577
21645 19955
17319 14002
22944 3733
4412 6347
16203 173
2104 8028
27090 25843
16789 5673
11923 4284
11321 27356
8171 9766
4389 6520
15737 20280
13372 3037
4440 538
9953 12170
20086 19248
3016 25206
11050 1478
22767 9178
13029 2497
6481 26069
20312 5833
10408 11528
22201 8599
17912 6815
13631 3548
19844 22142
3242 23670
10889 23976
24042 13723
21674 5835
15723 8263
11390 23758
11068 18242
461 10778
22292 2248
1158 1069
10400 16444
22206 17097
12614 26143
11340 6542
20133 19343
9794 27417
17460 4367
5782 13378
11965 11998
16667 58
18373 23125
24015 1158
11047 7592
8581 24003
26468 20515
11066 2323
16227 26199
8676 10917
12779 13838
25996 10196
19723 9429
7595 24503
10350 25340
3165 27414
11260 345
3137 25328
21082 4706
8649 21049
156 27048
17470 5176
27228 23694
2185 19610
2502 22847
20539 1632
1498 18733
4502 21769
24821 10744
5336 7714
7421 7489
6268 26364
27256 23087
17026 16571
25130 20456
14421 9249
1313 19238
11381 3310
10689 24028
19249 399
21475 16052
15781 4826
12443 15664
6897 19554
7512 23340
3241 19394
3308 7840
14967 15333
8854 21854
4401 22056
21622 27197
14084 26018
11174 8334
1095 26271
2518 23845
5862 22055
22970 26384
15125 22716
25809 4034
5501 10836
606 18489
22180 4531
13814 27699
7322 4256
24236 2
17754 24554
21372 12293
19995 27419
15171 6995
17170 17112
905 27381
24746 16526
23807 13734
2626 15326
22154 947
16438 24312
18313 26915
6678 25183
13209 11846
22786 3804
14138 3806
11149 21531
18068 887
3427 3192
15365 11315
274 15072
26316 8886
4252 13533
18188 25000
11935 3306
7048 24264
13975 23102
1517 4389
21427 333
15025 7887
9798 12125
13184 23218
23432 20062
23376 10074
21191 4154
893 7520
19965 10081
7861 2233
10293 4606
21503 3391
8595 14795
14436 6038
18397 16244
19886 5278
14370 13275
5882 1928
21212 14379
8434 9368
26518 18140
21466 7575
12014 24360
7345 3929
23273 4255
26440 17360
26474 27704
5713 22491
12391 11916
11545 20371
7657 24126
19972 8438
27003 11014
15377 2991
6319 27302
21958 5104
18316 3424
5486 19429
23829 17519
18 6220
4455 18787
12742 20329
1874 24951
2932 24672
1699 3663
22914 7173
8017 8525
9611 7881
5395 19875
5195 2608
6316 26354
14551 3691
26519 23829
16537 12848
17941 15435
48 16255
10139 25127
13737 1683
15037 10450
8428 19183
17859 23280
18030 24752
9580 847
27518 142
5851 23440
8444 5210
16817 26598
3693 21194
24987 21555
899 25318
15067 18429
21746 14712
27172 22018
13948 13712
1613 23264
27435 16185
15577 5471
5384 4398
8952 18488
22075 24714
18537 21687
17790 1163
4398 6610
21412 23821
23283 2514
24225 22244
3009 26728
716 13310
3150 25316
17256 16182
20922 18054
10023 18436
26643 3224
7156 16459
1889 4318
20584 14871
8651 343
6557 18418
13462 7072
24330 14847
20996 16209
5487 27173
6781 22553
27338 10256
12522 3592
12356 22942
27751 5493
937 10708
317 17236
26145 16263
26327 6851
15462 11062
17736 9287
6855 12468
16114 6978
4999 21052
25511 13612
13932 14453
25515 26740
25698 2031
23027 19167
4223 23458
24562 1876
20368 11789
9184 19575
23607 19556
10484 738
938 3005
541 4831
14817 5502
13566 1582
13326 17145
14032 14872
26566 14720
23843 20727
12208 18926
22005 15856
13835 24401
14504 1804
3958 10484
1538 3600
20841 3705
8173 25655
14465 26187
1625 18475
791 24962
11668 6732
13030 13005
20056 13008
24606 19125
23287 17678
11151 3434
26493 7837
8742 10890
2459 18644
25716 9571
22502 23785
3519 22688
14041 9893
15766 9644
27110 16000
27691 9436
6418 23734
4751 6145
18980 24588
13064 26275
3066 6814
4112 17951
19650 26810
19224 16930
25348 14261
12279 1985
13499 11287
10371 10245
5252 1355
9656 22621
27619 6111
10147 17238
13127 5688
16096 10934
27498 17318
4637 1712
16099 14377
10131 18988
14497 2507
1809 1259
27209 23199
16262 21040
18719 8430
13628 13711
27318 4590
6729 4930
2850 2898
9321 7923
24603 10016
20556 1674
26272 17542
5262 4445
15399 21887
18722 10079
21634 17251
4206 7342
11599 14718
8099 13187
8721 392
7547 11483
17564 26144
23631 23128
19853 16116
2223 4707
25236 6301
2415 24624
6927 20301
513 4208
14449 7694
2495 22487
18331 19297
21595 1577
26778 21740
11857 22839
4735 25180
14854 23742
13469 20723
9927 22186
6260 27178
4744 10632
19031 23487
10727 21380
23058 8314
14732 15642
9247 23392
13343 20502
2449 23401
5928 13064
5461 3
8300 1671
11057 12386
22506 581
26019 9994
25808 26984
8241 20829
1567 24591
11964 5038
14506 2670
7363 12156
16161 27655
1126 20098
19918 14044
1728 22143
10503 16082
14662 25953
11304 11197
1581 19443
5115 411
8800 13385
5366 5500
20500 1311
8266 16883
15126 2167
2639 24915
13795 14346
24012 17010
20002 11934
25005 17259
26059 25396
27576 13892
19315 4463
950 15315
16299 11905
5553 18414
5550 22814
8461 16747
12223 8213
19363 526
7283 22685
126 9243
24852 2920
15889 18057
240 26160
22380 24382
15812 16366
14279 27398
14988 2465
9036 5885
17118 22276
15021 13349
26093 9438
19036 26346
21640 24506
4378 15556
8316 21949
320 16543
2081 13458
16337 20034
15154 12600
15818 16325
7854 19299
10722 21517
2263 3801
5253 21000
1524 21599
24161 6007
5313 13673
4202 11311
8771 15175
22580 10733
630 15975
25154 23913
3195 12888
1785 18072
4903 20435
13818 27049
25968 1666
27350 12
5368 2672
22950 19565
21752 9949
727 22007
22307 26452
5884 19117
21006 26469
8395 14245
18741 11598
14685 12773
13972 14213
1185 17159
8189 9195
13192 3368
2956 21547
23712 20463
21199 2776
12249 23890
4960 12253
6305 23635
19659 18048
17173 15432
5849 16809
18220 26335
16355 3798
2906 3193
14151 8147
4263 2056
6027 2722
15830 12418
26593 27144
26427 14846
16647 24627
6330 25851
11548 26428
20843 24523
26134 652
529 3833
27115 2447
4722 7392
5371 27468
20193 7536
4785 9905
6181 7918
19422 17482
18660 13520
20160 8856
3115 9006
22673 16380
309 2382
17954 11700
23148 636
1749 27324
23912 20026
4226 15949
20816 25610
21395 21545
19271 12539
10844 18111
2841 2229
117 23744
18260 15660
22322 15014
10742 9380
1341 712
49 25777
12285 17389
21504 13498
5333 27511
9610 381
6602 13797
1676 1687
13627 2027
8321 11384
11711 23336
1109 2562
6875 5555
1035 18050
14292 386
125 5391
21620 10215
23751 26089
22363 17573
24706 6915
894 24613
4701 22974
11257 20238
8928 25916
4442 5619
11963 17796
18867 1054
173 9884
12399 15179
18961 18835
16878 21683
26909 20827
599 25947
26962 11760
666 21114
25562 22295
16395 19735
2556 22710
15135 9944
3362 9940
1108 8792
15884 12495
15423 21390
21416 26691
25319 15538
9019 24473
5506 26754
1846 26468
17990 19456
2660 25397
11261 6608
15864 2698
500 22339
15942 9352
23366 1000
15756 16333
8809 24058
12560 21225
7193 26970
6765 9660
14180 3357
3407 3693
16050 10087
21957 13535
11704 10982
17212 23297
27055 22580
19383 6012
22827 14696
23125 10527
9589 18664
20398 22802
9364 8921
23721 12799
4738 1429
15779 12567
15976 7157
9305 8573
11752 10773
24744 26963
17300 24001
550 21581
10125 5858
10665 7939
1207 15195
3959 21944
11740 4588
3967 6461
19387 17788
5979 24172
21013 2782
465 2827
8493 16992
9025 4846
26302 5598
21247 25909
2264 3216
6223 21842
22504 25884
6742 1089
26475 4226
5149 2280
24423 27165
703 12422
2601 14045
1892 2422
12405 10376
13796 4354
107 24171
7741 18702
27608 763
21166 8004
9192 27639
10972 22707
18646 25705
13283 79
6617 22530
19691 8031
15575 23556
11135 20886
3365 33
17826 23504
18871 24249
1028 6365
2768 16531
11199 20220
2797 11183
5399 957
11270 16786
11418 7824
15351 5999
1965 25726
11460 21594
253 11421
21018 16944
10308 27423
24990 21010
11246 10111
7282 18957
2227 22053
7364 1388
15218 6752
7059 18380
16838 3214
10696 2891
1795 15408
235 25088
16209 12229
4983 4427
12576 6116
1432 27200
15598 22889
425 25516
18249 16143
10850 21617
4386 711
7972 17821
25222 14312
1175 20247
5444 10986
3045 5706
926 4906
4918 5311
20655 6188
9174 3562
6590 16522
5829 8604
148 4602
15564 9459
1415 5240
7378 13634
18028 4406
27098 3671
19992 23616
3452 18866
2437 23875
3101 24167
22527 14069
17203 7845
11116 26848
9867 18783
6531 16989
12368 1053
3526 2159
19615 15065
9718 88
17583 17600
25939 21355
12903 1973
16996 7218
13759 25474
7457 18324
18567 24530
15999 2777
14579 21317
23422 9211
20333 10212
16221 7357
521 10512
21331 14306
10801 26031
9104 18782
8672 371
106 8196
6353 8982
9000 16377
6800 6676
14562 774
6952 67
419 26168
5745 5470
13456 8396
11031 5207
16153 18694
23008 3092
2062 19702
6840 25951
2143 16971
22724 11772
15372 13428
18137 8452
11288 19576
7655 2398
24213 1663
8613 23621
21858 17027
27147 17731
8591 3423
4238 9033
6512 4688
1150 1588
22825 3722
22187 2937
14890 14705
4472 18480
2716 1444
7951 8427
7871 1017
17835 22623
13541 13268
15636 19063
25925 4304
5106 1896
14503 17439
25166 7741
19718 18234
23816 22662
20727 5957
2531 1945
15968 9318
19520 22683
18145 10167
23592 24665
11828 807
11389 16642
24391 7763
20670 23719
20964 3429
7862 18007
466 16070
19022 6920
27433 1622
6397 22872
2393 21382
20125 17729
5426 4335
7559 11736
23496 987
16158 16443
18252 1191
6785 22259
9706 26655
23974 3710
4492 20219
16423 7037
15310 6493
16351 12523
23986 17136
6379 2259
3449 9494
3886 2103
3715 12788
1820 27115
4485 2505
19166 10246
24588 24017
17318 2322
14619 2593
492 26482
11644 15737
23430 5059
12632 19163
3939 23039
16186 1922
16393 870
9194 23986
23017 5715
21521 23972
19321 13336
2755 22222
13792 22096
16249 8234
10321 9802
12073 312
19305 18383
26756 21844
2328 6597
3570 5784
26328 17263
6042 23155
19970 22134
21007 4210
9551 21243
19025 18599
9717 16395
826 12816
399 3065
1471 23984
27029 25237
22156 18569
22300 18352
6871 7365
24431 14068
14694 25378
14135 26171
16601 4914
16827 24635
4254 5306
8830 21376
3729 13639
10785 10198
4452 13158
10703 17681
9851 24052
10861 176
16331 753
9848 21725
4307 7461
4083 15242
4086 2824
16372 21034
332 24399
8347 24024
7400 12334
21245 878
14981 2092
15467 25690
3476 25430
9827 10696
1457 19306
12427 1258
13016 11926
4707 21453
26857 18125
5510 16844
8687 5129
17017 2418
11763 9375
18846 13771
26586 1337
18762 17888
12844 8276
21552 12482
18207 20722
19942 13651
17307 7717
3277 22461
13555 5257
18523 14745
24915 14687
18576 20567
7680 9490
1459 14778
22534 13640
15717 17562
900 6103
12956 15775
13071 17242
4332 10188
14366 12950
3567 21156
14417 4537
2195 7880
2612 5428
4050 4643
8453 9931
849 9958
5973 5911
6349 18096
25682 15820
16645 19918
10271 20619
10898 26315
16219 11416
18620 12128
10345 13562
22094 14802
23594 21233
5586 2865
3973 5901
12622 3658
4248 19342
8287 22125
9745 1531
20995 1552
23667 22382
351 16538
59 21828
22176 26008
18935 4943
15298 13935
19379 24067
19371 12513
12849 13282
23910 18643
1382 3886
26058 14150
11754 901
2795 13045
22609 6720
10322 4762
13130 10748
17308 21998
4572 5416
6063 16072
9562 20274
18658 13323
2628 7976
10227 1515
12976 10370
3084 16505
23016 3881
14274 25002
4861 2600
4889 22470
24662 3418
15243 8060
6472 5571
9983 3692
12775 6856
26211 11611
19261 13822
12400 4072
14078 17988
1306 2067
7900 11674
13357 13450
14067 5640
14175 7198
5990 6472
11734 23050
14838 26730
4654 1298
23377 17126
4602 4151
23993 18563
6918 25927
23078 20598
14165 7882
13075 3785
22160 17421
7014 19317
22029 25276
336 431
3550 17480
3087 18327
497 6380
21033 16608
6264 22659
18018 23403
5180 27073
17427 5114
6429 14078
20495 12234
13434 15555
2726 14709
22008 26814
9957 23812
26334 10627
16234 21125
11417 16088
23633 3654
9980 7359
10881 5309
18092 5545
1151 20609
3954 21082
19353 24438
12377 13613
3800 24769
19827 6795
14745 18336
14289 16842
6371 23611
22919 8230
9165 2490
13452 21565
25561 15679
3628 25718
6649 23491
6645 5054
888 27102
21401 17229
77 11066
19399 14210
16145 1993
5714 25598
2032 1213
1812 12555
9236 9147
2796 23541
9362 6247
4699 26508
23307 7300
2309 5600
25263 3951
1522 26280
15816 16594
12574 460
7539 1482
11052 2048
14164 13468
24514 17026
12936 352
8568 11257
4548 5913
9631 7829
8484 23920
5813 13426
17957 6087
15556 24049
12753 15832
26703 12453
18907 22571
7118 26520
10144 13777
21506 11865
20933 18353
15641 16917
5433 16524
9660 6460
8833 17707
4900 4148
13548 25117
18569 21605
11942 22217
8668 19249
16682 11355
13564 13738
6889 24016
4039 12412
13022 5133
7107 16192
20300 46
9292 25992
22703 24595
5615 23938
5646 12003
1541 3852
17737 4839
2329 16069
12770 24919
12398 26593
10394 18183
25547 7516
15071 968
17031 9692
17439 361
15918 26604
5072 10307
21860 13953
8039 1126
7937 19684
18016 12819
14686 1110
20433 11494
20972 12824
13301 20894
14756 8389
10340 19769
13052 457
7468 14900
7449 4466
10947 18899
238 7394
15213 23256
13168 1060
23548 7952
21479 5204
16188 7234
21463 8566
10358 27707
13250 15777
23051 4128
4075 4199
21727 1748
14094 12414
5096 13567
25509 10667
4030 18139
20097 14807
17700 1407
22822 6449
6916 10898
15380 12191
16124 3408
8411 21468
22248 2596
7324 16247
2124 8929
11295 13855
14874 25790
16709 26624
9637 6641
20263 24703
8679 390
12723 24906
7147 6110
5500 20434
10492 3402
19573 938
4136 11816
8716 27679
12016 19647
8137 2450
4748 13984
3012 19019
14523 5744
1937 18350
8361 19874
17993 11314
25969 4942
8825 20900
17344 832
974 9533
1529 23459
5321 24981
25280 1218
12509 21062
27563 26705
3133 25212
26364 27021
21223 6275
11076 16875
8654 27712
14597 21265
9821 8627
22531 14446
22314 24255
6874 10478
14845 22228
16665 15984
5741 13111
11854 27399
18715 16605
8313 24892
17717 24539
19484 12423
8541 15699
7504 5794
26393 12734
4379 1837
3459 19548
21270 19829
9169 16686
13007 26801
27332 3481
329 9946
2534 2278
4402 16554
2040 21482
26483 7353
8058 18299
3112 9090
7886 8183
5701 11419
20185 5123
527 8050
8206 25057
4822 20718
19511 25867
18011 21434
10078 10899
1603 5698
19215 21093
21459 27266
8724 4105
3154 27095
18166 20839
14631 563
7721 6492
10541 7792
10790 21525
13557 22117
5988 13523
7978 25919
11598 19234
22132 11394
16311 4415
14908 25041
3893 3572
13670 25337
13374 24289
17336 5296
8114 8401
8234 10342
27253 27104
22000 14024
26965 17974
11351 19757
27759 26721
4172 12475
15885 19480
11377 15888
16822 8508
27699 7728
26835 25450
2483 942
5735 20191
20473 21358
15765 1120
5485 7670
9188 7986
5967 17134
8249 16510
18536 26860
7161 4568
23355 3807
7851 17390
25875 12582
18516 3541
19668 10419
920 20330
10652 24646
331 16145
19755 18276
17870 2348
18931 5755
1194 1488
9573 510
19009 12072
22271 23592
21384 18043
25876 23631
22370 18646
27070 12163
13493 3573
26477 24412
11215 11141
9153 3923
15893 26440
3763 20592
13430 13382
2895 4878
17926 8037
11831 2272
8244 21665
23830 21363
21942 14304
11022 1601
10622 1573
16046 9415
23701 17096
6464 5684
16986 25356
6017 6586
20475 20262
19989 2043
16195 12378
15062 21710
24947 20256
13905 18212
11982 14798
200 12365
3782 19389
23350 2586
16412 18819
2016 7274
10620 22971
11375 18849
2569 9584
12161 12200
4489 6576
21130 21413
20757 21480
8433 22325
8518 17217
25125 22238
9418 10318
9338 2597
12702 16520
2821 7073
11124 24178
21556 19887
3822 16241
3717 4562
9440 7154
15379 5076
3465 1029
19115 12695
2750 16264
13237 3472
1017 19097
776 1203
14406 5691
17887 10314
22563 8432
20451 6948
17839 4841
13944 12603
26621 14845
6966 22156
9552 22353
23727 2300
10456 22797
20447 6952
13936 13123
12914 14567
5634 11044
397 16704
13389 26322
2541 17968
22730 26790
6692 16309
11799 14546
3938 4375
18942 22640
26535 17903
12089 18138
26685 1519
23127 14060
9497 27407
17035 22915
10945 8530
13459 16326
2654 8579
455 9511
23780 26341
5976 26595
13161 12684
10612 2023
354 12858
23652 22901
1020 13373
14747 25199
18369 2896
3343 16588
24557 7525
440 4693
13248 3637
14219 26505
18705 4205
14021 15627
20529 3980
23752 3354
12292 19954
27187 19489
12107 13684
2468 18735
27334 2582
17582 20538
6123 6788
2646 19381
6056 20764
1416 14375
10729 10875
11189 27305
19773 13262
26037 6969
9971 14825
17723 14085
23308 20144
16035 20173
23005 21666
12631 11687
11463 15562
15149 11327
10708 18987
12447 19025
1025 12611
5183 22574
14234 9347
3002 10239
25895 26177
2871 5991
20484 6818
26921 20956
18364 997
9075 4253
2018 23960
7959 21324
13332 13586
2904 20623
733 14443
2981 23395
8176 24775
5087 10788
8586 13678
26563 10020
16874 25260
11707 13225
16143 15606
10272 15463
17057 9662
1428 24113
22857 13737
5892 22046
9190 22642
3260 8017
21612 11867
6159 13160
9547 7839
2048 19244
6450 2311
19301 3279
2418 16469
14866 12332
21207 8935
27213 9658
11573 22028
21571 24625
22333 2587
19759 1431
22060 11411
16361 1739
7999 566
6357 380
692 3826
9922 13864
12792 3230
7637 21820
4961 3416
25892 20984
6179 14851
13675 19257
22295 11773
10680 5880
21252 15288
32 25792
2439 8781
2596 8650
15374 10249
17410 24034
11553 26234
3894 10548
3063 1372
14079 15965
4092 5373
4314 23755
21446 6063
18974 2110
23919 21776
738 4108
21483 9464
12435 10334
22737 15694
3310 20631
15015 22017
8727 25379
26495 648
27171 4124
17359 713
5902 13833
14127 17196
7271 11923
5063 27063
8196 23528
8443 13741
18751 16004
3786 24880
4028 7870
21314 2754
20485 2707
12661 27432
26209 17896
3078 8209
782 20481
18689 26423
1752 16565
4582 20176
4025 27416
13595 22764
16290 3440
12530 10789
6479 11338
12519 14042
15284 8641
4677 20122
9275 24599
6176 7471
15233 26663
14247 6349
21832 24609
19370 10457
12788 8493
4798 13029
1124 13575
24388 17240
21439 12030
4114 15384
6417 20814
21430 12484
25529 21159
20938 22233
9339 9315
1149 17673
6538 16566
17946 18737
19454 23662
9806 8815
2952 13755
17273 20891
1695 16018
1289 13598
5642 21988
20260 18339
8456 16840
23031 25722
9137 5030
12682 20324
4984 17992
1398 27568
7731 10772
8281 6055
15029 196
12209 12279
26601 11042
15846 24804
8122 22703
3377 24451
14381 19152
16586 8924
13147 6650
17651 19303
17362 19273
5306 21612
582 10446
6054 27529
3820 24997
18714 796
14306 26895
18834 22308
19086 4498
14185 18011
12308 20332
10158 16831
7603 18605
12397 325
12537 15580
20050 20547
21994 1695
3092 11650
5376 14483
16527 25485
7536 16534
27065 3024
20586 14714
27223 23647
2931 15971
11837 22314
25044 22106
4948 26055
1827 1806
27431 781
18570 18105
1837 14426
14606 10826
17882 593
21275 437
10313 2309
6893 20578
18020 23991
15928 9957
1511 27581
4518 19505
20061 5671
27448 12438
24156 1523
22875 22493
13843 17799
17903 20985
12414 6464
639 22978
10447 25572
36 11844
20394 24143
15361 13831
27659 1254
20347 6422
16933 13499
27528 21492
20931 1216
17539 3363
7292 11237
711 15854
12871 16100
18270 175
672 3704
347 4017
1764 7656
22389 1596
12737 14668
6350 18594
9893 15208
27671 1
5099 15356
6783 8667
6431 15844
25408 16487
1375 26979
7445 22141
10741 22002
10087 8891
25477 11279
16921 14110
14993 11249
23965 7041
26537 4559
3883 15840
8807 10122
26490 15091
10806 2602
12924 7095
14025 11362
21438 3908
157 9265
3551 13250
16509 17199
75 19553
23286 4771
12303 5746
2293 17062
8885 25420
3557 2458
10164 13999
15181 5692
16742 12943
5675 24701
6600 23779
19354 17306
23083 18810
10111 4106
5670 8664
2331 10668
15794 11787
843 21006
11121 9068
15375 15423
26124 13516
7653 133
20746 11790
25670 19290
14044 11351
12424 5405
19730 10454
2270 813
25704 4745
3320 10449
18444 26964
13210 20483
19885 20161
22723 3590
11422 22145
872 26208
4071 14902
20988 14672
4067 11769
18460 8609
6634 5206
4507 6397
7328 10887
1866 7725
16229 2552
4336 13476
494 17184
2644 7158
2470 26014
10153 24642
27508 26297
3400 21255
15364 3079
14494 7333
16941 21961
1896 8652
6180 11707
10234 15064
6207 4998
12784 14241
12095 13576
19267 25171
3027 11181
26655 25051
20087 5681
5680 20257
14996 12660
26609 4344
13931 25462
19807 6290
3940 15685
17786 14019
16732 7100
7636 8785
16441 24618
15962 24206
12991 1937
2967 1898
21271 17610
23786 20989
16448 11466
3741 3757
16408 6510
21185 15834
6312 19334
10892 26066
13128 9797
23396 15140
22487 10462
4641 10555
10805 25810
23177 5484
10020 7957
13764 23008
2267 17420
7259 13475
26970 13433
7099 19582
17094 4521
14362 5403
25176 39
3672 22940
14853 25658
1203 15465
27552 17989
2088 10768
15041 22730
10495 14769
18053 3643
4646 2943
2241 13676
16049 614
7335 25520
16178 1714
23431 15240
4660 10914
21779 1732
1288 16671
7879 12432
12803 721
4300 18004
24520 20842
26619 145
3364 20657
17134 13352
17492 10674
1111 24130
17435 357
1245 18219
14815 18829
19661 26921
12373 9523
16943 14488
19204 11961
10265 21924
20963 7545
10397 23404
18561 26832
13081 20486
20416 10112
12927 10556
3028 23451
17640 19643
2487 6391
26287 7790
7749 16013
14382 5686
19351 17022
22625 6104
2517 23672
12564 4751
18929 19266
13851 13215
23506 10977
19728 21435
12375 20942
4870 9226
2922 5700
17077 24259
17600 1917
13928 7806
7028 2001
7701 21767
15917 1247
20510 9689
11875 26376
4567 17246
20363 22274
19344 26859
26589 3821
7594 27298
21965 10138
24719 27225
18040 14944
15591 5272
2715 12243
17745 21301
2752 20292
4658 6170
26125 23474
27502 24496
16113 27300
17795 24367
15667 3694
9257 18985
7463 21163
24751 26300
14505 15878
16225 27334
169 16155
7652 5857
11358 19755
4678 16477
25489 12145
15136 14887
15879 7142
14277 23530
25727 1345
22671 17133
1532 14823
6392 2783
16784 7162
20820 25103
19289 11558
1905 7638
26742 16783
24115 1415
20681 22611
13401 559
25397 10513
18766 3981
17693 1003
8557 20662
16689 2498
11949 17684
24251 16739
24570 12254
22873 10487
15597 2668
8030 9524
460 26636
1943 16667
5038 5336
1851 27756
19959 11140
20054 27484
10657 16617
17631 15648
17152 8782
8213 16093
1714 26631
1010 8246
18852 17742
27152 5346
6448 21752
5824 4454
5898 15996
8308 4119
10326 13403
10425 17382
11117 4524
14439 2911
5001 4520
4157 3252
26374 1065
26087 23361
26469 21899
19488 25065
15709 14489
6034 18642
25689 10226
23504 23344
13173 5558
19308 7151
8042 8608
8506 862
19585 19770
14740 5988
5620 382
2472 14476
23073 23900
21594 20375
4443 18074
26507 2117
20206 19148
23280 2239
2044 23476
2640 4733
20356 11291
22473 15862
12366 943
19532 27387
9681 9911
18085 4476
1059 23222
27583 13542
14861 19837
6854 14136
992 8402
18595 7529
7909 10430
26690 23706
568 5562
27183 26778
4138 4285
15696 15474
8678 12744
11383 20110
609 15795
23050 14609
6909 9173
22150 14479
7502 24372
9577 24853
21451 13721
10338 13615
13431 6611
17442 1267
11387 25458
26395 23813
9499 20550
12917 17563
13748 539
1307 23182
3387 7135
17556 13957
14096 5804
13529 26639
4008 9403
15319 2126
23484 12471
13562 2320
19700 1452
23804 8975
6006 16198
799 25634
17191 12184
20880 17768
24962 7929
13760 25104
5135 13418
4673 1892
15035 9947
14270 17602
5850 11929
12423 14770
23819 25784
22966 3838
18682 22450
13289 25924
10971 19817
22498 5951
14524 7059
16973 8795
9835 18530
22895 18718
17836 10736
1684 5499
2119 2640
15506 11188
1977 14163
16098 454
17658 16892
19355 23997
8791 6771
25944 13422
26876 15816
15475 3984
10572 13058
3050 13685
1137 6990
23131 25663
13399 12017
22021 10155
6136 6010
16576 5181
1166 20911
13256 872
18849 18216
8502 24245
9889 12504
25077 13573
14438 5654
22837 26345
26854 14892
20762 22936
16175 20588
23225 19512
25784 16880
10118 16751
12767 23295
13983 21755
22690 6682
20082 27691
11103 13369
7573 8906
18869 9510
947 11159
16955 26741
19027 1750
25878 18073
2572 27065
23378 16800
11796 6573
22868 10679
8187 300
2376 16151
9490 12681
1712 18319
7873 560
19358 18132
5190 441
9299 3151
3160 14575
14496 1545
2403 14576
22324 9749
7919 15508
2001 4098
21068 10275
3870 16330
27237 20227
14213 27602
22938 26432
17515 27276
4936 1633
27087 2156
20047 14227
7720 25982
15253 6698
20468 3756
24106 25603
1412 4549
16185 12763
20153 15442
2521 7362
4818 23524
9308 12443
24221 3164
17462 13948
2944 8888
14752 10777
12977 157
12076 9014
17459 19460
15189 19712
19537 24033
5817 9404
15753 16221
1050 22742
18713 22784
1908 372
9070 26378
2537 21660
13969 20987
22795 4806
9476 25748
14823 17952
7321 15230
8876 10749
22654 24637
16425 23406
11930 23756
10317 16824
1855 8122
20651 5364
8958 25196
11955 1296
21415 16105
3667 22848
9575 17660
16283 11767
7912 15067
6274 19890
16754 25112
20800 26575
9334 14537
8540 18998
10474 3052
16104 12395
534 23699
10571 25685
26479 25644
10759 13054
4653 23029
844 9568
16808 8356
12869 13818
12810 866
16011 13803
27496 18345
14335 9612
15249 5386
3601 15438
9491 23628
5041 11980
3058 10830
16246 13109
9925 23073
23068 27557
22802 15624
10662 12284
14413 16635
24771 13994
4255 13084
10752 3432
18873 24138
16671 22781
10119 13968
16073 2443
25462 26701
3381 8203
13213 25869
4630 23637
27353 12050
5332 24048
9901 9718
19472 14747
15203 25422
16707 9727
12804 4820
22204 17879
21980 4579
15328 123
3720 3134
18242 3039
15014 13663
13111 1062
5220 4240
7374 6528
17417 5553
11506 13812
3984 19566
6467 20159
11432 1099
10875 21025
11102 12857
3655 26729
7198 4320
1246 25880
15281 24852
22244 19622
454 3127
27704 4558
5173 14583
12139 18831
13176 8450
27511 20237
25377 13453
10946 21107
3416 24240
17616 10273
10973 18046
3961 8384
2111 1879
2741 15649
10763 9831
15201 23998
15985 7007
22777 21975
15992 20543
27232 1959
1133 5569
8394 10643
24522 21223
6691 4121
23705 21486
21300 4005
7397 20875
4883 7758
8645 5585
7681 12385
4473 6074
12524 22903
22829 26735
21257 24385
23022 2028
12151 20054
16001 14768
21675 21240
7921 15
16979 4448
1272 24088
10546 1949
6144 18973
7143 18145
3175 15756
9481 17975
11798 19979
14284 1848
2705 26535
5174 19804
18509 27196
18005 8303
20672 7875
27554 434
17656 14359
5823 19772
17452 20940
6408 24408
10428 17966
7202 2572
14087 11719
20179 5611
16746 22486
12552 18357
2190 881
8722 26564
13558 18551
934 10364
14034 4674
17543 2814
2084 121
9114 1969
8274 26610
11196 8463
15840 18873
25610 22651
7054 11026
788 18964
5965 7128
13958 4974
11336 19102
27664 13345
166 25086
11244 14750
16295 15812
3656 15313
19336 22466
11038 25047
13017 9326
4568 9787
20703 24789
17165 2743
13063 23552
13913 15238
5092 13835
5254 21733
22012 25936
8439 14599
23610 17524
16899 14137
18384 613
3239 2298
13319 6699
25885 13230
9747 23983
18235 12983
12271 18769
18014 5447
2254 12544
23353 19096
14056 3323
26964 26257
21154 232
13373 8150
22992 16110
24351 21524
2153 8605
9809 22302
10510 14939
8779 9723
15659 22037
20777 4755
22632 13918
9831 5893
9652 3744
3275 1869
16149 3485
18224 27019
27130 8904
3288 9129
5232 17247
9072 20411
6755 7006
22186 24118
20293 14523
7013 5201
16082 9789
23385 15725
17466 2938
21869 25438
12255 2469
22001 2091
20488 939
14441 6367
2827 20509
5629 8956
13781 11898
21599 8520
7987 13987
5838 17186
2535 23127
8404 8490
21129 16066
11009 21900
21228 922
21488 7698
11803 17072
23750 18204
16953 7083
10019 2204
24356 11566
20381 9799
2597 25959
12551 1987
10810 20190
21814 18433
3686 18791
23862 24512
22847 21849
8083 6399
2638 7415
17375 5904
22548 24558
65 8491
12587 20893
1081 4803
14101 18329
18186 9608
6040 8400
1835 147
16410 6812
12149 12077
12453 15827
18376 23711
6333 25762
2371 17556
13604 6303
17773 4140
11478 9616
15012 24200
22196 26361
6511 8212
20772 5613
8212 15879
10106 24656
12841 25400
19238 10601
15827 4604
4276 22582
5296 448
22418 2700
7296 18201
21496 13585
15639 14080
5196 10030
26075 24572
4095 10069
18243 11821
19509 10492
23878 15750
16055 9185
3487 18348
23237 8632
15894 21489
15410 23035
1452 12801
21344 13945
2168 355
13149 3565
2960 9200
16545 306
10561 27213
675 24693
15285 19737
23768 26196
22291 11051
3709 480
13667 5049
20827 14780
11722 22863
19266 14875
8102 3832
1410 2163
1215 3670
7663 14602
16409 1329
26368 19369
5764 12722
18483 5208
1325 8217
22046 15895
6487 8164
2065 1880
23290 25282
16386 18754
22617 747
4694 60
3126 19520
719 2986
19348 14628
22284 4528
16500 14361
10960 17774
8602 24724
3128 20579
27333 5565
26481 25751
17072 20782
11870 8255
10103 5873
24098 5441
5073 26658
21492 19467
21350 6239
2412 7678
6310 3526
7162 786
9348 3552
21933 8460
19733 8257
16794 25270
1469 17080
1614 6361
15358 8720
21211 12550
16306 8219
4955 19412
7783 17469
20653 817
10626 19766
16753 21442
11849 17104
24265 9023
2966 5601
8806 19986
9323 690
5706 19154
11252 10866
13339 23554
20924 20006
10927 4195
22558 23095
18025 6558
20778 22660
33 17173
25827 14265
2034 8359
174 3019
4594 23221
15076 19239
3186 16006
20967 1814
27354 7531
5265 9248
17007 25417
23007 12594
3113 13397
27638 17291
19681 24032
22727 24445
416 23581
26503 12558
1027 15104
7320 3936
23364 8598
21911 19580
27343 21365
21233 9462
6687 9396
5957 27351
14741 9860
20151 22865
15595 3860
6121 15516
23873 6334
27690 433
3061 22552
5331 9669
11927 7766
13816 23861
22772 7795
19530 9275
26336 16492
5886 25273
27080 20327
14966 25467
2736 8764
19125 2520
18290 9904
21434 9127
21850 26633
16852 26011
13823 24584
22660 20519
9828 17604
18390 17419
11268 19077
3746 10952
616 10761
26064 16585
14785 12894
13344 11160
25421 10963
16257 26157
25046 25758
9400 17455
19725 25503
8832 18446
3339 25479
10167 8268
11962 8666
2730 15098
7452 4684
16130 21973
26904 9133
10891 3732
23844 16348
12637 189
11191 17226
11507 15149
790 12655
21955 3557
2049 4725
14725 6306
18643 6845
4388 26524
23530 22179
11772 7554
23724 23532
11619 13632
140 26888
7867 23508
2663 10316
6273 19455
17454 3855
10655 13108
9658 4166
3614 27257
109 16819
26920 10300
689 7634
8866 16091
23550 21802
16620 16232
9387 5769
19071 23512
7776 4357
19433 22930
8362 4587
21826 20507
27655 11011
21741 10681
1186 8536
18088 20040
12316 14917
6462 24909
16548 22449
20276 19023
22774 9074
21058 21022
27339 23618
3925 7695
17461 14589
649 11973
27299 12134
22453 6925
25086 16878
6570 19621
5179 27352
18269 728
4709 27128
14600 26075
9080 301
21378 23723
13278 12402
26491 4851
18926 13895
7518 18108
1493 16011
14408 2796
7304 3828
17664 13563
13596 22527
8080 27341
18403 21818
8145 6736
19243 9002
9707 20836
9065 11723
24483 24623
13132 2832
8334 12800
25679 5561
15185 912
8322 13874
8556 20950
4829 13175
4190 27503
6341 247
9820 9293
11255 23307
1022 1250
23950 24424
3783 25292
16504 18264
5628 18714
415 13507
627 22647
9029 2019
18608 21557
6919 20632
2261 8930
7801 20738
10621 15656
12130 18993
6746 10709
9172 26079
11702 17294
20773 20431
25055 15824
14045 15138
23325 8000
25604 17385
6763 416
21863 8788
1787 9969
21000 4394
26020 3799
16739 1369
3668 20688
11195 19246
27297 9179
8398 1785
5768 11871
7876 2329
4612 13583
21080 14174
24870 10680
19427 5313
27579 20286
2623 18251
27454 9601
14760 25093
12486 9673
19825 5165
18061 11498
7531 20520
24448 23228
1590 11356
19275 4358
5662 26945
4373 22550
16157 27636
11718 9199
21069 10044
4528 7156
13722 11920
14281 18442
27254 27262
12586 23937
5918 9087
5625 5809
8762 25967
12616 23957
20731 3303
27656 10440
9422 3931
20353 14638
21621 23370
19446 12898
24006 11580
10614 19051
566 22677
27481 21162
16603 21229
22143 27408
1065 27436
5009 17495
18486 7724
3770 13380
15420 23600
12369 11831
27126 24673
8936 5768
19922 5525
22325 1934
7247 15523
13294 22085
22630 19513
21861 22969
3522 25614
14028 17128
959 27475
6593 8473
52 21837
7310 22868
3337 19088
8951 24785
9389 22133
7875 18075
23641 23247
11993 2610
16564 14910
4102 18001
6178 9477
8156 26959
12873 9743
19004 26650
4051 21833
8462 8684
21100 16479
10532 7666
12338 19953
4406 20299
17272 4711
734 19842
5387 21134
6086 26692
20307 4263
10379 1821
15931 6161
5921 1206
24375 264
12462 5821
22169 2245
184 24202
9682 2389
11055 7086
8877 19866
27702 14311
17985 27452
13468 22249
2000 5944
3272 9188
6924 11240
7141 7116
1794 22247
21547 20305
142 23328
9337 27575
7826 27688
1312 9174
10316 10519
3425 11379
3503 18026
13906 21958
12040 26495
7544 8117
2054 16099
2642 1665
6705 18412
26342 24816
8965 17790
11531 15753
27154 26130
20648 1024
6594 3759
13376 17127
10661 5930
9954 10082
19030 16506
278 24740
7883 4150
3510 7136
16293 26388
14553 17863
1934 1640
9963 5674
11481 8321
8070 21630
27048 2964
17097 8107
27729 12838
14664 1627
4322 12656
13654 7067
22423 4876
12311 17993
15168 1080
14240 18635
4199 3876
3794 11664
9961 5936
678 12399
3992 24831
8870 4383
2903 19012
12967 20792
8311 4349
27749 18424
3307 23939
12807 23103
6721 3625
27227 11191
6802 13753
6940 26942
25292 444
3324 2751
24046 25818
864 2760
1587 19902
8181 865
2808 27693
18888 25922
20157 9374
1533 26334
5020 7603
8896 9058
22543 6635
24308 5908
10160 2910
3024 13923
18302 11004
10990 26677
10951 7578
14697 21814
24360 10615
16193 24674
25209 6344
22336 15029
17774 12244
3581 24136
21147 20017
21333 23335
22116 15361
3640 26538
15645 18259
4755 12985
18196 26909
7105 13237
22128 11785
10464 10642
27239 14112
4972 310
15195 5098
8955 14719
22153 24329
4642 24204
27475 18837
11236 10542
23822 1174
11339 2088
26120 16184
8134 10742
21201 115
3147 17535
2611 22459
15980 24790
18712 16342
23591 708
8464 11259
15882 9700
11511 26167
15652 13041
2996 4376
14538 21176
6612 26743
17054 2689
26542 11634
12042 25367
13475 27625
10869 21775
21819 8466
7901 14225
17292 25075
26634 22896
24146 4051
14779 19302
7958 13809
25897 13047
12499 15342
1249 22218
1856 8683
1677 3120
1564 11507
12459 7312
3644 11478
3167 16740
7212 19669
13200 4323
7577 527
22113 1274
9066 125
23495 19132
3537 7826
26456 15037
11235 12057
1942 23830
8473 22853
16970 19982
13890 21978
17517 23431
20288 10015
6072 16131
7024 16579
22956 16306
2929 26431
7088 1871
18184 5831
15036 25111
3590 19155
2878 25191
24263 12013
2445 24712
7904 12500
5227 9354
10051 21035
13984 1621
5100 5250
16887 20479
15787 7647
13096 19173
2882 12980
22177 19360
668 19569
19850 3889
17485 22424
19203 1731
17921 21749
8082 2731
1070 25160
8609 5967
12142 13179
16738 6105
5290 11312
954 15631
904 15512
10879 27061
6250 25729
9519 22904
9359 18630
24382 12043
14285 12702
13228 4709
22641 5928
8539 1476
13027 22566
3610 25085
12322 17135
14972 13126
20839 17309
5381 17508
9924 4708
15215 15680
154 1667
1969 13195
7038 5997
15027 3169
3435 10232
1808 23286
7228 13199
2193 22977
14638 15000
5035 19432
14835 11332
5334 7243
11713 14058
2643 6208
11004 20240
10440 11887
23663 21698
14667 23416
8705 2694
22689 19546
23715 5121
1300 14130
5452 9576
22554 21915
9102 7235
6556 25003
2679 17667
16834 6271
4782 19151
13891 13434
8746 16322
22362 21463
16418 9463
11846 3623
248 12240
17040 24622
1659 23470
12204 23007
16660 18913
26354 16811
4096 8658
783 128
10457 17775
12189 5025
18636 4764
4022 19927
18816 15206
12381 6658
9314 3730
18013 27596
10605 19005
2553 11513
10500 2207
9917 2876
9252 27231
18531 10223
6101 14543
21062 19910
23532 1195
12199 15633
10154 10434
11932 20526
16872 8897
4357 24736
21157 12313
23501 11123
7903 15541
8596 10124
16722 6183
13624 17867
9955 19182
4213 18668
3813 7757
665 10587
20596 19688
10465 8409
6695 12989
10782 3061
20549 20405
7750 895
2699 8162
15437 17976
485 20116
20633 19531
13782 16318
4613 17704
14998 13252
18105 4857
667 19600
1002 410
24296 14889
26130 18318
23195 7079
14514 40
12481 18612
10178 18588
14611 1397
5197 25956
13010 1502
8879 5806
11188 2913
17382 8707
1963 10581
13801 14637
27418 25863
3772 6061
20346 9011
9601 1664
24322 17170
2880 10847
24543 9019
17796 2503
5955 3769
7230 19237
6791 9713
20271 18619
17183 20270
11813 23438
20089 7226
11731 15754
17598 4385
4132 19295
5231 27217
3605 15216
27146 8638
19751 348
17199 114
10155 16533
25230 12738
508 861
2010 12869
21823 13243
2453 7590
19887 4384
23240 16482
10821 22799
4888 5542
25418 13407
10562 18118
8148 22023
7551 2047
11070 4113
5776 26540
19894 13932
9799 21918
835 13997
21318 6171
3394 10639
21694 11347
20738 5980
5540 10107
17975 15483
15257 19174
11479 1899
12013 2773
8062 7214
3187 358
20137 7063
12144 26443
3171 10004
20553 17680
9050 25920
25794 12283
17781 3191
5091 2869
10998 12228
6409 24227
23940 10997
15307 24409
11708 1692
1321 5554
24528 27757
23874 14344
14898 15132
5953 16560
7858 5046
19286 12710
24171 25911
11867 11288
23030 4769
11586 8136
16439 21877
4158 19522
12467 14732
9591 10713
13036 18230
26975 24217
23333 22864
27218 20729
20837 19504
21443 23836
12703 21974
2815 19203
13162 19914
6614 1428
22146 7798
24766 19694
16125 3003
21009 11171
4537 24778
2731 15019
2979 958
16297 2745
14549 23862
15858 17705
24745 10645
2490 15321
17418 14578
2817 3966
8209 24449
3730 16463
1546 5927
6506 20448
2532 25058
19897 8244
3386 17434
15886 9970
17401 3890
20096 12276
18441 21294
21059 5971
24329 22531
7766 764
20442 3051
19420 3845
1951 767
4917 20164
847 22588
19103 13930
26812 14695
9629 2109
1082 6624
19346 3395
10146 25517
13655 9611
6202 7011
21289 11012
3318 3275
9563 4262
2584 13267
2308 10594
5754 4212
15964 24901
20850 19697
18152 7338
21256 9045
20399 9914
23863 4
20716 17021
19976 22437
5466 11780
15677 26855
13158 27496
18219 12397
21508 27278
27510 2171
4973 6447
18822 16871
13113 25209
23702 17721
21709 4519
27173 7927
7407 27739
644 6843
1361 16542
13617 18505
13978 6037
14466 12653
16557 804
1340 17708
5448 23509
17396 15352
7957 19778
17144 15785
16070 5614
20117 21104
3207 7904
20662 6772
19074 23234
18777 11628
9818 4690
11874 21957
428 24580
16374 20197
1182 25995
6169 20016
2809 14622
19983 21138
4490 18308
137 2290
13765 8468
15129 15077
16215 10494
7675 25110
5818 1377
18703 5171
19901 27331
638 20177
18079 206
16731 6784
23952 20357
6366 16445
13143 21123
21820 25137
2351 10755
18917 19993
6535 12890
628 19276
7995 1773
4565 7715
4020 6180
12958 9986
20617 13201
13606 21170
14687 26577
17241 2519
21319 10065
26000 10929
5480 2930
22893 26478
9690 22975
6367 10169
22197 18128
27574 25910
27769 17832
20994 19037
14059 24894
17934 20997
11306 18355
1173 240
15656 14664
2846 3464
7821 12528
15175 11847
7082 6592
24143 21654
17099 8163
18598 25371
3174 8027
18002 24764
5883 6154
23207 20127
2798 23090
3624 23962
14058 13652
19973 13337
23347 11565
8112 20208
10564 3317
8920 12282
1750 20132
14195 3344
15494 11406
17741 10619
20913 5477
3721 6497
5102 3872
230 12873
12536 3112
19235 6673
8003 4748
13423 13213
9484 22790
22815 5777
14290 18706
1236 24395
24801 14285
4409 1971
7340 5032
3410 26211
15687 14057
9110 9687
4176 13256
18402 9952
13069 4422
6407 15146
10127 13955
11230 21933
23000 18257
8900 23955
12174 6702
26136 12053
8766 11350
22437 21323
18549 16147
8917 2123
14070 5875
14653 16960
8060 25377
15152 13561
404 5952
9132 13021
10493 8941
584 24904
19180 15986
12651 24993
14365 23094
22450 19062
13058 9409
13138 2344
5802 9465
14177 16357
19940 8916
9015 24466
5363 21559
26944 3426
26206 5195
2557 27473
22692 14232
3572 10687
1374 535
14792 6028
20886 3857
9904 22727
15684 6387
11748 24592
15166 15056
5242 7332
2361 3657
6623 27130
3205 7773
370 25201
25913 742
25641 6880
26236 12680
15624 21206
3815 14921
12300 16657
23339 5335
12675 15445
82 8238
16662 146
6641 1893
4939 629
4461 23121
13105 9979
2491 25187
27410 27608
8908 19782
11835 9902
15339 21111
10136 22684
12955 20454
18311 27017
20419 22751
3868 1567
17597 4787
4474 8873
27383 16766
4232 27539
11410 20958
17432 13048
18201 9031
851 18654
7275 17496
11214 2844
14601 24314
25079 6912
26934 13142
10384 15145
25065 27281
13700 10485
20621 274
22948 23537
2343 19905
20728 1696
17261 12025
21590 16250
20986 11737
7155 14522
23193 2513
12966 21148
20571 2825
4207 22517
9984 12925
20545 16764
3525 26719
8511 25570
22517 20749
9758 23745
6727 16647
3298 12215
3448 25259
12487 4589
26459 13000
22876 1972
13074 6532
18572 17892
20422 16792
3889 10414
16699 1095
12875 2622
24363 2580
20112 5350
19795 6084
14559 23436
12700 26145
25705 7285
10044 8019
17817 8071
6200 7429
17625 18035
12466 10002
6825 21457
12258 3362
8327 14383
12215 21044
5732 4156
12781 12132
16543 21196
15212 4486
8378 19763
18574 25897
5349 9613
14009 11882
6396 5361
2409 17333
27514 16732
7550 3653
120 21942
21425 5426
13887 25499
17177 26383
14143 25674
14513 24619
16013 8281
2164 1348
8985 4041
15323 24967
14520 22095
9144 8362
27309 23761
3548 2921
208 10404
14859 9725
11974 3380
3848 169
7727 4514
2989 20800
2549 10292
17349 15509
17537 17121
5350 2711
20607 6263
3814 3840
27325 21232
19768 670
8856 6882
20609 8325
15099 15558
10589 16458
5868 26344
1845 5319
21587 12561
9356 8099
12759 6600
14002 24322
19811 18933
23544 8588
1903 20655
3120 24858
7641 11195
4246 4174
19981 23902
12380 5994
16705 13604
19056 7423
17907 12093
6480 12572
2321 20495
18645 6791
16783 19433
2057 11396
25747 23324
10584 24960
1660 23544
863 24532
18456 22465
13973 6162
9990 10407
10999 24950
23657 7991
1094 21850
3001 21036
1520 3918
6599 941
3872 14410
20628 625
24058 21475
4291 10942
25240 15254
14543 19713
14295 17720
5281 12762
8641 5454
12835 26670
21114 8286
12606 254
11462 15814
12114 14690
22844 24902
17947 18880
2448 3850
23236 18189
10963 17659
12640 13611
1144 27480
11688 7654
4383 4731
3068 27433
10591 421
1624 4728
19955 483
23851 4757
13644 24552
12218 3505
18883 22097
7425 2379
25317 13283
4495 18126
10526 15310
21993 2542
9695 688
23075 14661
18937 3296
484 10141
5682 4796
6767 23919
10992 4766
8894 13169
22318 16040
9316 12750
19239 10481
23407 1794
21624 14710
21824 7175
4664 8221
13678 10781
5163 4767
17457 17666
3637 3285
6688 295
8871 24718
18692 18100
10966 5379
18823 16778
4916 21149
25346 13530
199 2529
18204 12889
8001 12067
9935 11340
7196 10577
12334 490
11292 24216
24782 16035
22780 11245
3444 11915
13834 20527
25587 15040
16291 6470
14222 16167
21679 15490
8971 6509
21901 4759
5139 9985
19601 11959
18131 22331
11698 3442
25675 23290
23774 5382
12402 25314
3304 26947
9761 10219
12842 22617
19368 12343
18245 15021
24785 14181
5465 23398
26861 8537
19689 14415
688 15443
26972 9148
16790 21326
14072 11724
22596 13159
143 13437
19890 2819
66 16922
1040 363
24651 27762
24324 13800
13318 2852
2455 4100
15355 17235
6458 22681
10746 14777
6149 11823
21704 15595
13650 24629
5638 19492
21973 12954
16247 2999
10098 5345
21173 1989
24280 4713
3491 10264
17714 6825
1308 17904
2908 13362
24112 9880
13645 9795
261 27272
23260 10210
12406 21903
16895 424
1976 6019
3403 23341
10432 19101
5969 6894
26349 3916
3198 22016
23957 14564
1180 9651
27336 11854
17131 8567
26030 17415
9452 21509
23228 12700
503 970
16987 7465
22483 27428
11559 4288
25150 12701
7866 8867
1853 8346
20310 7627
2282 6935
14719 8514
21128 22584
16294 6001
19947 25218
17619 11392
21736 10160
23796 23642
15167 13761
9654 23591
13159 16249
17220 15301
26765 6456
12535 27754
22260 2840
3921 4875
20135 24014
12801 13569
2145 20898
8310 14983
10302 967
11723 24959
8962 10906
13021 18116
2767 18231
22394 12478
14430 11824
171 14629
21403 7020
8107 16202
13472 16973
12448 6081
8599 26929
26673 17798
13444 13970
12491 25061
3351 21811
3170 22410
1367 9424
20566 20988
18631 3626
3920 1623
15434 9874
7882 20508
18209 4345
23512 20978
22957 9615
25357 7350
24900 15808
13311 427
6859 9364
2473 4142
7583 9597
6824 6596
23167 24353
15558 19275
16456 20311
22034 8554
16058 12704
4542 18466
16893 11424
18580 12533
8408 13623
9882 17403
1333 3271
10359 5652
357 9079
7835 5406
9811 8612
17524 22645
2909 12107
5128 3044
6378 7995
11431 2650
3516 3409
222 3200
18222 16717
16280 17452
12993 22198
8382 4781
14455 6572
10463 13650
23213 2363
16059 20582
15335 17289
10336 14440
25039 9807
6558 14776
21744 19810
23954 25993
16115 5301
13053 22945
761 1340
20905 10023
21041 23195
5992 22674
27285 12562
15548 4133
19196 15618
10152 18778
1611 6785
22930 1803
11133 24057
18263 15846
22138 9451
16703 16085
18923 13271
14934 18467
5726 7442
22315 24096
23468 8869
21822 10905
15810 26045
3081 1833
14824 11420
2831 20870
3075 3241
3502 2859
21541 1613
12830 24413
3508 15589
7786 17312
16424 3818
20810 20124
3036 9341
20064 8061
31 19236
24937 354
4198 18909
8892 24918
18223 27098
11419 4407
20265 21746
1980 9593
16344 9284
7359 23754
16279 23927
6271 16106
9680 11677
11241 18845
514 5128
9398 6060
7501 12034
16338 7662
24188 12918
6018 5546
198 17119
23001 18983
810 13610
13734 5773
3949 26323
22628 19049
16131 20186
20675 14395
17456 11802
5382 17709
10311 20322
7506 5719
9357 955
10015 2980
24637 13998
15738 20563
4062 5245
25417 4510
1981 22625
21707 3394
4712 25511
10417 5006
3330 22723
1489 25791
10542 15980
10355 24021
8283 5469
9260 13868
27058 3111
15138 12061
23995 23025
6099 25969
830 5197
17982 13904
19931 22648
516 21207
17992 10270
19232 14003
27615 11006
11919 25582
16778 4821
588 16983
5529 23302
18057 11336
19476 3708
26337 23721
24193 8503
6289 11666
22397 9562
9195 2328
9336 27579
18973 3033
21015 11387
476 7945
23057 27293
26057 25847
2230 12767
10157 1540
1682 4310
8878 10073
20409 23305
26290 3457
27663 25147
20383 21786
25693 2350
15004 20276
25724 15119
1049 14526
7927 25888
25584 3506
1705 13040
18372 27342
15651 5573
23223 4493
16904 19573
16726 681
7877 3819
24119 27649
12237 25667
18770 486
19034 19471
8840 25091
22347 17925
17252 12510
22402 25775
7086 23668
1974 6584
2179 14355
18366 19839
3038 25325
17956 22888
132 9083
24189 8550
14510 8695
25949 21388
10361 27553
26873 17549
5412 25288
16339 9381
7897 17528
24239 20465
23904 11828
19971 5888
12021 15329
21305 14524
22251 19656
11107 10000
9751 15177
27331 24742
11686 3503
25613 10357
1127 26965
17494 18021
9441 18359
23463 11161
1901 10697
4259 2484
21047 25361
16066 10625
22129 14967
8445 12226
3636 18641
7924 12085
22731 16485
13839 6908
4166 37
16473 13661
23916 24954
10547 20250
5105 27551
22326 11238
22961 10241
3941 25671
6244 25954
15350 971
4368 22176
5593 18470
25530 15723
11514 9061
16121 915
8396 23237
22814 24511
6140 8344
21383 19844
15311 12591
11458 12037
3306 7485
8601 26619
4482 4169
18884 10080
8918 7905
23010 12521
15927 14399
25512 14928
15657 3897
23450 2025
22254 25794
2888 13305
14114 2024
13862 22070
781 1159
6475 11049
10061 17269
755 18163
22308 10941
2598 15051
8149 20031
1086 4461
14170 25711
5893 20692
24909 6708
14476 3933
21960 16419
23265 18325
1762 17031
5796 14286
280 26296
24617 18162
7755 7780
21467 21494
9097 18372
8021 26709
8944 14740
24880 18596
1373 15771
22981 21129
22069 17787
15368 17424
12826 6299
118 21014
20462 25064
952 667
23298 27290
27716 11175
2260 22268
14456 15413
14680 19069
16174 14864
16506 26206
19596 26792
9526 19814
24573 17749
9692 21295
663 20362
7113 17882
2789 21220
6533 17806
27453 22476
12297 10067
12653 16436
9162 3094
22676 24330
11765 1249
14744 13315
6773 24973
23062 6793
19533 5575
11097 21972
16404 11399
1451 6800
17259 10725
3790 22430
23888 1761
27079 20085
7290 25257
19257 17045
983 11409
19734 22453
21959 5376
3566 4645
19272 3286
20926 16789
3766 4893
4717 16650
12048 2973
1147 10629
24934 12427
2359 18177
12660 20965
21292 6615
28 9372
6583 8328
24186 13451
20063 26902
5233 18346
15316 21180
8810 7703
23139 25403
23856 7265
25524 20428
19161 15709
10970 18254
5509 22601
20257 23105
3681 16411
24278 27766
11168 7291
7614 16064
24700 25666
134 11126
24663 23969
27356 14071
6753 16959
7137 23270
9724 4667
8127 24137
5896 654
26025 27747
1760 5879
16482 19091
10839 27421
1598 25535
4429 15889
27002 20310
7079 11231
8151 27339
20562 18945
27380 1595
11497 12000
12691 26546
7788 10313
15329 15676
9994 14431
20186 11888
8275 3460
15579 18807
24523 18496
3689 4243
23145 19020
21536 18744
7907 1984
21581 26404
14278 5763
21537 24234
6842 13324
12838 20920
26237 17373
21031 17484
17 15692
16342 27186
16624 7080
8560 9139
27019 17324
18050 21756
981 25769
6948 23931
23956 26111
2814 6203
20029 27250
19388 6625
7554 25428
164 27309
4171 220
9437 24517
26618 8010
10411 19749
1222 5682
14024 5637
8126 11270
11807 13095
7311 17284
2784 3255
1971 8428
26068 12007
13659 16200
448 16977
11430 8623
6045 6902
7638 12663
6850 4844
5055 16645
17304 10257
7488 6634
20093 4103
6471 634
2740 24687
3350 13905
16890 9559
7699 6076
21457 24811
19996 24708
17238 11139
18086 24139
2469 10373
18949 22959
24078 16465
7688 26198
1810 18963
11886 20927
20472 10837
2765 896
17827 10132
18422 26391
15635 27453
4578 19300
7640 1645
26757 14262
10342 13343
11111 5635
9735 20918
20359 7178
27144 11784
25173 22255
27592 16702
22376 8642
17634 7269
14757 678
12902 889
17657 1384
17684 11091
14724 5178
14226 17590
6254 14759
13287 689
8124 18453
9873 13505
310 8111
3233 17028
20792 20503
25723 25006
14117 14801
16119 22368
26053 24331
1224 20858
27280 22488
16289 24271
9989 14588
11126 1812
20203 22114
1550 14430
12276 27062
6236 22321
13642 24966
3534 5697
10299 1300
18756 5476
4828 12333
5995 27245
6427 15274
12937 22398
22288 11740
6536 20487
5508 10904
2086 9122
24090 2692
16117 19301
24727 16729
25155 893
13935 25478
3844 4792
15073 21765
12709 18522
6185 7181
17276 14525
16961 8348
5459 20245
20218 14193
8808 18905
23446 18902
19133 26812
16651 1197
19606 5922
18732 24657
15238 19157
2061 7192
6988 5081
8584 18474
10686 1416
18062 13049
7604 25354
20618 10247
27304 26793
6058 16659
19584 10776
27163 19465
10673 15672
25416 22441
11202 10427
8732 14268
16116 22469
19623 3075
7401 9209
14775 4290
5798 24112
9535 19764
19283 13136
7817 22882
2739 7064
13505 15016
16302 25823
9837 16450
7712 170
13187 4058
245 2729
7598 14264
10446 9712
9138 10297
669 18775
7240 14815
6670 2950
14651 15260
19098 19011
16039 16996
11134 20399
9599 10032
970 7138
7537 20172
1872 18400
9183 18196
17056 4830
9624 17791
2006 7586
4346 6295
27392 4078
24992 23053
2680 17838
8096 1380
11322 4231
8725 21109
3044 288
753 6953
3684 3273
202 17427
838 4177
3716 26825
13457 7617
9149 17658
9987 8717
8065 14938
17325 12893
20803 902
8529 2970
24477 19677
10112 770
10169 18444
7838 3159
9850 19216
18336 19349
23815 20612
5991 16705
12854 7152
8827 321
11394 12789
16363 11246
1626 12850
10372 5177
20766 22365
12701 27094
386 4726
17230 18560
25735 14404
13959 23479
608 1192
23175 4492
10099 22984
8852 13536
11130 27226
27754 1514
23660 7828
18524 13654
12011 9407
15492 13204
16512 3050
18765 13744
16481 3292
18847 25795
7708 2230
14500 9210
8121 26273
10016 26586
21162 21778
4556 27412
12677 16874
25444 4397
22203 22026
16892 14614
11735 8005
20935 10053
16922 3602
25919 839
8659 6142
22908 25265
4146 2154
3727 3830
18791 14521
6751 19473
27596 9751
3155 13717
21296 23246
25617 5096
20452 25510
15362 26678
18140 3611
8579 27394
5972 10204
10070 8951
481 7777
27340 23822
1360 16504
15246 12641
13164 17543
18746 5657
3379 16401
12913 6442
16984 16343
22850 11170
1638 15485
8656 14767
2497 10229
2013 18285
15909 2895
1616 4944
10128 12867
2316 15133
14737 25087
11207 11543
4517 27327
22546 23857
16791 7926
23138 12328
11628 11364
1654 8407
15330 1936
21040 7015
25482 11369
765 6967
9107 14011
5983 27555
11440 25622
11872 15338
21710 21628
23537 1459
17550 24784
10659 9907
13592 6413
21854 13854
14668 6871
9669 14728
21835 7602
8105 12942
2688 21678
12900 15336
17196 9355
2012 24163
20572 16523
14774 14612
4450 27379
9511 14633
5024 17381
19794 21344
5600 19835
24238 9837
22925 12882
13366 6798
23883 4251
20103 21673
21198 18052
27707 1990
21255 6196
22871 21257
14776 19501
9892 7402
23622 7430
22135 17634
16458 14987
15796 20251
18071 20961
5949 19894
23987 185
17764 1509
23511 11694
322 10721
23161 10349
7204 3690
25603 1474
86 12671
18928 27700
23905 13565
21138 2000
27143 2059
4425 6424
3839 3414
20159 6867
19251 21128
5420 23422
26308 14341
13591 20087
18855 19491
27075 19421
8528 23456
6383 16467
7125 14330
1153 20947
19695 9446
21815 24311
9235 12308
15236 14121
15293 23488
27607 24547
19771 27768
10396 26773
21730 20654
22310 23851
26981 24081
24185 11028
25663 471
17405 14351
9245 18450
16536 669
14910 20019
14440 19616
22283 16495
15989 17308
3911 2932
17129 5859
12738 18886
15107 11208
18378 15430
5526 24373
16028 6994
4941 19998
23838 14302
9762 10560
5778 18890
19708 26736
22449 18978
7541 2343
12999 13322
2133 27448
11468 873
1314 14821
19486 8562
12345 10756
10715 19324
3571 12441
2670 1087
21592 26026
10919 5490
15665 10377
16487 4625
17146 7699
27626 22159
11400 27310
11157 8576
7165 26103
16250 3962
22456 26733
11177 23159
24244 7074
22022 17694
21678 10443
14038 27155
2116 17340
6923 15534
14318 17487
19984 9756
20747 1290
19763 25390
22137 3609
975 20696
14933 1838
23676 8082
22335 17025
13122 17215
15831 22629
8904 5511
14602 7613
24734 18756
17265 5616
27195 14594
8622 2200
4510 9418
17879 25451
22208 19191
10232 7324
9537 19529
19142 11764
3806 9450
11032 5919
15402 16535
3283 14157
22927 14702
25542 21768
13778 13724
1223 8581
11071 2919
17820 26277
22621 25994
5315 17746
12887 7334
8343 10267
5871 192
21307 25039
4011 1641
8183 14333
8775 21935
25988 19742
15173 276
3469 17376
14974 3456
3461 12324
1181 26407
16364 19650
19322 17176
20254 5837
27062 6539
5319 8245
8673 3473
19045 10828
19099 14289
2434 23005
11051 25883
10418 3591
10815 19985
108 13003
22681 12652
27043 25096
19159 15998
15151 4180
10097 9093
16406 24889
23080 27335
3099 12635
21234 20993
1037 18531
13347 12310
24986 9885
1085 15113
8819 2181
11465 23533
8792 24433
21771 26504
26863 25349
12232 908
2029 10923
20848 1366
13492 14630
18432 17354
5304 6077
2579 224
14171 20742
2004 21810
7475 20078
21768 802
5770 6433
7589 13465
13676 3014
8708 19071
7703 27440
20854 22545
7790 16925
26227 22555
11248 25345
13023 5108
5410 27025
24397 4617
13352 3046
12344 2147
9230 25382
9805 19188
5229 1932
6941 3566
1131 16268
10331 5439
6805 18540
10211 9628
11834 463
12278 17158
25745 9758
12543 27683
18494 24546
1280 25323
11141 26661
10236 2136
25213 16885
12440 5190
5244 20913
22608 1538
3919 14025
18587 23898
27116 24586
1199 9564
14154 656
12359 1114
23523 21805
14018 25
24107 25981
945 19083
20780 2712
1525 820
14202 14843
11307 14716
27631 3483
25951 8378
10866 6323
10897 14503
2976 16787
26834 13406
17184 20596
10608 10265
182 4329
14540 20308
10855 27258
27359 23877
9776 10578
20650 7188
12812 20074
4930 24098
6068 23119
1658 22876
19543 13149
1554 20624
10449 11061
16748 5152
21005 24122
480 23374
21751 18580
9361 20117
20480 10769
16911 20990
9783 12640
22215 13344
20455 5069
17617 17165
6249 3284
12727 2116
19311 24897
24266 22083
21555 7295
16206 4027
6794 5124
14253 15224
6090 20819
21096 10413
8730 24534
6287 18314
20220 3955
10634 26956
7047 13641
14787 21064
89 6820
10357 22787
5767 26191
4695 2709
6847 24786
23531 27374
12894 7548
14767 16584
12897 22721
20286 16967
1084 6755
24093 7820
5482 20923
1104 20580
2452 16152
15637 20733
22464 5974
15100 23368
18786 27237
27040 2332
7236 16214
18554 3624
18955 24459
20180 8380
24028 18587
18763 9346
13896 20005
4809 25617
2819 19535
19154 22883
5362 10464
25829 22579
20109 8373
5769 17267
19059 17646
5963 19241
3340 6623
1389 6826
7192 10041
12973 948
13774 20610
4830 26777
11471 20889
18769 7112
23666 13985
15757 3487
25846 10754
917 21649
14039 1758
23452 17945
595 14597
4561 12214
21241 25252
12004 17177
70 9224
5598 8106
14349 750
21836 16154
4436 9132
27722 27059
18954 21667
5845 6469
20448 24160
3091 15231
6674 5638
15050 11352
26298 26502
18298 12340
6849 10360
9007 24332
9979 24485
11567 9722
23770 15174
18896 27594
20877 14989
12015 26750
10683 4938
12895 9828
20795 10853
6478 20747
22465 1713
7568 22513
22762 20334
2060 8391
2277 12040
7950 1578
18221 484
24530 2575
3983 2099
19365 8449
11806 25066
9111 24868
13761 21438
23006 11306
22378 15410
19783 13643
16054 15999
12532 5915
16016 26186
15642 10521
24875 17724
16553 5599
9130 5931
13090 1569
1523 4986
928 19459
10765 13313
1434 13383
16710 10759
1221 16089
9217 9142
18141 18045
9082 4221
19743 12547
300 11317
3499 7841
24051 8793
786 24799
22229 7424
748 3791
12760 25835
5840 17193
9972 23197
12734 12193
20284 16207
27046 9679
16648 24242
7620 1786
19462 1505
18185 6420
7210 9379
16716 1202
16967 11365
18914 22899
15609 24128
6413 6872
24634 16248
18335 11829
7032 16884
16452 2671
17412 27288
3989 20892
23559 12315
18003 27349
6567 27343
5403 19797
19248 4011
4509 17459
22985 20374
10700 819
7097 15621
8180 24333
16513 6842
14012 19279
496 27148
2353 26112
12526 24995
20138 20982
5164 25385
4724 3927
22447 15350
12857 11041
18391 1455
25833 8416
4726 8749
13985 1614
21079 9861
11290 27405
26910 19484
19375 3187
13409 15129
27241 12786
23505 23250
5591 4536
1991 3749
1329 22157
23134 19550
5530 5978
8098 16696
21231 15770
6901 18503
1443 14280
6683 11918
4541 6163
4369 17260
19738 14429
2783 25197
12165 7555
13763 3446
11074 25894
27051 6862
1281 18300
16071 11430
25669 999
4497 11005
9790 4321
20554 13384
11040 13192
1560 23123
15221 6631
17622 20304
16680 5634
7509 3478
1019 4315
23245 3542
14784 18757
11221 54
9176 11086
23429 21648
24408 2595
43 14562
26341 15191
24199 21893
5278 15570
4372 4691
20272 15128
20502 351
5557 4206
4074 18223
16772 22670
11033 22958
2712 18875
21668 14296
11826 21616
3781 23632
10874 19212
19752 10920
23860 23511
1582 5365
5451 10765
1078 20533
18575 22565
26922 12839
10014 4366
23961 17692
20741 12460
21611 8899
9091 25620
9854 19864
18095 7738
9004 24633
15241 14006
22759 14450
25848 10663
6421 20230
27666 12133
27027 11814
5889 7664
3518 10626
11709 9977
15671 12732
11044 11073
15829 18736
16901 22578
23419 14570
4358 11318
4821 659
2645 11386
11452 7023
23084 8251
9283 7467
18925 15360
11251 10164
14822 22332
23014 21668
9887 6581
9632 3774
603 1425
1064 21727
3374 13849
8204 21895
6016 13255
21718 13857
22635 19133
21601 13068
14013 22427
16494 19912
5289 25664
9621 7822
21983 17514
16547 19029
8719 9541
5861 26475
16018 20545
5635 20347
12097 8025
3144 9703
7206 21075
3029 9262
1071 25233
23872 2205
23081 5992
22093 16003
2894 13061
11701 2235
936 7804
8095 15669
12581 7989
6797 8927
2884 1049
14144 13057
11373 7983
1767 17866
18967 14839
18352 23707
3485 5860
4301 13440
1234 683
22299 20317
18398 12823
5354 14283
11960 4583
20042 23990
11402 14454
15043 10678
13916 24427
4965 19254
9129 2387
19782 14653
5437 1787
9431 12596
5478 12019
12658 14803
8147 514
6389 994
22332 25296
10739 26241
2395 7857
11860 16302
2390 16984
18734 27166
9136 3338
4496 8419
18952 8778
13850 207
21889 6893
4325 4746
7133 5886
24095 14159
12429 2055
6445 19208
18065 19723
16165 6377
16118 22322
26988 5320
9870 8422
10604 26973
13219 12489
15387 5529
16589 24022
24614 26695
19753 12820
9909 13886
430 19620
19172 8406
19597 7782
11542 1317
9520 25220
20966 10037
10290 17525
6008 18781
1328 21286
7164 8189
25006 9701
5450 10490
20345 3437
13540 21967
24303 25164
19761 14403
13088 5249
26551 17005
21661 25495
6658 1256
25270 13333
17393 7892
20768 14913
27760 10611
3496 24792
19639 24420
7451 24727
17484 1434
18891 9008
5328 10605
2196 25765
2560 8507
10635 11848
2631 25934
8328 4832
25481 26628
5300 12720
6234 27066
25548 3926
18718 25505
11888 12934
17808 14269
20939 19674
23300 21661
5207 26289
15930 24051
10784 10817
1023 18896
7231 19380
3262 11309
24877 19150
9417 16668
26881 8613
25935 6854
12450 23410
1400 13131
12824 12318
17109 14879
8845 26085
209 3374
3733 8885
9746 823
14706 26414
1247 22067
13367 15395
20952 16839
26615 8663
24069 16576
6675 15518
2318 10857
1408 1286
14280 22955
618 13506
8731 2346
15232 14811
12696 18434
21432 21227
1001 24819
3279 9532
12996 25456
11436 7706
21512 10589
14027 22554
25904 8704
8865 8957
9124 26597
26797 9873
23997 1113
4156 25100
2698 27146
2339 14376
8932 25717
5314 9393
23038 7779
26627 22210
8005 17129
20149 19181
11653 12052
11630 172
19193 13928
8465 20523
11520 8694
19941 14294
12156 26912
11091 5402
16413 2191
5129 24846
5353 4411
2008 12531
18512 14645
25625 22006
13528 4768
5690 25709
13554 22783
19711 15456
4149 13830
13848 17
11401 20060
20595 27724
18938 219
17948 5377
3847 5280
10835 22036
3960 7589
6374 6454
318 3254
6886 18676
2410 18381
1527 23885
972 24125
24130 3517
15336 18441
13234 4858
8954 27134
4326 10811
5101 9935
10174 19449
11851 10845
20060 20791
22708 1808
24564 15614
505 20008
27445 20149
10560 9151
5081 8320
17102 6789
7491 22303
21962 8138
17023 19368
13440 1548
21387 8058
12220 52
407 16643
6723 5462
11467 15114
12253 7513
50 1825
19435 2406
18471 12931
26505 18750
26392 7317
9353 13069
879 24236
6066 15345
4150 19557
20311 11972
12834 12317
11041 443
4524 19500
17178 24556
60 14081
17573 23181
18662 27429
8743 8518
27598 11966
13951 11936
14598 7948
16607 13087
18839 2362
3767 4244
5360 21182
17828 22091
26137 4235
27447 13359
12623 9082
13490 11516
23121 21331
7812 22434
17490 5393
9459 9237
27103 2890
10818 6437
2396 22557
19191 27282
8381 1954
4284 18241
1807 19281
10142 20793
12930 12545
25898 9781
25224 5871
2110 952
22252 17016
23845 18235
20613 5605
22962 8014
4570 328
6936 13509
22904 25742
4649 11079
619 17071
26402 17960
9543 13618
21482 22979
15363 14310
17507 9530
3676 4741
4974 14635
6005 5008
20936 16410
11780 13302
14659 5498
9318 22387
17952 5713
21878 22741
9780 8661
19153 7141
1693 6350
17117 4030
17234 6556
22998 23165
13588 12216
24372 17317
9667 17125
990 7029
8665 11024
15941 14654
15615 13559
3231 691
13155 1903
13803 25059
16810 10199
18173 643
17873 22421
23935 4784
16865 12130
4643 12202
6507 12659
13486 25696
7439 20966
26705 112
12053 754
21251 8335
24970 6148
13072 12607
589 501
20978 19419
16189 4929
5548 22333
3191 9001
26422 26303
17777 15394
13460 6253
10148 17946
13547 8072
12261 17849
1743 21909
16029 3219
5612 25545
14323 9734
1007 1706
3530 23568
5592 1373
6690 13338
5476 14631
25523 18062
5191 20983
12950 23475
4559 11603
12833 22656
22192 18626
15897 25445
6306 11551
9686 19962
402 21136
24421 22269
16081 25707
21686 9771
13829 16573
4862 14994
6541 5983
13746 10259
15482 15530
14291 2293
24248 25473
5351 23257
3282 13672
17841 3607
6165 23868
15390 9988
8702 20986
6269 2994
2224 13182
13942 4800
19982 26668
14457 17444
26718 6559
5608 25850
19237 27599
1091 3849
10183 456
1138 21073
17834 15948
1707 24342
12789 15215
4090 1630
7837 21766
22334 3084
12213 9485
17609 10113
11714 25828
6979 16047
8836 13151
24385 10046
8293 13517
18819 16283
1 3783
3010 13167
6598 11289
21943 19632
5194 8394
5520 19815
25664 9741
9369 22890
1046 1284
13938 24569
23242 5442
20682 19891
18097 6822
26678 6970
1602 13995
8848 20646
21919 18784
11784 12235
27161 23878
16971 6094
7991 18296
3482 22705
27586 22914
6026 12182
14816 11204
6430 6021
23597 2795
19273 16168
27651 20963
14473 22884
6482 14303
24211 25301
8998 17567
7338 13358
5794 7517
25228 12246
6038 26703
8930 12977
23362 26226
9651 6503
7217 6656
7979 21816
4304 17279
2833 15931
7238 25099
19361 5422
12147 17232
10413 23055
3138 5185
2137 20830
7574 5099
16529 9073
12944 903
1512 13511
21811 21360
15072 27386
23013 4249
22321 11952
9280 6043
18972 13680
20329 6172
11492 7267
22134 12856
4154 18537
5507 10799
17668 8294
11662 24262
13474 5467
16078 19466
10516 15532
12665 7879
6127 7282
7381 27022
21345 7651
22846 23630
22954 5314
24949 3707
18295 6369
16616 12817
13534 19372
20152 22652
13104 23223
22411 21513
2520 25317
26132 23220
22968 16753
23294 11806
12750 26406
11901 14461
22494 17964
18447 9964
2539 11380
12585 3305
11100 8451
10013 10054
26082 6864
27464 25547
6142 14969
15686 16345
18999 418
1454 14899
9133 7251
26847 9934
10395 1711
5876 13285
16669 5630
21056 19871
6640 6321
18138 2035
523 19636
26976 16402
2262 2333
14671 25554
27317 23876
11222 16261
7422 13709
6003 25899
8346 22227
14860 27403
25956 2515
7448 8741
17013 25431
14899 1796
14735 9908
24406 24269
20630 10897
5098 20945
7528 25168
2834 482
6154 5055
13826 1978
11631 12669
1369 6324
11185 19732
14733 1557
18114 10031
12197 6759
18491 24069
24673 19464
16192 22745
736 14326
11512 25060
7911 7980
24036 7107
15561 4499
13694 18030
7938 9141
19774 9198
22644 2030
4981 1604
16274 13140
6898 20129
1335 17546
2972 3382
2129 13082
26079 14641
13183 19938
13236 9665
5293 8708
1966 1805
7027 24303
3462 21306
19198 3253
6362 9625
18195 9761
26825 12859
995 20678
20459 8545
8537 21676
1004 19340
17724 16662
22858 25170
5093 6067
17408 270
17713 17512
5370 26416
189 17839
6276 19463
8505 2550
22301 364
23867 7928
17874 4843
10781 7217
22253 26823
10581 15279
23264 5421
7906 15276
2160 16691
16382 3734
6346 13038
18273 13660
19081 2830
16378 14995
8638 26439
20170 21655
17076 10762
569 14914
18755 7692
12672 2969
9263 3430
17277 14180
10529 25858
19260 19678
20698 5090
21158 24946
22775 16947
9115 20566
10649 22079
8247 4079
18989 10646
5138 6836
1273 14931
14693 9305
9844 7213
21967 13834
12856 27112
6453 7508
11334 27749
16930 16171
13847 23072
24469 14407
17083 12029
13658 19856
190 16628
18264 6776
9997 10255
26509 26569
9103 19100
16399 2504
12445 6775
4647 27400
10291 26818
23044 13448
15689 16934
27512 9449
4396 27713
525 1057
2385 1423
3793 1693
21677 22264
15248 20482
16894 25796
901 25045
13110 8790
6576 3202
18506 48
163 24537
2347 13034
6059 18443
26524 15513
9970 1112
17089 139
22787 7125
26228 10105
9804 24741
19575 3922
15503 20202
19721 6819
3228 8759
19800 22148
23380 26367
25059 3887
21573 14267
26824 21726
4600 16094
12059 17971
26343 27169
21436 19475
21671 24971
4091 6395
4571 4298
11104 20584
12396 12316
12476 3687
21495 19799
9493 19895
9445 7443
2287 17172
21715 5728
12024 27087
15736 430
697 26342
12233 23814
24079 5194
24282 12451
19935 14452
7902 13492
22522 17258
13514 16660
226 17808
3927 12046
4616 2939
9895 21373
3909 20903
3134 14927
8157 8552
6000 26484
636 27023
745 11001
22807 7900
4737 18881
10104 7397
26636 14746
11349 8528
2174 13471
15315 13593
13329 27182
2738 14785
1509 20390
3860 16770
10 16415
5511 118
6717 18245
10451 20044
10868 18892
27602 24491
21597 20484
2599 6889
3215 19335
17453 27001
18908 8847
12601 22393
17080 12390
1167 21133
13920 11201
27224 13289
27324 11661
18559 26394
7268 27665
6514 18712
3845 20745
18723 4593
10287 4618
9477 749
13160 3316
4374 10753
14394 9340
3788 1705
14498 21316
7581 1779
1586 23092
18750 24861
10939 10659
5414 11138
12599 15783
13235 22004
17833 20795
1895 13016
15346 20143
3871 3178
27406 19858
4536 320
22606 8874
10974 7640
17888 5077
6528 13919
1717 5905
624 20136
10030 5587
7211 2565
11615 6404
24428 148
15101 15135
23605 24295
20742 20835
16284 5277
16932 16423
9944 24990
4674 18134
11681 2316
7493 20395
24018 3528
21609 26486
188 27097
13610 3160
17801 8033
1396 27207
17282 21646
19958 25083
11568 5222
4480 16123
11657 2947
3431 1801
14397 25475
3505 4939
3250 3042
22861 19014
6562 12625
8578 12409
15835 17987
5512 14882
12230 24803
23065 1036
5619 20818
22784 12966
15616 19991
20209 14139
11449 8714
16241 5367
8761 21152
21968 149
14108 12172
6529 8634
17225 9798
12170 19718
18672 8780
22297 16568
8714 24668
8519 5519
24044 21697
4390 2521
17486 26237
3232 21116
7098 20664
11382 21982
19835 2591
20438 5449
15424 24261
9641 11715
26607 26549
26335 4066
20230 23737
3798 1201
21339 419
19274 23788
22955 18857
20486 1727
14033 26178
231 24448
642 15034
12050 26645
17255 8270
17361 25446
22448 332
21829 6805
8174 24443
19787 12616
16015 2466
27379 27123
6786 2039
1327 3894
17266 25562
11428 24598
25900 26704
16061 15154
12705 4153
4956 10628
8469 6029
7777 24304
24151 13334
13050 8877
22441 9397
27203 3995
23806 13534
1394 8653
25329 2838
18256 14257
7417 4477
13394 3261
13387 19642
1205 797
6488 6588
2294 19516
18920 21966
23875 15500
9223 5135
22793 20421
19106 1019
23908 4434
5640 22682
12864 23076
13196 22281
13109 13729
11609 13004
1014 2871
11152 10095
6489 5843
11610 223
2978 2612
20232 24038
19208 21511
7562 9675
17147 25521
409 17435
4807 5537
12250 7896
17187 20643
25476 19637
5322 17029
16634 9192
13967 16228
13125 25441
760 24402
16077 13911
11089 316
9998 18888
371 12174
16483 22515
11173 20355
6358 10961
11847 19794
21186 9900
12326 26479
10182 16289
18803 13501
8172 8100
2634 13094
4106 4921
14140 9466
24291 11452
5852 17608
16639 8250
19503 20108
3934 23023
19683 24818
12947 11229
19380 8844
6299 714
13964 25463
21649 4211
20465 13148
1534 19907
1689 2241
1116 18887
1293 6462
7853 16321
2218 9241
20524 3461
8043 6211
14491 27758
477 13879
702 16634
2125 14348
13299 6921
6926 8779
561 15600
10075 11626
27063 24939
9986 17764
21856 22985
22605 8712
12988 24452
9533 23661
18031 18184
6527 25101
14620 20165
20547 8946
3670 17362
11887 22135
15729 9614
1494 56
19323 12924
17422 9470
24659 25153
11396 2071
15222 26764
16612 9980
4405 20012
20247 16646
597 2630
19145 10865
18189 2066
4609 25553
13619 14369
26588 11263
10351 136
14192 16136
3265 17428
7108 4992
1796 23571
884 27241
7549 10321
12061 21248
1165 23371
15256 8922
15519 27641
17951 2928
10955 1026
9240 15675
4359 6168
6443 23017
890 6041
5579 16165
3018 66
9478 8079
19806 14884
13509 5000
22760 3738
16366 13436
3326 5093
14819 14238
2984 10767
4716 6200
147 9736
7811 15235
19707 20168
7170 5683
520 5896
13279 26666
11231 25978
426 17280
18241 20302
18898 248
27156 20046
12892 24089
20914 17034
24003 10870
12392 18785
25331 13500
17025 25683
19304 20445
8335 13325
12886 23899
1840 9183
18347 17926
1746 4681
7525 3771
27404 20415
7857 18170
9211 9166
20842 22798
19482 22455
1703 15236
14336 17138
8413 6799
14591 568
25929 24620
15183 24015
19604 18417
14225 6694
12047 21477
2027 1383
10441 26585
21447 13099
19084 15468
27750 16096
17748 22997
6170 17874
19781 4917
14205 15571
4803 15864
17306 15271
19280 24356
13526 9505
12456 17384
2519 21407
4414 7958
1870 2774
4804 18675
10873 5037
17018 20430
5320 27535
7456 12010
7144 9925
13171 7120
15755 17440
3863 10371
27460 13327
8387 15900
12706 26096
8786 9215
4035 6598
19195 10437
7918 27610
18991 15078
4926 20058
1060 21938
10786 9769
8276 26813
9425 20412
15105 10881
3988 20417
15678 27678
11488 5694
4607 23817
18578 17018
8783 18499
26049 14223
25647 13377
23414 22655
14648 8218
14825 26099
18566 17891
4205 16382
17340 11956
6659 5173
18216 10224
25907 9085
12243 20539
16886 2464
15664 12426
23232 22541
19331 10396
5672 19329
16776 2706
88 14405
21192 22093
23101 27716
23346 13427
573 15381
16571 24739
9884 4450
6782 2149
18820 5795
7308 3028
9131 27684
2047 11213
1774 22983
16991 17718
18728 18844
11950 14117
7884 24358
19620 7614
23469 3006
4137 6823
11676 16726
5114 27604
9420 15497
81 9138
21146 10128
24931 11577
6119 13067
12589 20281
17967 13546
19130 25932
26602 12606
16628 9696
17626 13810
19633 20871
11420 16172
6631 15318
3334 7276
5469 20169
21057 6811
10567 10802
4327 13630
5051 3104
1867 13044
10049 20840
17287 21145
9386 15457
2918 10538
17931 19703
19303 9657
25447 19184
4422 15901
9191 6594
24736 17766
12354 13782
8913 11712
4923 8794
9866 18416
16277 18386
2249 19923
19551 7636
21588 23921
2854 26839
4350 25230
22500 23424
4431 16412
15039 22603
3352 21613
16952 723
27546 20583
20508 7655
3142 17076
2538 17793
3603 22615
4218 19785
14901 23327
2545 15574
5856 23925
12478 15466
1669 926
11513 10583
19675 21640
3305 20751
10877 9512
7683 4093
17681 1741
14367 376
21263 3184
9465 21985
3964 16418
4816 2985
15747 26102
1470 15378
5408 24274
24754 1044
22354 20151
5155 3493
15952 26625
3049 19724
26373 12483
13273 23797
21444 3066
2718 27051
11454 24046
3380 8225
9503 24605
3258 26869
25933 11361
25058 14813
12546 5680
19241 15559
27745 10258
6406 11937
23086 21318
27270 3952
1449 11928
14576 14270
23035 22941
382 4160
5945 12613
20171 24931
16089 5094
14495 1744
10439 7527
1571 9025
4111 18552
22231 3777
5375 4163
3599 22383
5324 4143
23348 7108
12268 21580
10803 13371
19826 10459
23449 7490
18108 3583
10494 19846
11699 15759
1507 4378
19207 23471
11001 4523
19415 24147
24446 22197
24741 19707
17866 23608
22550 17895
25146 13828
12060 9539
14574 16127
3383 25555
22928 4158
4768 8130
15555 2256
10607 9194
11379 22551
656 22138
3053 17436
4061 16779
4058 10864
7095 27028
11626 12206
1371 25816
1690 794
15034 2433
6046 24221
2509 26514
24426 5267
16526 14579
17034 4723
18285 9826
18753 24043
20831 23874
22525 7961
17729 15934
2431 26477
16329 4957
21842 8615
3761 761
11062 3545
15476 23529
18175 3228
3159 21764
3807 25740
6326 2041
18202 23941
19987 19147
16611 453
5422 14964
25948 27153
8442 16024
8410 19530
21184 20847
13690 26581
15265 6832
9584 8878
12372 10222
14493 13578
21464 23547
4120 16266
6062 3635
6279 15244
20954 25523
10618 20626
16224 6721
16761 7631
23655 26010
11570 13521
14541 4666
16336 16627
6542 5771
23416 616
25838 23232
20944 8905
9256 9924
20797 7376
12907 7476
13808 19374
10726 27592
20334 22965
2051 17194
11585 3304
21453 19158
24232 21741
24830 21745
8385 3459
25381 4525
1053 10017
22388 4797
4464 16090
19653 6368
966 9367
183 24691
8782 24479
7711 4540
14126 25109
18901 9190
18726 18250
23795 1276
17481 16527
20336 7440
24060 8907
23499 26968
13568 21299
17904 23768
4148 24710
21148 14203
2652 18682
10640 101
25766 4874
25389 14568
23338 21586
538 20899
8111 22849
25567 9481
17289 27585
12645 16991
20614 3324
626 19030
6951 640
24083 11621
22198 27406
2616 21898
22920 11177
23259 22717
6750 22446
7899 23185
27585 23545
23238 13221
22126 22296
5301 18061
14722 19081
18111 23296
1592 6544
6891 11029
17547 19819
13361 22669
9105 12289
11016 19539
21407 26841
4718 11836
4100 12490
26160 11680
3385 27230
16507 20746
17852 23892
26933 2170
6661 16999
22454 21929
4040 3262
2756 16924
5215 6998
27458 21554
5933 25739
20910 9647
4887 24911
9146 23351
11147 10418
26141 16164
18539 10100
4622 5883
6913 21858
6938 26095
13614 11117
6710 25383
24076 26287
27662 20604
707 1906
2927 19541
13866 13444
12998 10486
1324 6114
722 7877
9942 1233
3612 4960
27645 6228
265 23253
6697 25343
22120 19262
19230 9503
18107 26601
12643 17732
1883 27079
4153 12807
6592 752
12942 2460
9454 21263
14537 10735
10300 18495
5017 11236
7003 4500
19975 11438
19439 15926
26945 15001
17742 26039
9731 27493
13718 17643
8357 790
13536 19898
23903 4115
15497 20461
27388 27505
7813 18543
19448 26251
12636 19001
11342 22147
14463 24841
19210 14334
27387 20854
8797 2533
18981 20974
17680 23101
15441 7369
10453 13405
13002 9345
710 18244
7610 27030
7639 18980
8349 326
12125 23977
3268 25139
11035 9370
22951 9522
7742 15729
2589 6181
13544 8392
1421 17225
275 19357
11737 27060
20190 7511
25427 10623
25323 23629
16855 15711
17011 17527
13749 13092
3190 19080
13527 12278
20805 19974
4380 10730
7419 6156
124 22988
314 5279
20122 23594
6259 25931
6414 1528
10067 26899
20079 8254
7018 26616
20982 22634
24682 25131
5398 1343
25609 25839
4334 4534
15115 22834
10944 15560
4115 26314
1440 20403
16881 21679
13026 24042
13785 22909
19586 21362
2941 22010
6015 4229
22934 23028
165 19462
25080 8644
4456 21804
18613 26295
940 26554
127 15587
18074 11039
8975 7321
23494 3136
8228 7786
9699 25596
13933 20451
3042 5747
763 4014
14734 16046
5919 11730
14130 24895
7618 4679
2595 6715
21931 2020
13620 16589
4280 8850
20634 10554
27102 15938
27483 897
18375 2993
17650 1798
15388 13891
18600 13558
24344 10363
9635 2449
23464 4872
10422 21532
13079 17460
1486 9770
18720 12348
17472 22894
19401 15163
10433 666
18555 25248
16017 25797
4635 21198
3515 19017
631 24335
26399 10284
17239 874
11865 24405
15554 9000
16133 4258
21511 6922
8072 7001
22492 1947
2935 25539
16141 6004
9612 23724
13292 9646
9940 7132
23060 12267
9532 24545
23761 9858
3421 3885
10043 5609
19538 27147
8237 17288
11297 214
18729 3960
9931 22154
10100 25719
13571 18986
19831 21092
12081 23804
10670 16507
20657 17230
6586 14755
47 9496
27542 18855
11638 26331
1885 17792
22401 13704
18964 3724
9872 21794
4151 9747
2969 8614
5627 3883
25362 3954
13875 20497
14429 10394
3361 26919
12579 26207
10845 8448
5029 15665
19945 7721
3943 4505
6049 15693
20871 5460
12083 11710
19127 12028
23644 12410
15871 6455
18870 19989
14102 8063
2659 11891
25472 12076
23828 16373
6831 24655
579 24863
1514 24689
9108 22370
14644 13
16539 4548
21021 21450
5400 19045
14728 3758
5335 13023
3172 12403
531 4413
27463 16887
2990 1077
23386 9387
2810 8821
25736 5317
16959 26392
22600 27014
25958 15433
5345 7646
1915 11228
21304 17221
1938 16238
17074 26470
21899 9773
2923 22803
6410 4828
13091 3946
17210 3114
22178 4428
10757 5231
10165 16736
19313 24553
13309 19231
11323 319
20947 12972
15495 21650
22457 17195
14800 618
23248 21278
6950 221
11078 17644
13841 26828
26127 12081
9597 2990
6295 9059
5341 25563
15224 1225
1647 27619
11881 9109
10369 10785
19957 12628
12212 17087
21903 10931
17113 1839
9842 3238
22130 23068
14316 23854
22099 22021
8811 27003
9375 7661
14849 27135
3711 7943
13198 21213
27614 4070
25251 5624
13812 23415
4467 4379
26555 5482
187 16031
16846 19826
5284 12699
18174 21876
23258 25138
27635 18027
21852 8350
21780 8192
8764 3697
13167 10901
21608 5976
22379 2908
13097 3800
20299 12648
13846 19060
14372 23713
3424 16496
10047 19476
17467 22027
17378 3153
12813 18719
14118 2423
26386 18684
1219 985
19852 12530
267 3217
1884 42
2778 25241
25391 11244
13940 21620
5490 26957
15140 15829
3118 1096
2684 18157
19559 1262
11193 1883
10257 18068
9661 9263
20769 27538
25508 1625
22747 25606
2925 9846
20739 10652
13980 15786
25734 7263
5559 7194
27031 22467
13253 13916
21441 21015
21821 18272
17677 14970
8277 7512
3297 26580
7616 17715
19560 7363
16212 7330
15084 16664
24982 4339
22475 22429
23755 6479
136 408
10949 4487
18227 15277
12831 935
14422 1992
15174 21405
12002 388
11787 15093
8709 6279
22350 16210
20026 16454
26278 15748
1710 22350
2450 12417
23760 8446
4168 6739
11768 26612
16889 25876
18433 6703
4501 4717
20559 11218
22896 15405
3898 23145
22320 12477
14780 10892
18379 17575
11217 8
4689 24843
26656 8062
4868 3899
3168 21896
10599 1843
5303 15388
23581 25678
3589 25146
27516 16990
6819 18115
12293 18936
22106 3593
18995 8216
24708 13750
19529 5909
22237 17985
19264 1030
4200 25952
10032 19988
17315 21638
26662 3013
7325 22310
17043 20928
7077 14625
1988 18039
1232 15477
5555 16396
23764 23048
3398 8315
1460 5071
13227 7385
3926 8176
12496 25921
7050 7039
217 7668
6377 10177
22312 15437
4319 10291
20073 27401
3688 3223
6866 16121
693 3784
10762 14680
3094 8926
13458 22561
962 16025
9973 3504
17521 4236
4778 14236
25865 14930
913 4950
873 20444
23361 23747
9152 11492
14109 25506
6858 12928
2565 5788
13923 19739
18735 1527
18469 1946
11659 14762
20501 24564
7515 5315
21105 12208
20726 13491
10109 14818
14809 17111
3443 6401
11179 22824
5811 4363
7629 10366
11273 13342
16696 12476
9444 25579
19163 24916
3826 22399
21924 16359
16354 15917
18183 11862
22943 10163
22030 21239
2759 8553
22592 23910
7802 7767
2205 7411
10711 9177
4905 6336
23157 27627
17163 14467
15939 4280
17929 6850
21987 19145
15383 26803
16632 13625
1789 25476
10872 11497
11969 21416
17468 8461
10817 2287
1673 4904
8420 15303
6851 2434
26042 22045
20643 2818
10600 18387
5980 7747
2097 26284
9335 14037
3946 15762
18142 2831
18301 3293
25133 13665
23179 26622
20538 3054
4902 645
10426 2080
16140 35
2769 18431
23375 21902
1953 7207
4219 19662
6439 12496
24068 25968
23569 5192
6550 12012
10389 24510
1556 4946
8563 26471
9967 14820
22185 24953
12100 23312
10170 17237
23187 22312
19449 4365
7081 9956
17602 12005
14391 19756
18919 8247
13513 23387
17303 23746
3597 6940
20753 27512
8741 16129
8034 23031
26510 3085
2063 22686
10071 22916
24579 1491
4987 16337
26050 13937
1304 25564
16522 4570
1646 14666
17674 5606
19527 603
7387 14385
18603 22576
14384 6538
9216 10384
15587 22871
26255 9482
2791 8184
17787 22422
26581 17803
7615 7085
6382 16757
16502 4002
15739 26363
21538 4896
13612 18154
743 13627
19350 5892
10720 1493
6995 26882
8590 25928
22033 2849
14286 16969
369 12411
22840 23078
13683 21474
22157 26458
8909 14175
27402 7801
19588 21308
4264 7170
6957 6412
7847 25250
27432 21386
18495 21576
18874 24659
18875 4081
23812 18023
18841 15259
26135 25412
111 27209
21995 17353
14317 15251
12721 25744
27524 26147
2667 18544
13852 20685
9763 17998
2930 13960
25655 25990
2169 15797
3928 3237
16204 10295
19542 385
2238 6716
2826 17486
16263 6688
2938 311
17623 19921
27284 22317
6939 15533
2958 11034
23546 23766
11305 7390
16910 22320
5516 26232
13806 2444
15079 10832
7352 21618
26021 1642
4000 11067
20077 8194
21646 536
1129 16557
6862 8679
16567 11047
18496 4680
1399 9095
2025 21852
7740 4300
20506 17055
489 26975
7514 14313
9741 13679
8470 25716
2038 2808
8548 5106
18508 11619
3348 8649
19113 1463
10796 8318
1726 25291
7628 3871
17312 19207
17793 16796
5515 22947
339 11692
3621 21032
12912 15498
7213 6428
14730 2566
23554 14008
13783 15749
9010 19196
11924 27730
21714 19410
16824 190
4241 8488
23748 3896
6206 531
6768 18371
25277 25381
12428 1470
21991 10417
16450 15566
22100 16582
13656 25780
7865 398
2406 23274
12743 15593
8421 25842
23173 11510
27582 13687
24274 27676
8704 6981
22783 27138
17502 18953
15207 19113
15873 17825
5821 7862
22842 17915
6057 7400
23203 26365
19710 16486
8354 16375
5968 24726
5423 25245
18943 18083
14338 2762
8794 20007
11284 20183
27523 6342
16179 26541
2665 9222
23817 6522
4483 13387
16524 26025
5914 7917
10423 11300
26632 26002
5166 2157
8226 5343
7737 1568
23789 22881
7061 22923
12901 26279
17530 156
21189 24013
24176 24515
11660 22102
15600 506
16584 12127
5567 5371
10660 11976
13308 18808
16236 9390
19068 18459
17037 18237
9284 4518
26478 1610
9858 14360
3796 17065
11691 14145
3065 5738
13426 14551
5499 9721
23363 24106
21097 21543
2625 22213
19576 24499
17575 20107
21759 17877
5909 26239
27375 21341
10472 2769
5491 19936
8263 24462
22645 1735
4244 19468
10046 25551
19105 9705
7658 22128
24101 6660
3451 4777
6603 5743
3076 3753
20958 8801
27360 23831
25108 5592
6077 8049
18697 15951
18617 18211
1591 22693
8386 17927
27703 3248
19493 7464
7181 851
12755 4173
8190 18689
15063 23319
1220 26547
21023 19286
7458 26285
15841 2525
22011 25809
9 1318
4631 17350
21035 9184
4721 15544
6235 5757
2500 9118
6190 788
9572 19487
10009 18238
14268 14669
12680 5664
6461 9937
17288 11057
2910 3823
22062 16346
10080 18097
26103 10298
16235 623
10968 25130
17534 24711
22953 739
16520 13063
7685 7239
6947 24671
12719 18224
26297 19201
244 628
6553 25613
13653 17337
2026 15735
18383 1430
14882 19353
12580 17043
25612 23602
22668 21505
19726 13944
7069 16084
2478 15708
12851 17276
27535 6131
19910 21259
15110 199
24000 1889
25202 14392
7945 442
1355 21610
25947 10704
3520 7727
4296 8042
6932 10197
23485 16577
7225 17814
8738 17706
11042 9416
18596 22462
24389 1102
20161 22288
724 8657
1161 16314
23791 12314
20415 26035
23782 15609
11482 1046
14646 18583
8195 22356
20917 14378
26129 5078
10748 25980
749 14353
22396 1647
21584 23149
12989 7696
8186 10
12817 13655
7454 14933
7964 18559
20108 1448
11470 8755
567 1335
12899 3183
22949 20952
20100 11500
5903 36
3026 2002
1442 4095
14555 18176
9713 7225
2951 2231
8132 8800
5880 27513
9738 12377
1072 10763
2298 23397
18669 10666
20823 3656
5927 18036
20057 26935
7570 24834
12565 24291
7706 23657
6894 12742
25322 7182
8071 14844
13974 6858
8415 5115
8278 24061
731 15364
6620 2317
6166 23421
158 17386
19674 26217
15863 8178
5563 21540
13864 9830
14986 12301
1600 24601
14169 24090
23141 27367
10235 27461
10244 11686
12521 19727
10997 25158
20864 13692
1859 863
23683 11461
25646 27179
22958 3215
4019 10171
8691 9233
11447 19872
9993 11227
13894 239
3635 3455
26012 14131
15425 14216
12180 1487
22041 11096
3797 3102
5330 7122
11790 458
5203 13497
9793 21411
4731 11450
8968 9478
27074 20850
21616 4277
4060 25926
17973 24675
5010 1857
25344 275
4340 12787
20176 18547
16138 5
25804 13346
5999 12309
7989 21751
18749 21374
5946 3874
27361 27751
11145 13326
19338 2945
10907 25820
12379 5907
15874 26614
545 25107
22648 14473
27575 24717
6872 6117
13501 4259
215 10308
20280 5334
6689 17703
342 5780
18688 6068
9051 12396
16800 2862
150 17845
1139 17880
19625 7832
18998 13281
1645 9776
25688 16720
2586 14435
2585 19486
5738 404
9087 10731
18134 20810
8050 20449
10224 2864
19231 14569
13949 18482
9852 14640
21848 26938
22766 18862
6451 21319
8674 20778
22867 24087
16216 20215
21115 13415
12997 18742
23405 18086
1610 18015
21308 22415
12183 2474
19069 27081
13 9425
7287 21387
1033 18962
23720 1131
26344 19748
22913 18568
14717 3173
11995 26016
22155 12534
19903 1092
21567 7205
7569 693
1243 15739
14886 19743
6774 14028
12306 10120
17532 23926
1802 2083
698 3859
26376 11620
6518 10227
15553 17069
4690 3474
6177 25972
5848 25181
21414 26101
11200 18498
14224 24083
12439 9501
1044 10130
19574 2652
5660 16037
20256 24713
5554 21908
5750 7805
9373 15913
21654 24379
22792 9391
10414 1097
11593 13176
20640 3601
281 5570
22594 4511
16906 18435
14956 217
14772 3815
2748 2358
13060 12952
18936 6192
8261 22251
22028 25368
4282 21783
16837 5737
24608 7799
20184 12032
27621 16227
16779 13719
11538 6101
5960 23460
18633 4794
16556 26952
24215 6762
14919 8026
22432 21917
15972 14627
10842 10658
11227 26738
21656 18243
14640 25225
18029 6774
16307 26811
9293 7814
13827 14409
3067 8109
23747 294
17053 18131
21851 4274
17670 6486
8393 16316
9426 26485
859 20222
11589 19103
10434 22845
26956 5387
3591 25389
11613 3290
22460 3699
22226 17899
10191 8365
6141 4230
4243 17978
7687 11743
24740 2007
17867 492
11345 24662
4009 6944
12017 19759
3990 24084
22050 2219
110 12329
2787 18869
7168 20433
19679 11718
7067 22539
17078 1468
20328 13348
6438 11506
3576 18095
20719 2771
5467 26124
20393 24979
27735 20079
21505 7705
7245 1172
15633 7863
2199 22089
10771 7712
7065 27490
8895 1153
11317 18089
20708 22820
11666 19760
2077 9648
20834 26917
21274 1678
876 12082
26990 19424
5588 10352
17594 15185
17544 25961
3089 8108
6069 18860
5610 20241
23168 11672
1193 53
14821 6358
13108 21021
471 9659
3738 27741
13186 16078
13124 20181
16056 15833
9419 5732
1378 5726
6322 931
21978 11054
13221 14788
23759 18120
435 10514
23990 26609
2523 5057
10022 20734
9109 11243
11137 13208
6218 25548
10383 15619
10491 4404
15500 16362
26210 16349
20006 25552
1539 3870
3732 18974
12134 11033
3345 18415
15046 15304
15572 17357
21178 25895
14912 5559
19621 25391
20828 15205
14207 23718
27689 18679
15463 14556
23185 16900
15646 16849
20867 14197
10568 5328
4657 10978
3856 3563
11416 7623
20379 15964
539 7553
9404 11162
12644 11255
5372 12171
17197 5162
25769 21261
23662 2606
13504 16384
1994 19598
20378 978
4907 27210
3464 5218
6912 18002
15326 17408
99 11473
5962 8157
6400 3397
19185 18005
7132 13856
21939 22592
10213 19811
15865 4207
25520 21209
19465 13473
9756 24030
10929 10504
22627 1085
20197 13181
687 8495
9739 12419
18415 20661
13033 6535
24457 27383
3223 21028
8562 6632
22834 14291
21167 12835
17363 4790
12186 23752
742 22166
6584 15734
14666 11637
25797 10815
9200 14275
3561 11462
22337 25326
10499 19328
576 26854
10704 22278
21153 26256
26576 26001
21862 20834
373 14794
7134 13691
20418 16104
10528 90
13556 15963
6870 6083
25200 11754
11871 22038
7905 14408
1128 3589
15532 8688
7393 23654
21002 9515
11539 9834
15582 13949
14414 7566
19698 8382
12518 27645
13264 4250
3229 2631
18225 18469
4577 13374
14312 6817
13708 13052
13442 5157
21039 18617
8582 1774
27584 4516
4104 19818
13897 8685
18659 10129
22031 5876
574 22912
2749 13870
14310 2369
13752 19917
24537 1050
11264 3861
12451 546
8921 15630
76 23350
8120 331
22678 24699
19618 16503
16446 7367
12324 20622
13380 8149
27151 22519
8370 27620
10520 782
23326 11178
8162 13207
24230 7319
26564 17255
4225 13460
18344 27714
17653 26159
19292 5144
22926 24949
12494 21544
7386 25929
8550 5255
6022 906
6495 268
15261 22862
2710 17231
13101 27156
15289 15549
18063 1453
2183 11588
11223 18755
2593 23011
19126 22390
2138 5019
15240 1221
7076 20378
14547 543
23271 11640
23677 930
14669 25540
12295 10333
4585 11468
13218 16663
4522 16408
2367 20023
23881 6223
5206 13865
4494 965
18198 18972
9438 2701
7116 17142
8406 12793
22748 8445
5932 24669
1436 21556
25364 8070
9355 22378
8818 19479
27681 11815
5059 12599
10161 13974
2832 5639
26192 7580
14624 10915
12051 5644
24204 13693
19928 27424
69 26776
14850 18799
22236 13518
25970 25178
16729 13124
4159 2034
16802 12803
18246 27718
7534 12069
12595 11995
16275 13699
12676 22168
5835 3299
4185 13819
15400 25801
4272 6141
23821 20564
260 10740
14404 7639
23368 3366
27025 20413
19047 4897
23142 17584
23314 23583
17692 7519
9302 15982
7249 15148
2214 869
24454 19418
20032 17615
11800 12379
23284 12646
10884 13412
8298 22124
9272 17017
21468 11019
21144 6050
4462 16045
26691 10505
25283 18824
9640 27170
27099 26336
23536 6612
19233 5337
7798 5001
26471 3365
6905 27279
10638 7266
25205 4217
2802 1141
23205 16677
6338 4373
4444 5826
2256 13180
2590 22107
25959 2857
10804 12604
25001 13847
20348 26995
2154 12199
18513 21871
1858 23046
12939 1513
17096 14840
8804 7110
19168 16515
20858 10861
22040 1481
10822 14678
3962 8036
13877 17311
12410 21597
25887 11050
26968 9238
23279 6638
24175 17325
9259 13466
11578 17113
20450 14515
17186 26220
4278 11215
7580 10705
15464 16823
5496 19226
4576 5045
23249 19812
6539 3644
13334 2695
27398 22944
23565 20184
24133 8633
20960 16404
4251 17115
1021 3462
9606 22938
19162 19217
16292 12535
15053 19873
13799 8266
3122 22900
27281 3768
26257 3811
21871 11713
5603 12420
4849 3212
8533 17999
9254 27208
26544 16896
17335 19401
14544 2833
26389 24873
18532 2074
7284 9932
7303 18536
21054 21642
4331 180
8853 3764
27500 15479
16135 21923
11566 20684
19097 3848
15028 11899
18675 23882
11819 1783
22570 17928
7661 24252
2045 17060
4391 4118
18213 7460
2283 15380
9228 12491
15460 10158
7343 336
8735 976
8059 26852
15013 2089
1544 15726
27587 17898
12695 13909
13981 24574
14625 10571
11368 14686
10630 13205
18691 20716
7693 21744
13863 2903
15347 8611
15593 21333
20721 25905
18900 17077
4210 25807
10697 8996
8984 6054
21433 18366
1068 27466
21106 6352
26545 20770
12756 16225
264 9509
25019 4170
4094 10144
21840 8802
14807 22386
10253 17143
7285 3353
20303 10026
24604 23303
1765 6579
2672 3779
11535 15874
10942 21244
20344 14547
22532 699
5241 22279
11372 16614
741 25415
14676 19941
7242 6859
17971 3719
13552 18868
13995 15988
22636 20342
9005 23106
8167 5436
2788 7468
12244 9814
21109 569
20668 18099
19508 14168
2886 12148
20676 8045
12135 21410
18727 15131
7686 735
24513 16282
7409 11475
7622 1427
3344 19386
23459 11965
2580 21418
19347 27441
17744 15790
10812 8968
15514 9047
1656 25151
20884 16673
12309 16109
363 6975
6492 24230
5380 15563
21712 5955
27358 20105
12205 19897
1790 6435
20374 26094
1120 13798
12600 5625
16982 16827
26687 6135
4186 11582
15839 22220
3677 4561
22685 8630
9843 25355
15702 9719
25473 14741
11446 7435
16478 10852
25753 2445
5541 25574
6107 19072
20013 18939
20208 12911
19953 13605
25764 11293
17249 18585
12510 21464
4982 26093
17436 21427
4118 24434
13979 24250
1793 229
4651 22478
12378 10324
23174 3062
2423 22925
2889 11975
3849 8971
19199 476
14468 8110
12254 5325
4583 22035
15268 23915
9992 14860
4240 5385
15673 27435
2807 14907
19884 26166
15204 11624
4454 11084
7246 21851
18886 4782
24166 10114
10065 15107
7436 21888
517 1535
20511 25648
15722 2941
3703 6150
8364 2375
6882 16790
24760 19461
24485 14370
5803 25689
15277 10280
5524 12870
27069 9889
16798 3405
673 8989
11509 10244
16655 2211
12630 13143
16518 19892
11998 4191
565 10240
12490 13940
559 10850
18812 19330
19769 13638
17989 14329
13400 8041
7729 1294
19883 10096
17890 26665
16467 22970
23085 2583
6564 12336
1784 7867
5294 1688
6973 27292
18857 26100
23621 23614
25686 485
367 3384
23564 15519
10811 11145
22907 3977
14698 2012
16335 759
21574 23498
3408 15807
10162 24883
6354 4724
22263 13300
2276 13059
23301 15176
9919 22104
24228 4122
10438 13622
10905 1816
11616 1059
1302 4866
4175 8798
7480 9916
1487 10566
21159 25904
25390 10916
16177 19745
20000 6394
20088 3772
10365 20364
24040 8933
19054 6923
17688 8979
4217 8374
10871 8812
13682 11857
26250 21141
1864 1115
20815 25173
15254 27205
8510 21964
11516 1244
8268 21385
3956 16488
9869 8509
22637 1045
5352 1038
19993 2158
1948 12910
845 1424
1197 8440
26785 6937
201 5633
19095 12224
5783 822
7928 16489
15705 4646
4097 4234
3204 27578
4066 9974
4341 19221
18406 12821
11364 20275
105 13617
16276 14004
26663 11933
6865 7408
15158 27007
16112 11520
10122 6977
17516 10974
6665 1697
26681 17583
14340 14783
971 20671
5386 3930
3658 5845
15672 19232
23438 5581
1844 6831
22932 24832
23019 4479
8703 21094
23570 22337
12140 22185
9210 6491
9523 10341
13605 20909
10932 17941
14378 13390
4052 26611
19666 24907
15416 10874
13828 6903
27273 9629
6747 7858
5413 452
25203 1586
7119 462
16479 8296
23172 13493
17262 27284
14521 23664
13901 10661
5429 16699
19138 19160
14595 10621
24458 17047
24049 11667
3097 19106
25148 27567
6365 24492
6071 23584
14423 951
20717 27122
605 2267
27627 13845
8280 11234
308 27269
25789 11207
5718 17619
11204 6830
27382 26685
18172 15492
8142 1547
14469 22155
2635 7530
19865 25244
22175 15928
17758 15521
26716 9435
17022 4744
20990 11307
11300 21551
16836 7888
7760 17048
6238 21469
7756 7729
15613 14897
10073 14491
18542 18310
17493 4138
6517 10695
15081 20686
37 26137
3500 8472
13666 3950
14229 5164
27723 9803
20840 4155
25425 9995
18253 24721
11614 9402
6298 22772
7668 27041
18167 1550
23093 26893
2346 6646
9546 6523
4271 3498
15808 9641
10515 5443
3401 27113
12241 607
15515 5710
18868 25359
11749 21396
14525 23405
20788 22473
7411 7304
17398 18293
21349 14610
9406 17372
8760 10476
7707 11
7968 27215
19021 20730
22339 17557
18231 20386
1651 12855
19094 2789
9863 7371
2485 17162
12666 12581
12367 17784
12168 12759
18051 18159
3212 26310
1303 1669
4339 7680
4966 15578
1347 3109
24184 10534
16240 5560
2547 22034
24833 15359
20656 3836
1910 11235
25271 98
7446 3055
26163 21968
10406 19447
26796 16137
23589 12552
17711 9070
18429 24692
15198 899
11968 19594
26587 15778
27653 4816
4161 11801
1157 18692
297 11949
18616 20258
11515 21522
16688 10117
177 7310
3780 24182
3987 27680
25760 16633
26213 23871
4024 4506
1620 18288
15986 8686
12550 12781
1631 26487
14351 8156
22839 384
13625 24376
10292 19267
20296 2150
15774 19809
17863 7835
12472 26879
11716 20472
25351 15894
22568 12797
9486 9779
17218 23201
4913 19054
24612 6254
24403 13667
22881 23849
7718 17448
5151 4216
13369 12782
18530 11275
11560 13694
9197 12579
20395 16746
6405 6488
26185 14584
3907 19056
19867 9456
18583 14975
2847 18107
3846 10732
12740 14775
8006 5842
328 20933
6224 596
2477 7739
19090 4114
11409 4313
9319 21757
19177 10361
21859 10086
611 830
67 16397
3678 3250
18842 2625
14588 7256
23518 26236
14950 6546
13476 6092
23272 5362
18409 1150
13927 15881
18309 17850
13254 18028
390 20864
2103 3721
21849 9197
6956 6207
9570 23820
2134 21272
11282 15035
21038 25411
23089 10509
11966 6467
16464 15728
6041 2780
83 23735
24226 18038
1921 18020
6334 12302
10477 541
9615 25398
15547 27008
12602 7558
17317 27395
4059 21815
23619 26070
6986 22226
9058 13161
2865 20103
18790 4819
26955 13291
15452 17346
25402 19695
16965 13927
21783 2942
8325 16009
16180 12325
408 9303
26312 17155
4500 13089
20531 23144
3778 14919
9049 540
15979 509
19432 3385
3434 26350
8341 7277
9225 17292
20710 22205
27684 22594
9399 23620
7735 22843
11160 27045
1521 22121
18087 4936
14905 12958
10189 17807
27477 4845
994 2213
13971 27086
25874 4429
15187 14937
14327 2146
4037 17591
23330 18581
7416 11636
5504 6677
210 20443
15542 21653
4952 8001
377 15079
1090 8645
8496 2516
17716 10831
21761 1841
19581 11822
9771 2547
22631 26305
16474 1409
7963 24155
25451 19038
2180 19437
8671 8988
22161 16242
3285 26571
25096 18432
1549 25979
24936 12086
4549 26924
5910 25849
11629 23188
12006 5651
293 3778
23692 8369
21641 14162
9619 23886
11435 25009
903 1457
15872 10707
7676 4302
10525 9666
5458 22484
23649 15415
6291 8548
15730 7844
27720 19726
10284 14017
5378 18729
9760 20536
25982 26222
1087 5791
10624 10739
21202 307
6613 15383
16421 11922
6205 17157
8588 9097
24585 24397
21295 16956
8447 22589
2578 19472
10799 14077
2874 27125
13291 9172
15016 6095
10201 17809
27730 16149
13042 8640
5431 4756
21 19135
8161 18282
21362 11302
2690 24585
8135 1288
25051 16893
8643 21991
15314 17472
3901 24425
26371 4801
15103 16310
16863 15180
22721 16294
15954 4132
26173 25833
6085 12457
7696 20968
8733 17578
15800 11456
23061 4971
18817 26231
554 6366
27636 4662
7949 1850
26931 24280
16541 1002
24053 14626
3376 5341
17605 11256
12547 13130
21614 14643
19295 7515
12288 776
13987 8617
3046 12004
22853 24795
12260 20603
3594 10764
6725 19915
19799 1778
26245 20041
7632 8170
24140 6728
7982 23808
2147 13732
8369 11999
18355 3392
1379 5155
8861 15912
14563 18871
5900 3022
13203 20352
21259 2310
4767 7932
22604 11606
24190 23492
20550 21135
27238 25077
3810 26291
19859 5349
13882 26916
9839 11662
20141 24640
6698 18401
16343 19691
18977 6696
10846 7455
4306 16544
8051 13472
5996 25492
23732 9493
20759 20750
18865 7000
3884 11329
7234 17352
27010 21200
3217 23115
27292 6543
7100 26493
10688 15084
16076 395
7503 1875
10207 11321
26056 5203
22468 13943
12593 10540
12915 18924
5067 14816
8479 24368
21326 8522
5014 7422
11838 26496
3596 26108
617 5040
22831 16593
713 23680
26729 24447
12934 25148
1776 26521
20384 18422
15403 25208
22079 21503
880 26092
2872 2120
25866 2974
5272 19675
16692 2347
21121 25946
5144 8976
4173 8882
4393 13184
6214 11849
13680 20955
9128 3846
19470 5531
5122 4920
6626 10287
23994 20741
27236 22577
21232 15746
8483 414
21132 12162
27033 2421
25400 19901
4006 11670
7263 15017
3981 2629
7272 25179
19590 1590
2942 13233
14641 17679
6192 1991
7893 8316
18797 24855
10324 24780
510 24652
17743 26278
7667 14682
17725 23130
26525 2326
4141 11747
19408 6304
25496 25332
9383 14979
4648 7982
948 2761
12190 9816
23490 4948
5844 15839
13396 14647
15913 20874
1691 16525
7606 4812
23945 95
27093 6875
14612 22456
11747 10230
2130 10957
14427 23493
20542 4245
17798 1116
5424 7292
23540 26306
25352 17059
25221 5741
26826 11832
16172 16320
19394 11077
20494 7180
5712 4164
25169 19050
11992 17633
14738 11471
8737 18779
8010 12728
20862 5693
10323 6419
1583 26065
14810 2190
14945 3314
20377 21495
21359 17398
15299 2366
6335 14947
12818 2727
26138 14142
892 18079
17730 12524
1518 7716
403 22540
7115 5227
24160 5193
11913 269
27470 4564
24043 12286
12341 19849
9485 1404
24275 24760
13447 17762
25368 14108
8868 23606
14364 3613
24566 6756
27153 7689
11909 13566
19451 17804
6060 18947
4072 13555
4438 15973
18247 23879
5299 23003
2555 19968
13092 19676
2753 8542
18037 24026
26941 7262
1862 11841
24157 16267
3957 7270
12654 27328
10597 25866
10813 8300
25825 8284
9698 15370
5255 26862
660 17670
2883 7115
21014 12577
7923 8141
12118 26051
15303 21215
13892 14566
17028 26117
4376 22409
8911 9120
16102 6023
6607 12633
15234 2414
23183 3919
24210 3666
24432 17657
11456 13747
21734 1620
8934 12372
15824 12275
21720 10839
13336 6174
7631 1701
6432 13817
19577 20773
15583 6280
2402 14858
17944 7532
2292 8447
20413 15773
25337 9377
25219 15404
21312 7964
875 4657
479 22546
6328 7119
13134 13075
5810 4722
943 23843
20515 1842
61 20142
4459 18647
10003 3631
20127 26861
24820 3302
23737 11124
6222 1849
15621 6073
9312 19219
9941 1918
14852 1752
11073 5814
3203 20595
7627 13394
18799 15085
20881 24658
3922 26358
7805 18937
11728 26767
4292 10671
11766 23171
17815 21108
16182 17168
3179 11368
7008 209
769 11385
12178 14119
27073 26430
25997 6938
25798 4736
491 6197
4740 25226
3743 26638
17771 15510
4508 3346
16875 11859
13300 27560
25631 9225
10448 9427
10913 14124
5907 8629
13608 14596
3311 6102
16043 18408
8860 20806
1763 23674
4004 19367
24534 23995
13165 9062
21385 19230
19453 3447
27044 16041
22601 9335
395 10859
8750 502
486 8003
25197 2741
22523 8587
21509 4242
14723 25799
18127 23042
6436 13235
8432 15936
12009 17918
9022 16432
17884 4852
15569 2628
13239 14184
6309 1334
25852 26856
18443 10355
15508 3957
6360 11324
17475 12425
1873 3746
13116 193
9290 13969
4230 7632
27 16666
13693 26460
128 2419
15504 20404
14903 26037
17002 16303
4943 27275
10132 13708
22915 20641
8452 24077
10831 10609
7123 14559
16759 3126
21160 7384
17140 21305
557 8372
1345 15130
12597 14951
26038 13959
22659 17082
16281 14328
13136 22316
16741 24985
23970 20077
10209 2847
13733 3337
27216 24928
11622 11448
13634 26490
23602 18634
16266 18014
12441 17003
17305 22357
2606 24678
5922 19560
7714 11216
4239 5766
17052 2756
5656 27096
14869 2866
9467 22823
8138 14336
2970 5836
8538 5187
8267 27291
17297 15246
747 20531
11077 22902
504 20015
18779 11808
6814 16435
1748 2155
15712 3239
8910 3619
6513 16434
22638 21293
5308 26032
22349 11584
7329 16276
8872 12973
7424 15047
25759 16912
543 7883
19205 8796
6887 26522
6327 25068
11027 19179
2457 8260
3404 4966
2525 5168
18462 19454
3609 14398
13739 4023
13169 2879
3237 25255
12365 17858
24717 5352
13970 25442
7954 20306
8521 17516
18151 14171
17487 413
8637 21383
5369 20028
25371 24961
10565 2669
21494 2286
18479 26293
7513 25052
21917 26992
10511 17942
11144 9124
6036 3621
18180 3336
699 14713
15531 27012
10156 18481
26987 9561
17697 19983
16422 9619
18773 10746
4713 5761
17227 7393
21480 12774
13448 23741
16668 17585
12880 12768
17174 25591
17264 7920
12136 26427
18979 23211
13723 116
9938 17789
21984 8871
805 5448
23799 25279
11398 4116
22614 3268
7368 10900
14119 8337
54 12357
3005 20544
5730 17132
17201 11144
21593 8727
5624 20066
20275 27494
11233 22271
7820 24258
12246 11129
21949 992
931 26989
16515 1035
6262 19435
23580 27024
19317 1041
19147 7236
19610 19198
10231 14806
15780 14700
24072 22327
20771 7361
5966 18842
2574 13644
20743 21070
21870 21260
18318 14051
9395 727
1993 10460
2582 22806
9949 26040
9583 13883
3812 14707
23088 14468
2920 23536
4659 4239
16914 27472
13217 16313
10902 26013
23805 19031
22194 11132
18259 26816
2 3152
17281 10825
26839 12902
23159 22428
19469 20808
6770 26129
10895 26267
16521 4699
5961 309
18363 15416
21692 16474
22131 16497
14881 24793
7796 21298
17987 4089
20259 20400
4227 21558
20245 27668
5042 228
7120 22059
4947 19654
10578 6746
21087 26745
24993 22224
3851 1629
21802 17739
7467 16288
17901 5622
7148 7621
15250 7509
9833 15592
6789 14760
607 6692
16144 23463
6585 18802
9166 13538
25033 18112
15287 5586
5358 178
3437 8900
585 243
12177 692
20694 14463
2200 2817
16915 8280
16745 15122
2265 18558
922 7077
25635 27252
19727 5284
12475 15219
24973 14023
15457 2877
14395 7876
22302 2883
11030 14072
4808 20344
7889 8902
7841 7038
20098 9753
4105 9537
27478 5950
17384 530
5401 6531
14115 6446
17822 4933
26670 17438
10965 24806
19014 24232
19678 21409
8919 5174
18711 22001
4419 13216
2562 25646
7433 10195
2890 3436
5132 7211
7289 11431
16380 4012
25459 11017
10388 6557
27558 6737
30 24929
18434 20809
22133 1179
19258 16898
9996 13690
11359 15821
8626 3564
12012 7090
8594 27574
9285 25708
8091 24942
20821 14598
21389 3835
8935 8901
7229 3170
27416 14020
18262 4994
24440 11547
3538 21485
3831 8851
3182 3117
24029 21142
14959 1379
6265 25193
21376 168
276 15308
7807 3500
4834 330
1357 7082
16021 8083
17231 8892
16397 23715
24869 6839
14991 15883
22880 21560
6974 18671
6373 1628
17529 25669
5156 7451
7881 8806
1878 10200
17632 24940
27084 3990
27741 1170
24876 6589
16534 17592
1291 12827
15545 20199
22037 12723
22647 27077
10050 16693
4539 7268
7428 11656
17476 18213
20863 24827
5280 15942
6020 18362
14883 4001
18624 16270
19414 26712
17578 19561
3157 14062
9301 10970
23739 6675
5075 19946
25717 3612
15963 17130
12484 17250
7723 21936
3419 12791
23969 27577
4770 27696
14711 7021
16604 11373
9250 20541
18297 23418
23231 4426
13077 1659
24707 14444
5154 6782
17437 1565
14458 8423
8617 14530
19076 25409
21787 7399
10010 16665
4633 8215
4128 16623
21164 3097
23801 18252
14900 13115
3243 3107
7915 1385
22076 2611
3544 19488
15235 20888
23247 25251
8780 10262
17708 21879
129 617
8647 347
17898 17488
20600 21754
21499 513
26408 10595
17128 16447
4813 13525
20891 23059
13876 13756
6960 21777
24526 21057
27371 11546
16873 11031
15251 9495
23371 3341
720 5413
3481 22766
12566 21099
10641 2183
14168 2266
3006 8299
5521 22394
512 18786
6823 8469
21554 14736
3975 17131
9322 2374
9676 19109
7808 25174
4354 5329
7973 15480
1099 21925
25159 7280
27180 23014
1248 7315
12858 5459
15032 16722
20987 26849
12408 8923
9664 4057
18558 13202
21137 18723
14049 17571
11493 15870
17001 16502
21733 21645
10906 18561
17788 25074
1196 24913
8978 18515
20301 22130
16171 6006
18193 1948
20014 4441
11562 7264
6348 27725
23483 27593
6669 10822
21979 5797
18606 25515
22234 4307
44 7345
19477 4222
2163 9152
17751 8355
1786 10208
7710 20323
13993 131
4988 10034
20505 11295
14622 21483
21964 11794
1003 19129
10233 17726
15040 455
16903 19502
1497 16407
7437 11185
23664 24082
15883 22788
12832 5488
22257 11242
22419 14859
12361 10903
7913 4597
1485 21859
26622 1268
13777 12843
21531 25114
10385 20831
21585 22747
21150 11239
1701 5895
7044 19609
15491 2868
18905 7898
7160 17462
7084 860
20034 27443
21104 22024
15378 17812
21572 2202
17910 21237
15117 11919
23136 10533
16260 10670
19403 17098
17148 23454
282 27072
14968 13786
1634 4890
213 18555
6931 50
17802 21945
5287 17981
6135 2848
22446 25062
6703 19383
6449 21625
3372 23897
23508 8512
16223 2702
4601 23505
19501 5409
24268 10515
10755 3227
23658 16114
13422 19883
13830 25837
6944 19417
5721 12576
9382 21501
5623 9400
12191 12694
17768 7456
1720 4297
23722 20447
18544 20131
3965 10950
10256 919
24702 27731
9602 16158
18986 15453
20119 15201
19589 20721
20107 9709
23847 13528
13641 10774
12558 1720
14265 13718
676 2984
24207 5617
19418 19680
22289 26062
20434 22073
17064 10573
20984 13941
298 16023
1119 25236
15017 3997
15474 25759
9691 2335
26017 27171
641 1886
19999 19859
19359 25549
23931 1173
21214 21758
8542 13088
24237 19022
21024 1312
26219 27540
2849 14437
27642 17447
18878 1241
6343 18916
6903 7737
15064 12878
16948 7998
22860 17881
11878 400
17943 5648
1931 16466
17071 5068
18932 24321
21484 3866
7682 20882
18354 26261
