0 18090
1 3783
2 3152
3 1209
4 3902
5 5232
6 14856
7 9389
8 12166
9 1318
10 16415
11 20949
12 11679
13 9425
14 5703
15 16666
16 18717
17 15692
18 6220
19 27347
20 179
21 19135
22 10025
23 17661
24 1016
25 11678
26 15577
27 7938
28 9372
29 2581
30 24929
31 19236
32 25792
33 17173
34 3748
35 26465
36 11844
37 26137
38 22372
39 25670
40 2473
41 2063
42 4628
43 14562
44 7345
45 26272
46 9285
47 9496
48 16255
49 25777
50 1825
51 10859
52 21837
53 2618
54 12357
55 25258
56 2087
57 6357
58 1346
59 21828
60 14081
61 20142
62 15189
63 257
64 528
65 8491
66 16922
67 16397
68 10235
69 26776
70 9224
71 12964
72 10576
73 13631
74 2524
75 19553
76 23350
77 11066
78 4048
79 13138
80 5161
81 9138
82 8238
83 23735
84 24455
85 10146
86 12671
87 21853
88 14405
89 6820
90 24854
91 15482
92 19423
93 19708
94 13254
95 15264
96 6773
97 21806
98 7494
99 11473
100 22609
101 26259
102 18270
103 18167
104 14832
105 13617
106 8196
107 24171
108 13003
109 16819
110 3941
111 27209
112 17907
113 23691
114 1193
115 23104
116 20675
117 23744
118 21014
119 21622
120 21942
121 24587
122 23950
123 22431
124 22988
125 5391
126 9243
127 20845
128 2419
129 617
130 3641
131 25307
132 9083
133 11879
134 11126
135 19590
136 408
137 2290
138 3736
139 15150
140 26888
141 11333
142 23328
143 13437
144 1106
145 16564
146 18840
147 9736
148 4602
149 23780
150 17845
151 16685
152 14422
153 2462
154 1667
155 15799
156 27048
157 9265
158 17386
159 24494
160 4303
161 22756
162 16767
163 24537
164 27309
165 19462
166 25086
167 13543
168 26282
169 16155
170 23466
171 14629
172 3970
173 9884
174 3019
175 12195
176 23588
177 7310
178 14535
179 6639
180 8837
181 20873
182 4329
183 24691
184 24202
185 2720
186 9338
187 16031
188 27097
189 17839
190 16628
191 16929
192 10591
193 14963
194 6996
195 8993
196 5445
197 2558
198 17119
199 2529
200 12365
201 5633
202 17427
203 11262
204 15976
205 16562
206 9930
207 16374
208 10404
209 3374
210 20443
211 4129
212 22810
213 18555
214 16631
215 10308
216 19074
217 7668
218 9788
219 22649
220 7855
221 26681
222 3200
223 3115
224 25845
225 19064
226 17808
227 18570
228 5881
229 6159
230 9048
231 24448
232 20660
233 26127
234 6379
235 25088
236 1251
237 24582
238 10959
239 13871
240 26160
241 4364
242 11932
243 12967
244 628
245 2729
246 22510
247 24819
248 12240
249 6022
250 24477
251 2959
252 15714
253 11421
254 16297
255 27479
256 12686
257 23494
258 13638
259 22241
260 10740
261 27272
262 1205
263 23309
264 9509
265 23253
266 17770
267 3217
268 22968
269 5357
270 24435
271 12207
272 9092
273 23239
274 15072
275 19357
276 15308
277 18701
278 24740
279 5711
280 26296
281 5570
282 27072
283 8822
284 27346
285 1357
286 21400
287 9115
288 7579
289 8032
290 13363
291 3181
292 25183
293 3778
294 9694
295 11460
296 20189
297 11949
298 16023
299 21467
300 11317
301 2361
302 13070
303 24690
304 22361
305 24031
306 14830
307 13635
308 27269
309 2382
310 8111
311 5626
312 8361
313 25421
314 5279
315 10960
316 7616
317 17236
318 3254
319 26866
320 5211
321 13619
322 10721
323 2165
324 16194
325 15052
326 3911
327 26898
328 20933
329 9946
330 27121
331 16145
332 24399
333 21316
334 13026
335 26800
336 431
337 24715
338 23209
339 11692
340 19731
341 2408
342 5780
343 24696
344 27220
345 9922
346 3220
347 4017
348 13852
349 17213
350 8546
351 19684
352 11567
353 16559
354 12858
355 13055
356 6059
357 9079
358 8029
359 24441
360 16734
361 6009
362 4827
363 6975
364 18688
365 24334
366 15974
367 3384
368 6373
370 25201
371 12174
372 23180
373 14794
374 19169
375 26683
376 43
377 15079
378 23040
379 20047
380 20269
381 3287
382 4160
383 11064
384 22417
385 22532
386 10863
387 730
388 17878
389 8068
390 20864
391 17548
392 11491
393 3863
394 17105
395 6090
396 24210
397 16704
398 21065
399 3065
400 27372
401 13481
402 21136
403 22540
404 5952
405 2045
406 23450
407 16643
408 9303
409 17435
410 3525
411 8736
412 8366
413 4451
414 17067
415 13507
416 23581
417 13588
418 21937
419 13416
420 11893
421 11179
422 15165
423 12219
424 1462
425 6890
426 17280
427 16134
428 24580
429 25213
430 19620
431 2916
432 24456
433 10175
434 5209
435 10514
436 13314
437 18317
438 3526
439 3988
440 4693
441 10617
442 24278
443 23187
444 17757
445 3269
446 86
447 447
448 16977
449 17594
450 15880
451 8748
452 1143
453 25287
454 3127
455 9511
456 20212
457 15050
458 20573
459 24924
460 26636
461 10778
462 21880
463 11065
464 10207
465 2827
466 16070
467 18565
468 10369
469 15496
470 3168
471 9659
472 21183
473 25623
474 13922
475 23687
476 7945
477 13879
478 4443
479 22546
480 23374
481 7777
482 3000
483 19526
484 10141
485 20116
486 8003
487 23949
488 24327
489 26975
490 13039
491 6197
492 26482
493 1874
494 17184
495 26308
496 27148
497 6380
498 27267
499 12401
500 25435
501 4403
502 5303
503 970
504 20015
505 25890
506 22235
507 20480
508 861
509 1999
510 24652
511 14792
512 18786
513 4208
514 5128
515 10374
516 21207
517 1535
518 18098
519 12590
520 5896
521 10512
522 11003
523 19636
524 129
525 1057
526 27672
527 8050
528 25508
529 3833
530 5118
531 4413
532 25019
533 9871
534 23699
535 5532
536 11902
537 22418
538 20899
539 7553
540 3349
541 4831
542 1743
543 7883
544 2767
545 25107
546 11943
547 18702
548 10552
549 2917
550 21581
551 25500
552 18122
553 11048
554 6366
555 16872
556 18332
557 8372
558 1975
559 10850
560 8116
561 15600
562 23057
563 25558
564 3124
565 10240
566 22677
567 1335
568 5562
569 14914
570 8080
571 25447
572 600
573 15381
574 22912
575 12473
576 26854
577 23216
578 17330
579 24863
580 10176
581 2148
582 10446
583 2502
584 24904
585 243
586 17824
587 3559
588 16983
589 501
590 21218
591 3608
592 1240
593 6409
594 5390
595 4157
596 15247
597 2630
598 682
599 5552
600 1387
601 25124
602 3322
603 1425
604 4935
605 2267
606 18489
607 6692
608 1192
609 15795
610 3251
611 830
612 3660
613 26900
614 23946
615 10723
616 10761
617 5040
618 13506
619 17071
620 25977
621 4035
622 27315
623 13587
624 20136
625 18539
626 19030
627 22647
628 19276
629 16050
630 15975
631 25240
632 26526
633 21952
634 9848
635 15134
636 27023
637 15038
638 20177
639 22978
640 17302
641 1886
642 15034
643 13321
644 6843
645 21476
646 3630
647 8168
648 26389
649 11973
650 27588
651 25128
652 26933
653 1549
654 20351
655 1322
656 22138
657 11721
658 3165
659 16702
660 17670
661 2467
662 676
663 20362
664 7206
665 10587
666 21114
667 19600
668 19569
669 18775
670 7563
671 11994
672 3704
673 8989
674 25256
675 24693
676 2984
677 22533
678 12399
679 6476
680 27136
681 20825
682 25264
683 12846
684 13590
685 25588
686 16163
687 8495
688 15443
689 7634
690 10089
691 10125
692 3826
693 3784
694 2216
695 19170
696 19384
697 26342
698 3859
699 14713
700 7906
701 6637
702 16634
703 16984
704 15691
705 10647
706 12564
707 1906
708 22206
709 25358
710 18244
711 15854
712 14279
713 23680
714 11892
715 7544
716 13310
717 4020
718 17710
719 2986
720 5413
721 202
722 7877
723 14896
724 8657
725 26377
726 17827
727 22007
728 25115
729 8264
730 273
731 15364
732 7859
733 14443
734 19842
735 17245
736 14326
737 17539
738 4108
739 4894
740 2561
741 25415
742 22166
743 13627
744 12446
745 11001
746 11330
747 20531
748 3791
749 14353
750 4814
751 14674
752 4582
753 6953
754 12250
755 18163
757 19740
758 19099
759 1210
760 24402
761 1340
762 5419
763 4014
764 27576
765 6967
766 4686
767 18707
768 16975
769 11385
770 2435
771 22471
772 17885
773 25757
774 18748
775 4291
776 1203
777 18822
778 17051
779 16338
780 8112
781 1159
782 20481
783 128
784 812
785 627
786 24799
787 10268
788 18964
789 9892
790 12655
791 24962
792 15096
793 26044
794 13457
795 27180
796 26657
797 27016
798 2933
799 25634
800 17813
801 13018
802 15009
803 24680
804 14506
805 5448
806 10598
807 25659
808 14138
809 16970
810 13610
811 22231
812 23887
813 17580
814 26953
815 20959
816 15393
817 10441
818 4281
819 17772
820 3095
821 7568
822 12863
823 6898
824 2386
825 12733
826 12816
827 7308
828 15290
829 22604
830 5197
831 11525
832 2395
833 25224
834 12026
835 13997
836 22558
837 11453
838 18510
839 15286
840 10801
841 8994
842 14148
843 21006
844 9568
845 1424
846 10322
847 22588
848 8670
849 9958
850 24400
851 18654
852 20726
853 27510
854 6617
855 16049
856 1189
857 20096
858 17520
859 20222
860 20097
861 1186
862 4065
863 19365
864 2760
865 8943
866 20824
867 13232
868 21250
869 15164
870 13813
871 6107
872 26208
873 20444
874 14648
875 4657
876 12082
877 25509
878 18301
879 24236
880 26092
881 12608
882 16370
883 25353
884 27241
885 10882
886 21841
887 18809
888 27102
889 10452
890 6041
891 22731
892 18079
893 7520
894 24613
895 7775
896 16638
897 2193
898 8235
899 25318
900 6103
901 25045
902 12629
903 1457
904 15512
905 27381
906 12335
907 23190
908 24927
909 26507
910 14764
911 3420
912 22833
913 4950
914 23843
915 5965
916 2068
917 21649
918 12840
919 25800
920 20330
921 2210
922 7077
923 20232
924 18578
925 7260
926 20780
927 585
928 19459
929 10856
930 14997
931 26989
932 19311
933 16383
934 10364
935 324
936 7804
937 10708
938 3005
939 304
940 22030
941 14726
942 23233
943 22927
944 14125
945 19083
946 8137
947 11159
948 2761
949 22954
950 15315
951 6565
952 667
953 10804
954 15631
955 3277
956 24336
957 22351
958 26896
959 27475
960 1460
961 9965
962 16025
963 14508
964 4238
965 27143
966 9367
967 21634
968 1911
969 24968
970 7138
971 20671
972 24125
973 3199
974 9533
975 20696
976 5079
977 9228
978 12459
979 1681
980 2315
981 25769
982 23577
983 11409
984 8088
985 22995
986 15403
987 5935
988 2842
989 27755
990 7029
991 8659
992 8402
993 20209
994 2213
995 20678
996 892
997 11081
998 26332
999 9636
1000 17474
1001 12873
1002 410
1003 19129
1004 19340
1005 26558
1006 10213
1007 1706
1008 22846
1009 27145
1010 13359
1011 7549
1012 7728
1013 9162
1014 2871
1015 14053
1016 20070
1017 19097
1018 23325
1019 4315
1020 13373
1021 3462
1022 1250
1023 18896
1024 2734
1025 12611
1026 6787
1027 15104
1028 6365
1029 16756
1030 23771
1031 16130
1032 13811
1033 18962
1034 20424
1035 18050
1036 12467
1037 18531
1038 10194
1039 16982
1040 363
1041 24097
1042 26061
1043 14347
1044 10130
1045 5516
1046 1284
1047 17118
1048 8007
1049 14526
1050 22742
1051 12113
1052 24233
1053 10017
1054 4275
1055 5937
1056 11571
1057 6278
1058 4393
1059 23222
1060 21938
1061 26536
1062 26229
1063 7425
1064 21727
1065 27436
1066 12436
1067 1949
1068 27466
1069 4668
1070 25160
1071 25233
1072 10763
1073 8648
1074 24487
1075 6701
1076 18698
1077 24176
1078 20533
1079 17296
1080 5518
1081 4803
1082 6624
1083 12139
1084 6755
1085 15113
1086 4461
1087 5791
1088 7103
1089 5375
1090 8645
1091 3849
1092 12703
1093 16111
1094 21850
1095 26271
1096 9637
1097 8955
1098 20216
1099 21925
1100 18078
1101 10848
1102 13556
1103 24684
1104 20580
1105 27318
1106 519
1107 9295
1108 8792
1109 2562
1110 9423
1111 24130
1112 5948
1113 12687
1114 13438
1115 825
1116 18887
1117 317
1118 7469
1119 25236
1120 21001
1121 1411
1122 21267
1123 15335
1124 13575
1125 5812
1126 20098
1127 26965
1128 3589
1129 16557
1130 2441
1131 16268
1132 1467
1133 5569
1134 4805
1135 8485
1136 19574
1137 6990
1138 21073
1139 17880
1140 12887
1141 1297
1142 18681
1143 22000
1144 27480
1145 21124
1146 3558
1147 10629
1148 2294
1149 17673
1150 1588
1151 20609
1152 2314
1153 20947
1154 5117
1155 3939
1156 11423
1157 18692
1158 1069
1159 2636
1160 6317
1161 16314
1162 27651
1163 7185
1164 21002
1165 23371
1166 20911
1167 21133
1168 16541
1169 20735
1170 23041
1171 24047
1172 1408
1173 240
1174 23578
1175 20247
1176 6230
1177 17805
1178 24419
1179 8978
1180 9651
1181 26407
1182 25995
1183 4652
1184 10790
1185 17159
1186 8536
1187 8883
1188 25090
1189 14074
1190 23619
1191 1854
1192 21289
1193 53
1194 1488
1195 13105
1196 24913
1197 8440
1198 23572
1199 9564
1200 23665
1201 7632
1202 6663
1203 15465
1204 15598
1205 797
1206 290
1207 15195
1208 4758
1209 18604
1210 1160
1211 13760
1212 1524
1213 4705
1214 6671
1215 3670
1216 26805
1217 16424
1218 24738
1219 985
1220 26547
1221 16089
1222 5682
1223 8581
1224 20858
1225 27185
1226 18438
1227 3782
1228 6982
1229 24018
1230 7088
1231 15610
1232 15477
1233 17690
1234 683
1235 22994
1236 24395
1237 4911
1238 10918
1239 15635
1240 9461
1241 11618
1242 15585
1243 15739
1244 6578
1245 18219
1246 25880
1247 22067
1248 7315
1249 22218
1250 5723
1251 4629
1252 19978
1253 62
1254 18825
1255 3240
1256 16217
1257 6932
1258 26028
1259 7035
1260 3809
1261 10480
1262 26967
1263 7803
1264 10055
1265 8134
1266 12970
1267 13529
1268 26561
1269 4742
1270 16379
1271 233
1272 24088
1273 14931
1274 499
1275 8861
1276 22736
1277 2411
1278 16941
1279 22686
1280 25323
1281 18300
1282 7902
1283 18620
1284 5721
1285 3333
1286 7701
1287 15504
1288 16671
1289 13598
1290 11055
1291 12827
1292 23542
1293 6462
1294 3444
1295 6206
1296 4183
1297 2534
1298 2799
1299 24495
1300 14130
1301 18370
1302 4866
1303 1669
1304 25564
1305 14090
1306 2067
1307 11057
1308 17904
1309 23399
1310 21205
1311 8884
1312 9174
1313 19238
1314 27683
1315 1987
1316 20393
1317 8889
1318 19509
1319 24361
1320 21251
1321 5554
1322 5147
1323 1439
1324 6114
1325 8217
1326 13522
1327 3894
1328 21286
1329 22157
1330 3232
1331 18175
1332 15382
1333 3271
1334 17672
1335 17546
1336 21907
1337 2677
1338 6340
1339 10797
1340 17708
1341 712
1342 16981
1343 6465
1344 16269
1345 15130
1346 15002
1347 3109
1348 9993
1349 13628
1350 23385
1351 20711
1352 19606
1353 7495
1354 2308
1355 21610
1356 16916
1357 7082
1358 25033
1359 26059
1360 16504
1361 16542
1362 18042
1363 24270
1364 20838
1365 26529
1366 22181
1367 9424
1368 13768
1369 6324
1370 21033
1371 25816
1372 87
1373 15771
1374 535
1375 26979
1376 14354
1377 15349
1378 5726
1379 5155
1380 17233
1381 21839
1382 3886
1383 546
1384 18031
1385 26786
1386 18047
1387 12488
1388 15092
1389 6826
1390 10879
1391 6568
1392 14513
1393 15724
1394 8653
1395 3614
1396 27207
1397 19215
1398 27568
1399 9095
1400 13131
1401 1188
1402 8722
1403 6885
1404 8188
1405 3032
1406 21793
1407 20667
1408 1286
1409 16170
1410 2163
1411 25268
1412 4549
1413 14667
1414 14991
1415 5240
1416 14375
1417 6965
1418 6047
1419 4024
1420 4189
1421 17225
1422 20032
1423 2899
1424 9755
1425 20307
1426 2870
1427 20779
1428 24113
1429 15667
1430 6555
1431 16640
1432 27200
1433 20226
1434 13383
1435 15502
1436 21556
1437 26690
1438 26560
1439 19
1440 20403
1441 18934
1442 4095
1443 14280
1444 8952
1445 23161
1446 13924
1447 27504
1448 17886
1449 11928
1450 27647
1451 6800
1452 12801
1453 9480
1454 14899
1455 16304
1456 553
1457 19306
1458 23518
1459 14778
1460 27059
1461 6070
1462 18686
1463 900
1464 18290
1465 27242
1466 1269
1467 2676
1468 14765
1469 17080
1470 15378
1471 23984
1472 25432
1473 25938
1474 11968
1475 186
1476 14733
1477 24771
1478 187
1479 10304
1480 20218
1481 13483
1482 9683
1483 18407
1484 22898
1485 21859
1486 9770
1487 10566
1488 11914
1489 25791
1490 27150
1491 2417
1492 6381
1493 16011
1494 56
1495 15028
1496 19686
1497 16407
1498 18733
1499 4586
1500 23219
1501 21989
1502 10522
1503 16788
1504 4272
1505 3745
1506 6453
1507 4864
1508 27485
1509 20390
1510 26710
1511 27581
1512 13511
1513 15048
1514 14882
1515 10675
1516 13735
1517 4389
1518 7716
1519 14945
1520 3918
1521 22121
1522 26280
1523 4986
1524 21599
1525 820
1526 26098
1527 23885
1528 350
1529 23459
1530 15663
1531 3074
1532 14823
1533 26334
1534 19907
1535 17589
1536 3135
1537 17343
1538 3600
1539 3870
1540 14737
1541 3852
1542 1926
1543 4900
1544 15726
1545 3387
1546 5927
1547 21009
1548 10007
1549 25979
1550 14430
1551 24593
1552 21608
1553 13547
1554 20624
1555 12089
1556 4946
1557 20934
1558 17625
1559 8763
1560 23123
1561 12087
1562 9824
1563 7177
1564 11507
1565 27437
1566 13443
1567 24591
1568 12552
1569 6338
1570 4159
1571 24558
1572 13591
1573 544
1574 14190
1575 22534
1576 18625
1577 22665
1578 5868
1579 1834
1580 10949
1581 19443
1582 5365
1583 26065
1584 7947
1585 20960
1586 23092
1587 19902
1588 23866
1589 10612
1590 2096
1591 22693
1592 6544
1593 26174
1594 7816
1595 26180
1596 3739
1597 6792
1598 25535
1599 23433
1600 24601
1601 8757
1602 13995
1603 5698
1604 1824
1605 10690
1606 11403
1607 6668
1608 25772
1609 23107
1610 18015
1611 6785
1612 10798
1613 23264
1614 6361
1615 2334
1616 4944
1617 1960
1618 9469
1619 26302
1620 18288
1621 18037
1622 928
1623 26262
1624 4728
1625 18475
1626 12850
1627 4964
1628 17467
1629 9502
1630 11630
1631 26487
1632 19058
1633 9876
1634 4890
1635 23135
1636 8838
1637 876
1638 15485
1639 18452
1640 19583
1641 8787
1642 7352
1643 24387
1644 26113
1645 9776
1646 14666
1647 14195
1648 3554
1649 5968
1650 2653
1651 12855
1652 25580
1653 3449
1654 8407
1655 6577
1656 25151
1657 8880
1658 22876
1659 5226
1660 18387
1661 9654
1662 1338
1663 9043
1664 25311
1665 11508
1666 19614
1667 9361
1668 23381
1669 926
1670 15899
1671 8504
1672 17676
1673 4904
1674 1788
1675 12605
1676 1687
1677 3120
1678 22600
1679 21774
1680 9825
1681 12303
1682 9656
1683 10951
1684 5499
1685 16098
1686 2482
1687 15032
1688 26583
1689 2241
1690 794
1691 16525
1692 26620
1693 6350
1694 7796
1695 16018
1696 23666
1697 10734
1698 3111
1699 3663
1700 2425
1701 5895
1702 15020
1703 15236
1704 24417
1705 13040
1706 18922
1707 24342
1708 2657
1709 83
1710 22350
1711 16146
1712 18319
1713 592
1714 26631
1715 14411
1716 9236
1717 5905
1718 17471
1719 9552
1720 4297
1721 3680
1722 8336
1723 15983
1724 11990
1725 1636
1726 25291
1727 9855
1728 22143
1729 10356
1730 8931
1731 19332
1732 24765
1733 16422
1734 24757
1735 27175
1736 25464
1737 18528
1738 11180
1739 20419
1740 2902
1741 8388
1742 25369
1743 21909
1744 3904
1745 22520
1746 4681
1747 22499
1748 2155
1749 27324
1750 20132
1751 13372
1752 16565
1753 5496
1754 22535
1755 5678
1756 26641
1757 19638
1758 27142
1759 17257
1760 5879
1761 14977
1762 17031
1763 23674
1764 7656
1765 6579
1766 11940
1767 17866
1768 27507
1769 16219
1770 11590
1771 107
1772 7042
1773 17564
1774 22983
1775 6829
1776 26521
1777 1828
1778 12075
1779 9839
1780 6700
1781 1360
1782 2878
1783 22343
1784 7867
1785 18072
1786 10208
1787 9969
1788 12095
1789 25476
1790 6435
1791 22949
1792 17227
1793 229
1794 22247
1795 15408
1796 23571
1797 3973
1798 22388
1799 2359
1800 6273
1801 26503
1802 2083
1803 23047
1804 3538
1805 9733
1806 3025
1807 19281
1808 23286
1809 1259
1810 18963
1811 4976
1812 12555
1813 2036
1814 13209
1815 13606
1816 26834
1817 13116
1818 9343
1819 17901
1820 27115
1821 9417
1822 24856
1823 16674
1824 27622
1825 20739
1826 22825
1827 1806
1828 21179
1829 19355
1830 21633
1831 7491
1832 12636
1833 4127
1834 5370
1835 147
1836 14946
1837 14426
1838 22359
1839 17632
1840 9183
1841 21007
1842 2559
1843 6408
1844 6831
1845 5319
1846 26468
1847 11037
1848 24111
1849 21817
1850 25053
1851 27756
1852 23714
1853 8346
1854 646
1855 8122
1856 8683
1857 21399
1858 23046
1859 863
1860 4541
1861 7201
1862 11841
1863 4019
1864 1115
1865 16399
1866 7725
1867 24620
1868 1485
1869 24169
1870 2774
1871 24389
1872 18400
1873 3746
1874 24951
1875 23627
1876 13592
1877 9815
1878 10200
1879 4573
1880 22485
1881 9682
1882 5877
1883 27079
1884 42
1885 17792
1886 24816
1887 17576
1888 24888
1889 4318
1890 8011
1891 22586
1892 2422
1893 12538
1894 22765
1895 13016
1896 8652
1897 24074
1898 14548
1899 19269
1900 24828
1901 10697
1902 12323
1903 20655
1904 1619
1905 7638
1906 15043
1907 281
1908 372
1909 15546
1910 11235
1911 1136
1912 15515
1913 21190
1914 6389
1915 11228
1916 15481
1917 21110
1918 7526
1919 10234
1920 12141
1921 18020
1922 18341
1923 4101
1924 22057
1925 3523
1926 8770
1927 8220
1928 14538
1929 27661
1930 4086
1931 16466
1932 15262
1933 17822
1934 1640
1935 8223
1936 9728
1937 18350
1938 16238
1939 21530
1940 8896
1941 14412
1942 23830
1943 16667
1944 12239
1945 5510
1946 19629
1947 19105
1948 12910
1949 18077
1950 8983
1951 767
1952 11147
1953 7207
1954 11285
1955 13145
1956 18335
1957 14565
1958 17137
1959 6962
1960 20370
1961 16556
1962 1615
1963 10581
1964 24745
1965 25726
1966 1805
1967 769
1968 25691
1969 13195
1970 25310
1971 8428
1972 15319
1973 25626
1974 6584
1975 24709
1976 6019
1977 14163
1978 24700
1979 17654
1980 9593
1981 22625
1982 17104
1983 12805
1984 15701
1985 1698
1986 21703
1987 22367
1988 18039
1989 15629
1990 2543
1991 3749
1992 24743
1993 10460
1994 19598
1995 26247
1996 7437
1997 25692
1998 25752
1999 11610
2000 24170
2001 4098
2002 12074
2003 6270
2004 21810
2005 9105
2006 7586
2007 16591
2008 12531
2009 23413
2010 12869
2011 7463
2012 24163
2013 18285
2014 22830
2015 7574
2016 7274
2017 23840
2018 23960
2019 4060
2020 5404
2021 6310
2022 25042
2023 21262
2024 13217
2025 21852
2026 15735
2027 1383
2028 19274
2029 10923
2030 1230
2031 4833
2032 1213
2033 18833
2034 8359
2035 27271
2036 4237
2037 18147
2038 2808
2039 26387
2040 21482
2041 18476
2042 2236
2043 17541
2044 23476
2045 17060
2046 7339
2047 11213
2048 19244
2049 4725
2050 22706
2051 17194
2052 2488
2053 1840
2054 16099
2055 18097
2056 21843
2057 11396
2058 25556
2059 15925
2060 8391
2061 7192
2062 19702
2063 746
2064 27277
2065 1880
2066 16534
2067 25303
2068 1320
2069 24575
2070 7577
2071 6226
2072 14152
2073 71
2074 23856
2075 8571
2076 20601
2077 9648
2078 10685
2079 11698
2080 24275
2081 13458
2082 11405
2083 22395
2084 121
2085 3550
2086 9122
2087 20115
2088 10768
2089 16543
2090 20429
2091 10537
2092 4444
2093 2101
2094 8093
2095 22044
2096 1305
2097 26284
2098 8436
2099 11851
2100 17181
2101 5281
2102 297
2103 3721
2104 8028
2105 3856
2106 23432
2107 14774
2108 16360
2109 27056
2110 952
2111 1879
2112 16329
2113 15548
2114 14542
2115 15792
2116 17340
2117 784
2118 24767
2119 2640
2120 21312
2121 11119
2122 25950
2123 16196
2124 8929
2125 14348
2126 80
2127 12437
2128 1747
2129 13082
2130 10957
2131 20669
2132 25656
2133 27448
2134 21272
2135 9072
2136 2070
2137 20830
2138 5019
2139 2450
2140 19685
2141 18732
2142 920
2143 16971
2144 15241
2145 20898
2146 3495
2147 13732
2148 12498
2149 9697
2150 549
2151 26607
2152 27238
2153 8605
2154 12199
2155 18192
2156 3795
2157 17759
2158 13861
2159 27702
2160 16691
2161 5299
2162 1967
2163 9152
2164 1348
2165 19925
2166 78
2167 7475
2168 355
2169 15797
2170 13648
2171 16446
2172 26519
2173 5679
2174 13471
2175 11334
2176 13110
2177 8610
2178 23099
2179 14355
2180 19437
2181 14300
2182 16470
2183 11588
2184 18514
2185 19610
2186 19055
2187 22364
2188 13938
2189 521
2190 881
2191 20998
2192 2982
2193 22977
2194 25724
2195 7880
2196 25765
2197 24266
2198 8210
2199 22089
2200 2817
2201 25335
2202 19027
2203 17192
2204 17628
2205 7411
2206 18949
2207 22918
2208 7735
2209 2861
2210 25984
2211 24762
2212 7131
2213 10930
2214 869
2215 12304
2216 16305
2217 12812
2218 9241
2219 4502
2220 16567
2221 22643
2222 27644
2223 4707
2224 13182
2225 2823
2226 23240
2227 22053
2228 16233
2229 1553
2230 12767
2231 2301
2232 3649
2233 10760
2234 5172
2235 13423
2236 6089
2237 20672
2238 6716
2239 21106
2240 10506
2241 13676
2242 17593
2243 15193
2244 14561
2245 15083
2246 27297
2247 9715
2248 3701
2249 19923
2250 3979
2251 2115
2252 19604
2253 21868
2254 12544
2255 11529
2256 13180
2257 2022
2258 15970
2259 23481
2260 22268
2261 8930
2262 2333
2263 3801
2264 3216
2265 18558
2266 11647
2267 17420
2268 18645
2269 24945
2270 813
2271 22856
2272 2972
2273 27338
2274 6979
2275 17933
2276 13059
2277 12040
2278 23289
2279 16452
2280 10673
2281 14646
2282 6935
2283 1976
2284 16575
2285 8808
2286 5539
2287 17172
2288 1723
2289 18726
2290 22435
2291 27517
2292 18036
2293 17062
2294 19516
2295 12729
2296 11864
2297 26189
2298 23397
2299 15354
2300 6563
2301 26608
2302 6878
2303 9378
2304 23265
2305 25923
2306 2182
2307 473
2308 10594
2309 5600
2310 21734
2311 26694
2312 22525
2313 27325
2314 24648
2315 72
2316 15133
2317 11837
2318 10857
2319 284
2320 10599
2321 20495
2322 8105
2323 13125
2324 1556
2325 14663
2326 6758
2327 12355
2328 6597
2329 16069
2330 12809
2331 10668
2332 8383
2333 15859
2334 6071
2335 21210
2336 15087
2337 9650
2338 20055
2339 14376
2340 1957
2341 25471
2342 24482
2343 19905
2344 1011
2345 12612
2346 6646
2347 13034
2348 13239
2349 23565
2350 9219
2351 10755
2352 11826
2353 26112
2354 26294
2355 20706
2356 19857
2357 1445
2358 21307
2359 18177
2360 20939
2361 3657
2362 21420
2363 17397
2364 23337
2365 16597
2366 21181
2367 14611
2368 24211
2369 4045
2370 1471
2371 17556
2372 19122
2373 7409
2374 24938
2375 9738
2376 16151
2377 3844
2378 6315
2379 15670
2380 21743
2381 22809
2382 6292
2383 1389
2384 13832
2385 1423
2386 5610
2387 4015
2388 10885
2389 6348
2390 8900
2391 12152
2392 24840
2393 21382
2394 5020
2395 7857
2396 22557
2397 21187
2398 5590
2399 8857
2400 23457
2401 18571
2402 14858
2403 14576
2404 10650
2405 21738
2406 23274
2407 799
2408 15422
2409 17333
2410 18381
2411 21702
2412 7678
2413 11987
2414 25482
2415 24624
2416 23034
2417 18874
2418 16469
2419 10179
2420 16443
2421 8997
2422 4462
2423 22925
2424 10928
2425 23869
2426 1417
2427 26588
2428 9998
2429 16390
2430 1413
2431 26477
2432 26097
2433 19409
2434 23005
2435 9419
2436 19043
2437 23875
2438 14329
2439 8781
2440 8237
2441 24860
2442 4483
2443 27010
2444 15954
2445 24712
2446 24947
2447 3537
2448 3850
2449 23401
2450 12417
2451 5241
2452 16152
2453 7590
2454 15449
2455 4100
2456 15125
2457 8260
2458 22171
2459 18644
2460 25108
2461 26742
2462 22081
2463 18592
2464 15634
2465 9676
2466 16327
2467 24241
2468 18735
2469 10373
2470 26014
2471 5122
2472 8534
2473 4142
2474 8589
2475 2218
2476 27336
2477 7739
2478 15708
2479 6943
2480 23245
2481 18814
2482 13078
2483 942
2484 3492
2485 17162
2486 17613
2487 6391
2488 6495
2489 26794
2490 15321
2491 25187
2492 10812
2493 12554
2494 10570
2495 22487
2496 20777
2497 10229
2498 2327
2499 17180
2500 9118
2501 18741
2502 22847
2503 24988
2504 20593
2505 9398
2506 10999
2507 26865
2508 8828
2509 26514
2510 11592
2511 7903
2512 18374
2513 10686
2514 6458
2515 1118
2516 25449
2517 23672
2518 23845
2519 21407
2520 25317
2521 7362
2522 25630
2523 5057
2524 4328
2525 5168
2526 8833
2527 17122
2528 9181
2529 27005
2530 9103
2531 1945
2532 25058
2533 2639
2534 2278
2535 23127
2536 26244
2537 21660
2538 17793
2539 11380
2540 10563
2541 17968
2542 12969
2543 23420
2544 14876
2545 15574
2546 4013
2547 22034
2548 1277
2549 10292
2550 22116
2551 12147
2552 4773
2553 11513
2554 4459
2555 19968
2556 22710
2557 27473
2558 3594
2559 13971
2560 8507
2561 2965
2562 25646
2563 2981
2565 5788
2566 5512
2567 9872
2568 13488
2569 9584
2570 12299
2571 7624
2572 27065
2573 23841
2574 13644
2575 3375
2576 21836
2577 6234
2578 19472
2579 224
2580 21418
2581 11545
2582 22806
2583 6258
2584 13267
2585 19486
2586 14435
2587 724
2588 20504
2589 6181
2590 22107
2591 10139
2592 9528
2593 23011
2594 20313
2595 6715
2596 8650
2597 26905
2598 15051
2599 6889
2600 20420
2601 14045
2602 4747
2603 2527
2604 20333
2605 14046
2606 24678
2607 554
2608 7831
2609 20410
2610 4905
2611 22459
2612 5428
2613 11133
2614 5718
2615 8825
2616 21898
2617 25754
2618 8172
2619 27626
2620 9024
2621 16516
2622 14388
2623 18251
2624 2364
2625 22213
2626 15326
2627 1198
2628 7976
2629 3991
2630 23139
2631 25934
2632 9565
2633 23326
2634 13094
2635 7530
2636 694
2637 11989
2638 7415
2639 24915
2640 4733
2641 22261
2642 1665
2643 6208
2644 7158
2645 11386
2646 19381
2647 12832
2648 16932
2649 24004
2650 18764
2651 27563
2652 18682
2653 45
2654 8579
2655 4484
2656 25962
2657 24107
2658 16797
2659 11891
2660 25397
2661 24161
2662 2199
2663 10316
2664 11605
2665 9222
2666 3585
2667 18544
2668 4861
2669 8283
2670 1087
2671 9962
2672 3779
2673 17449
2674 17413
2675 22597
2676 9842
2677 15487
2678 9820
2679 17667
2680 17838
2681 1534
2682 564
2683 3441
2684 18157
2685 4609
2686 22591
2687 8229
2688 21678
2689 26858
2690 24585
2691 27244
2692 18081
2693 2716
2694 25486
2695 7972
2696 24975
2697 8104
2698 27146
2699 8162
2700 19627
2701 8497
2702 13452
2703 21692
2704 9050
2705 26535
2706 337
2707 8332
2708 18239
2709 6176
2710 17231
2711 27737
2712 18875
2713 9984
2714 6182
2715 2856
2716 1444
2717 17624
2718 27051
2719 3535
2720 15806
2721 10532
2722 15494
2723 4080
2724 22689
2725 23963
2726 14709
2727 2616
2728 25182
2729 21838
2730 15098
2731 15019
2732 23379
2733 11827
2734 27470
2735 24876
2736 8764
2737 8339
2738 14785
2739 7064
2740 24687
2741 15649
2742 18209
2743 16730
2744 19323
2745 16741
2746 23292
2747 7754
2748 2358
2749 13870
2750 16264
2751 11958
2752 20292
2753 8542
2754 26954
2755 22222
2756 16924
2757 12995
2758 3983
2759 8553
2760 19700
2761 23538
2762 16195
2763 23881
2764 22837
2765 896
2766 26827
2767 18231
2768 16531
2769 18431
2770 19166
2771 2651
2772 12187
2773 9016
2774 12288
2775 25937
2776 18683
2777 5012
2778 25241
2779 18705
2780 2530
2781 1301
2782 6147
2783 25197
2784 3255
2785 20785
2786 13284
2787 18869
2788 7468
2789 21220
2790 15940
2791 8184
2792 21528
2793 2809
2794 24493
2795 13045
2796 92
2797 11183
2798 23090
2799 722
2800 27311
2801 8478
2802 1141
2803 21429
2804 23864
2805 27118
2806 16437
2807 14907
2808 27693
2809 14622
2810 8821
2811 17000
2812 8241
2813 9655
2814 6203
2815 19203
2816 5064
2817 3966
2818 17272
2819 19535
2820 26949
2821 7073
2822 25460
2823 19350
2824 25987
2825 25097
2826 17486
2827 20509
2828 5031
2829 8484
2830 4378
2831 20870
2832 5639
2833 15931
2834 482
2835 22568
2836 12023
2837 9371
2838 3030
2839 6993
2840 26368
2841 2229
2842 14533
2843 11230
2844 21403
2845 3648
2846 3464
2847 18107
2848 17990
2849 14437
2850 2898
2851 25070
2852 24614
2853 2570
2854 26839
2855 22311
2856 21332
2857 2665
2858 18093
2859 19218
2860 2753
2861 2540
2862 14743
2863 17748
2864 11095
2865 9938
2866 13093
2867 19851
2868 2755
2869 20979
2870 22376
2871 5991
2872 2120
2873 19976
2874 20103
2875 3334
2876 188
2877 5549
2878 25191
2879 8577
2880 10847
2881 15495
2882 12980
2883 7115
2884 1049
2885 16097
2886 12148
2887 65
2888 13305
2889 11975
2890 3436
2891 24294
2892 22013
2893 23268
2894 13061
2895 4878
2896 21102
2897 12658
2898 6269
2899 8441
2900 4276
2901 4438
2902 9242
2903 19012
2904 20623
2905 20518
2906 3193
2907 4055
2908 13362
2909 12107
2910 19263
2911 1369
2912 1378
2913 12833
2914 17001
2915 17736
2916 26481
2917 10593
2918 10538
2919 15524
2920 23536
2921 19141
2922 5700
2923 22803
2924 4822
2925 9846
2926 20003
2927 19541
2928 17534
2929 26431
2930 13960
2931 15971
2932 24672
2933 26922
2934 4473
2935 25539
2936 8677
2937 15417
2938 311
2939 16870
2940 18388
2941 22010
2942 13233
2943 3311
2944 8888
2945 7629
2946 18611
2947 8023
2948 2451
2949 20815
2950 13730
2951 2231
2952 13755
2953 12948
2954 1025
2955 21659
2956 21547
2957 27687
2958 11034
2959 953
2960 9200
2961 18792
2962 21535
2963 20907
2964 23002
2965 23442
2966 5601
2967 1898
2968 12992
2969 8614
2970 5836
2971 13774
2972 3382
2973 25022
2974 20999
2975 11131
2976 16787
2977 14205
2978 2612
2979 958
2980 17688
2981 23395
2982 13072
2983 2478
2984 10767
2985 6221
2986 20042
2987 27093
2988 7610
2989 20800
2990 1077
2991 20414
2992 25329
2993 26179
2994 15782
2995 6651
2996 4376
2997 11796
2998 973
2999 19341
3000 5509
3001 21036
3002 10239
3003 25624
3004 23971
3005 20544
3006 8299
3007 113
3008 9972
3009 26728
3010 13167
3011 8363
3012 19019
3013 9971
3014 13873
3015 4435
3016 25206
3017 5781
3018 66
3019 10422
3020 22961
3021 11583
3022 1646
3023 22842
3024 13923
3025 21604
3026 2002
3027 11181
3028 23451
3029 9262
3030 4439
3031 11714
3032 13032
3033 21931
3034 13454
3035 4401
3036 9341
3037 14558
3038 25325
3039 20316
3040 11555
3041 21466
3042 5747
3043 2615
3044 288
3045 5706
3046 12004
3047 25878
3048 17550
3049 19724
3050 13685
3051 7962
3052 15261
3053 11585
3054 1544
3055 26339
3056 26594
3057 26148
3058 10830
3059 1438
3060 7778
3061 22552
3062 27055
3063 1372
3064 619
3065 5738
3066 6814
3067 8109
3068 27433
3069 18458
3070 11203
3071 25399
3072 4770
3073 20471
3074 6432
3075 3241
3076 3753
3077 13292
3078 8209
3079 24774
3080 1974
3081 1833
3082 12263
3083 11733
3084 16505
3085 20929
3086 23000
3087 18327
3088 16980
3089 8108
3090 24481
3091 15231
3092 11650
3093 27333
3094 8926
3095 19577
3096 4417
3097 19106
3098 7625
3099 12635
3100 20464
3101 24167
3102 5580
3103 89
3104 5947
3105 23649
3106 20994
3107 910
3108 8624
3109 13788
3110 13461
3111 8984
3112 9090
3113 13397
3114 2829
3115 9006
3116 23638
3117 9395
3118 1096
3119 2644
3120 24858
3121 19092
3122 22900
3123 19725
3124 27748
3125 6821
3126 19520
3127 24686
3128 20579
3129 5270
3130 21827
3131 12746
3132 22895
3133 25212
3134 14927
3135 19337
3136 8069
3137 25328
3138 5185
3139 12751
3140 27605
3141 13470
3142 17076
3143 17953
3144 9703
3145 11762
3146 27565
3147 17535
3148 13355
3149 17902
3150 25316
3151 1386
3152 5230
3153 3664
3154 25284
3155 13717
3156 18762
3157 14062
3158 18018
3159 21764
3160 14575
3161 2050
3162 16187
3163 22033
3164 15876
3165 27414
3166 16498
3167 16740
3168 21896
3169 10340
3170 22410
3171 10004
3172 12403
3173 12642
3174 8027
3175 15756
3176 415
3177 22921
3178 24476
3179 11368
3180 1546
3181 7298
3182 3117
3183 2069
3184 15199
3185 11759
3186 16006
3187 358
3188 22559
3189 4360
3190 19080
3191 9001
3192 26289
3193 2585
3194 5765
3195 12888
3196 26041
3197 6834
3198 22016
3199 4710
3200 17063
3201 22489
3202 1811
3203 20595
3204 27578
3205 7773
3206 2060
3207 7904
3208 12274
3209 23693
3210 8519
3211 4131
3212 26310
3213 16211
3214 23783
3215 19335
3216 17917
3217 23115
3218 16602
3219 16440
3220 19206
3221 6235
3222 18202
3223 21028
3224 16308
3225 24132
3226 9865
3227 16061
3228 8759
3229 2631
3230 15828
3231 691
3232 21116
3233 17028
3234 17958
3235 715
3236 12726
3237 25255
3238 15446
3239 15764
3240 9507
3241 19394
3242 23670
3243 3107
3244 17190
3245 16636
3246 21623
3247 22132
3248 21994
3249 19721
3250 3042
3251 9010
3252 1090
3253 4760
3254 8816
3255 23323
3256 4655
3257 24145
3258 26869
3259 10745
3260 8017
3261 19956
3262 11309
3263 14494
3264 24267
3265 17428
3266 25632
3267 15522
3268 25139
3269 1670
3270 16027
3271 6790
3272 9188
3273 6733
3274 937
3275 1869
3276 2737
3277 22461
3278 17755
3279 9532
3280 24359
3281 8340
3282 13672
3283 14157
3284 23531
3285 26571
3286 9862
3287 15042
3288 9129
3289 16590
3290 15320
3291 14826
3292 11945
3293 5840
3294 8737
3295 26753
3296 1009
3297 26580
3298 12215
3299 3029
3300 21012
3301 18232
3302 12389
3303 17912
3304 26947
3305 20751
3306 7485
3307 23939
3308 7840
3309 5291
3310 20631
3311 6102
3312 8649
3313 5775
3314 12341
3315 9116
3316 17823
3317 2535
3318 3275
3319 6299
3320 10449
3321 2033
3322 23091
3323 15248
3324 2751
3325 16350
3326 5093
3327 25321
3328 4648
3329 3343
3330 22723
3331 7684
3332 22873
3333 17545
3334 7276
3335 8592
3336 24862
3337 19088
3338 4632
3339 25479
3340 6623
3341 16795
3342 27527
3343 9882
3344 19386
3345 18415
3346 22184
3347 11776
3348 20917
3349 17463
3350 13905
3351 21811
3352 21613
3353 11744
3354 2717
3355 3674
3356 8231
3357 26409
3358 3345
3359 9413
3360 3015
3361 26919
3362 9940
3363 14000
3364 20657
3365 33
3366 15611
3367 7288
3368 3829
3369 12374
3370 934
3371 25576
3372 23897
3373 1677
3374 13849
3375 4544
3376 5341
3377 24451
3378 25737
3379 16401
3380 8225
3381 8203
3382 10451
3383 25555
3384 21979
3385 27230
3386 17434
3387 7135
3388 2802
3389 859
3390 6679
3391 23419
3392 27392
3393 1908
3394 10639
3395 2834
3396 17332
3397 27268
3398 8315
3399 24305
3400 21255
3401 27113
3402 3477
3403 23341
3404 4966
3405 1648
3406 27457
3407 23131
3408 15807
3409 13288
3410 26211
3411 18889
3412 6283
3413 18305
3414 12940
3415 23006
3416 24240
3417 25375
3418 10849
3419 12791
3420 4860
3421 3885
3422 7106
3423 17763
3424 16496
3425 11379
3426 26525
3427 3192
3428 7498
3429 2428
3430 16499
3431 1801
3432 12203
3433 19631
3434 26350
3435 10232
3436 26864
3437 16948
3438 7878
3439 16462
3440 19111
3441 7521
3442 1273
3443 6401
3444 11915
3445 4737
3446 17908
3447 3078
3448 25259
3449 9494
3450 5384
3451 4777
3452 18866
3453 21583
3454 24344
3455 25347
3456 26395
3457 4539
3458 7615
3459 19548
3460 2518
3461 12324
3462 21306
3463 26724
3464 5218
3465 1029
3466 25122
3467 25419
3468 6846
3469 17376
3470 22627
3471 16059
3472 2508
3473 7849
3474 18507
3475 15026
3476 25430
3477 23935
3478 15842
3479 13785
3480 15357
3481 22766
3482 22705
3483 26077
3484 22956
3485 5860
3486 7010
3487 18348
3488 23663
3489 6205
3490 10496
3491 10264
3492 19711
3493 8832
3494 2145
3495 9479
3496 24792
3497 23262
3498 4547
3499 7841
3500 8472
3501 18925
3502 2859
3503 18026
3504 23764
3505 4939
3506 7036
3507 20018
3508 15589
3509 9579
3510 7136
3511 1516
3512 14290
3513 5153
3514 6707
3515 19017
3516 3409
3517 6327
3518 10626
3519 22688
3520 7727
3521 19048
3522 25614
3523 9729
3524 6198
3525 26719
3526 2159
3527 24050
3528 2962
3529 9067
3530 23568
3531 22334
3532 10409
3533 4336
3534 5697
3535 12536
3536 6429
3537 7826
3538 21485
3539 6248
3540 21072
3541 7466
3542 10843
3543 7860
3544 19488
3545 8477
3546 4963
3547 13876
3548 2921
3549 27159
3550 17480
3551 13250
3552 26320
3553 20061
3554 22200
3555 10238
3556 11858
3557 2458
3558 9077
3559 7166
3560 11023
3561 11462
3562 21404
3563 4135
3564 19370
3565 12084
3566 4645
3567 21156
3568 15281
3569 4050
3570 5784
3571 12441
3572 10687
3573 26224
3574 27314
3575 5219
3576 18095
3577 24325
3578 6666
3579 461
3580 4228
3581 24136
3582 19775
3583 13677
3584 7959
3585 22538
3586 12176
3587 8243
3588 17089
3589 25146
3590 7581
3591 25389
3592 19339
3593 10499
3594 10764
3595 9119
3596 26108
3597 6940
3598 1220
3599 22383
3600 14799
3601 15438
3602 12796
3603 22615
3604 21094
3605 15216
3606 19496
3607 8948
3608 425
3609 14398
3610 25085
3611 25457
3612 4960
3613 8568
3614 27257
3615 4818
3616 7569
3617 17407
3618 16785
3619 12455
3620 7210
3621 21032
3622 6155
3623 11874
3624 23962
3625 2905
3626 11845
3627 8731
3628 25718
3629 10699
3630 5889
3631 15825
3632 21567
3633 15412
3634 13933
3635 3455
3636 18641
3637 3285
3638 20178
3639 12589
3640 26538
3641 19728
3642 17351
3643 1915
3644 11478
3645 2992
3646 24177
3647 7500
3648 18621
3649 19285
3650 5297
3651 8521
3652 2325
3653 12916
3654 6502
3655 26729
3656 15313
3657 16019
3658 5845
3659 22248
3660 6393
3661 27261
3662 22051
3663 550
3664 10654
3665 15617
3666 16583
3667 22848
3668 20688
3669 8886
3670 17362
3671 6590
3672 16940
3673 18377
3674 138
3675 5707
3676 4741
3677 4561
3678 3250
3679 26337
3680 14853
3681 17182
3682 24019
3683 21870
3684 3273
3685 6740
3686 18791
3687 15623
3688 3223
3689 4243
3690 23907
3691 5631
3692 21194
3693 16607
3694 4488
3695 450
3696 7215
3697 8302
3698 21956
3699 23791
3700 5597
3701 3393
3702 537
3703 6150
3704 5458
3705 11809
3706 14748
3707 22919
3708 4592
3709 480
3710 20614
3711 7943
3712 10190
3713 27264
3714 22253
3715 12788
3716 26825
3717 4562
3718 17494
3719 10060
3720 3134
3721 6497
3722 7176
3723 14067
3724 13234
3725 15757
3726 1410
3727 3830
3728 10838
3729 13639
3730 16463
3731 8960
3732 18974
3733 8885
3734 5322
3735 9677
3736 20763
3737 15409
3738 27741
3739 13633
3740 26606
3741 3757
3742 16181
3743 26638
3744 15418
3745 6808
3746 10952
3747 15613
3748 11977
3749 21656
3750 10716
3751 21869
3752 10344
3753 5287
3754 8052
3755 21720
3756 3668
3757 16816
3758 5339
3759 17468
3760 18322
3761 761
3762 20455
3763 20592
3764 3450
3765 15450
3766 4893
3767 4244
3768 27674
3769 12119
3770 13380
3771 11357
3772 6061
3773 3971
3774 15810
3775 24313
3776 2690
3777 10779
3778 14919
3779 1359
3780 24182
3781 23632
3782 19389
3783 25292
3784 8287
3785 24222
3786 24880
3787 25436
3788 1705
3789 1237
3790 22430
3791 25734
3792 2481
3793 1693
3794 11664
3795 19223
3796 17065
3797 3102
3798 1201
3799 11970
3800 24769
3801 10516
3802 27006
3803 1231
3804 7331
3805 24039
3806 9450
3807 25740
3808 1520
3809 18133
3810 26291
3811 2758
3812 14707
3813 7757
3814 3840
3815 14921
3816 23834
3817 22170
3818 27088
3819 10547
3820 24997
3821 6466
3822 16241
3823 13977
3824 4503
3825 13316
3826 22399
3827 2647
3828 16016
3829 13552
3830 18316
3831 8851
3832 22397
3833 5864
3834 6718
3835 17120
3836 17940
3837 14660
3838 23697
3839 3414
3840 19387
3841 7356
3842 18409
3843 22354
3844 4792
3845 20745
3846 10732
3847 5280
3848 169
3849 8971
3850 17223
3851 1629
3852 16022
3853 25281
3854 16530
3855 23601
3856 3563
3857 7993
3858 2765
3859 24315
3860 16770
3861 22618
3862 12876
3863 10371
3864 25640
3865 7969
3866 13512
3867 4987
3868 1567
3869 22371
3870 16330
3871 3178
3872 14410
3873 14545
3874 7591
3875 19795
3876 26200
3877 26366
3878 15662
3879 23024
3880 23842
3881 853
3882 1562
3883 15840
3884 12404
3885 20565
3886 2103
3887 16830
3888 22252
3889 10414
3890 19477
3891 24149
3892 18084
3893 3572
3894 2995
3895 19540
3896 4754
3897 11351
3898 23145
3899 14585
3900 7731
3901 24425
3902 4380
3903 655
3904 23562
3905 25855
3906 9452
3907 19056
3908 3023
3909 20903
3910 24798
3911 2932
3912 25532
3913 25736
3914 4578
3915 24465
3916 2026
3917 18041
3918 991
3919 14025
3920 1623
3921 14311
3922 26358
3923 1236
3924 24
3925 7695
3926 8176
3927 12046
3928 3237
3929 16223
3930 14083
3931 26850
3932 2412
3933 20287
3934 23023
3935 13168
3936 3598
3937 3577
3938 4375
3939 23039
3940 15685
3941 25671
3942 20990
3943 4505
3944 8181
3945 13272
3946 15762
3947 22293
3948 26418
3949 26323
3950 6351
3951 6392
3952 8969
3953 10186
3954 21082
3955 24403
3956 16488
3957 17631
3958 10484
3959 21944
3960 7589
3961 8384
3962 8036
3963 11560
3964 16418
3965 10950
3966 5749
3967 6461
3968 18821
3969 13463
3970 1100
3971 8500
3972 17957
3973 5901
3974 26539
3975 17131
3976 5910
3977 2005
3978 27227
3979 10108
3980 16963
3981 2629
3982 14365
3983 2099
3984 19566
3985 19024
3986 26574
3987 27680
3988 20417
3989 20892
3990 24084
3991 11269
3992 24831
3993 10431
3994 6881
3995 27634
3996 7768
3997 18440
3998 19288
3999 11518
4000 11067
4001 15903
4002 26141
4003 2016
4004 19367
4005 21592
4006 11670
4007 27474
4008 9403
4009 6944
4010 9588
4011 1641
4012 7246
4013 20185
4014 21417
4015 26791
4016 11861
4017 7008
4018 20389
4019 10171
4020 6180
4021 8789
4022 19927
4023 22326
4024 4506
4025 27416
4026 7351
4027 1521
4028 7870
4029 9421
4030 18139
4031 22851
4032 1440
4033 573
4034 8713
4035 6598
4036 3149
4037 17591
4038 19280
4039 12412
4040 3262
4041 25561
4042 7496
4043 6527
4044 22746
4045 24529
4046 24109
4047 20383
4048 24559
4049 12922
4050 4643
4051 21833
4052 26611
4053 13083
4054 4204
4055 25827
4056 3817
4057 8533
4058 10864
4059 21815
4060 25926
4061 16779
4062 5245
4063 464
4064 21166
4065 8425
4066 9974
4067 11769
4068 4855
4069 11947
4070 3727
4071 14902
4072 13555
4073 4021
4074 18223
4075 4199
4076 11766
4077 3530
4078 12692
4079 4068
4080 1753
4081 5007
4082 1339
4083 15242
4084 3041
4085 18606
4086 2824
4087 7019
4088 4941
4089 4000
4090 1630
4091 6395
4092 5373
4093 21921
4094 10144
4095 10069
4096 8658
4097 4234
4098 6748
4099 8048
4100 12490
4101 11266
4102 18001
4103 16703
4104 19818
4105 9537
4106 4921
4107 8725
4108 16713
4109 6490
4110 1512
4111 18552
4112 17951
4113 1522
4114 15384
4115 26314
4116 19395
4117 11437
4118 24434
4119 4771
4120 16266
4121 25560
4122 18471
4123 20628
4124 17751
4125 8169
4126 19683
4127 21621
4128 16623
4129 18629
4130 17819
4131 24114
4132 19295
4133 6506
4134 14316
4135 9410
4136 11816
4137 6823
4138 4285
4139 1490
4140 27099
4141 11747
4142 26451
4143 7104
4144 8706
4145 13763
4146 2154
4147 8437
4148 24710
4149 13830
4150 19557
4151 9747
4152 16598
4153 12807
4154 18537
4155 3529
4156 25100
4157 3252
4158 19522
4159 2034
4160 24555
4161 11801
4162 9297
4163 26819
4164 14219
4165 19906
4166 37
4167 11642
4168 6739
4169 6281
4170 2010
4171 220
4172 12475
4173 8882
4174 15909
4175 8798
4176 13256
4177 14950
4178 21636
4179 3735
4180 3574
4181 11777
4182 25970
4183 25470
4184 1905
4185 13819
4186 11582
4187 21792
4188 10511
4189 17453
4190 27503
4191 13671
4192 13477
4193 4614
4194 246
4195 20597
4196 5808
4197 23138
4198 18909
4199 3876
4200 25952
4201 16007
4202 11311
4203 4845
4204 12442
4205 16382
4206 7342
4207 27125
4208 5541
4209 26405
4210 25807
4211 19640
4212 3575
4213 18668
4214 7094
4215 19010
4216 12063
4217 8374
4218 19785
4219 19662
4220 25118
4221 23507
4222 15380
4223 23458
4224 768
4225 13460
4226 15949
4227 21558
4228 12090
4229 26843
4230 1347
4231 5184
4232 27539
4233 19107
4234 26779
4235 9942
4236 7358
4237 21412
4238 9033
4239 5766
4240 5385
4241 8488
4242 19153
4243 17978
4244 19468
4245 18492
4246 4174
4247 10597
4248 19342
4249 21310
4250 17432
4251 17115
4252 13533
4253 16629
4254 5306
4255 13084
4256 907
4257 2305
4258 20458
4259 2484
4260 22094
4261 18312
4262 19758
4263 2056
4264 7170
4265 17316
4266 18396
4267 17712
4268 26868
4269 21992
4270 21980
4271 3498
4272 6141
4273 23499
4274 24148
4275 22987
4276 22582
4277 8767
4278 11215
4279 26637
4280 8850
4281 14442
4282 6844
4283 7196
4284 18241
4285 24661
4286 27666
4287 14615
4288 19524
4289 27032
4290 11594
4291 10942
4292 10671
4293 1738
4294 2185
4295 9563
4296 8042
4297 34
4298 12363
4299 16679
4300 13440
4301 18004
4302 7580
4303 17049
4304 17279
4305 23306
4306 16544
4307 7461
4308 26725
4309 23173
4310 21624
4311 23164
4312 7645
4313 18304
4314 23755
4315 16258
4316 9015
4317 8626
4318 6910
4319 10291
4320 6541
4321 6959
4322 12656
4323 14509
4324 11199
4325 4746
4326 10811
4327 13630
4328 13767
4329 23010
4330 10114
4331 180
4332 10188
4333 8301
4334 4534
4335 25025
4336 13476
4337 8570
4338 11883
4339 7680
4340 12787
4341 19221
4342 14470
4343 1862
4344 367
4345 8572
4346 6295
4347 4556
4348 9484
4349 24055
4350 25230
4351 5492
4352 17252
4353 14390
4354 5329
4355 3627
4356 25860
4357 24736
4358 11318
4359 6168
4360 12434
4361 19878
4362 8799
4363 8950
4364 5984
4365 14894
4366 16536
4367 8173
4368 22176
4369 17260
4370 24912
4371 23317
4372 4691
4373 22550
4374 10753
4375 4883
4376 22409
4377 27709
4378 15556
4379 1837
4380 10730
4381 20225
4382 24682
4383 4731
4384 5191
4385 4647
4386 711
4387 7457
4388 26524
4389 6520
4390 2521
4391 4118
4392 21016
4393 13184
4394 22173
4395 19422
4396 27713
4397 21361
4398 6610
4399 20743
4400 12456
4401 22056
4402 16554
4403 25584
4404 18088
4405 20012
4406 20299
4407 11799
4408 26565
4409 1971
4410 20506
4411 4279
4412 6347
4413 26360
4414 7958
4415 6972
4416 3004
4417 25608
4418 11154
4419 13216
4420 6243
4421 20469
4422 15901
4423 11359
4424 13013
4425 6424
4426 19845
4427 10127
4428 15902
4429 15889
4430 8783
4431 16412
4432 11957
4433 18521
4434 10971
4435 18870
4436 9132
4437 20170
4438 15973
4439 23763
4440 538
4441 14962
4442 5619
4443 18074
4444 5826
4445 16769
4446 7966
4447 9765
4448 19214
4449 10429
4450 27379
4451 3776
4452 13158
4453 26837
4454 11084
4455 18787
4456 21804
4457 27380
4458 6504
4459 18647
4460 17669
4461 23121
4462 16045
4463 27729
4464 16090
4465 27322
4466 3331
4467 4379
4468 15706
4469 7022
4470 4044
4471 18724
4472 18480
4473 6074
4474 8873
4475 13118
4476 24392
4477 6513
4478 25701
4479 11371
4480 16123
4481 344
4482 4169
4483 13387
4484 14721
4485 2505
4486 25945
4487 26656
4488 19646
4489 6576
4490 18308
4491 10310
4492 20219
4493 16700
4494 965
4495 18126
4496 8419
4497 11005
4498 18573
4499 966
4500 13089
4501 4717
4502 21769
4503 8556
4504 26987
4505 18504
4506 23516
4507 6397
4508 3346
4509 17459
4510 9418
4511 10110
4512 21712
4513 25595
4514 25392
4515 7144
4516 17558
4517 27327
4518 19505
4519 26375
4520 5588
4521 642
4522 16408
4523 10523
4524 19500
4525 20977
4526 12461
4527 12242
4528 7156
4529 2517
4530 16841
4531 7756
4532 23704
4533 19527
4534 27071
4535 1055
4536 320
4537 24778
4538 10645
4539 7268
4540 19823
4541 6163
4542 18466
4543 8863
4544 27502
4545 3700
4546 3854
4547 22982
4548 5913
4549 26924
4550 19584
4551 4352
4552 608
4553 9591
4554 18586
4555 1287
4556 27412
4557 23321
4558 16173
4559 11603
4560 17783
4561 12214
4562 13773
4563 24881
4564 2131
4565 7715
4566 14047
4567 17246
4568 9787
4569 9310
4570 328
4571 4298
4572 5416
4573 7885
4574 14202
4575 5729
4576 5045
4577 13374
4578 19300
4579 22796
4580 10420
4581 20188
4582 20176
4583 22035
4584 27255
4585 11468
4586 26906
4587 2897
4588 2979
4589 12662
4590 8743
4591 22675
4592 16353
4593 3410
4594 23221
4595 7126
4596 22752
4597 9358
4598 6212
4599 14366
4600 16094
4601 23505
4602 4151
4603 19161
4604 2804
4605 23981
4606 23215
4607 23817
4608 9663
4609 25553
4610 18700
4611 25974
4612 13583
4613 17704
4614 17734
4615 9408
4616 2939
4617 9212
4618 17345
4619 25731
4620 20616
4621 12222
4622 5883
4623 701
4624 18121
4625 18289
4626 9360
4627 5085
4628 20361
4629 17013
4630 23637
4631 17350
4632 1310
4633 8215
4634 12322
4635 21198
4636 21291
4637 1712
4638 12136
4639 10945
4640 3088
4641 10555
4642 24204
4643 12202
4644 20008
4645 7719
4646 2943
4647 27400
4648 7982
4649 11079
4650 4581
4651 22478
4652 16596
4653 23029
4654 1298
4655 7824
4656 21831
4657 10978
4658 6170
4659 4239
4660 10914
4661 13616
4662 15743
4663 20554
4664 21669
4665 12045
4666 22012
4667 13887
4668 18984
4669 5378
4670 5223
4671 14319
4672 9926
4673 1892
4674 18134
4675 13399
4676 13629
4677 20122
4678 16477
4679 26552
4680 7931
4681 26193
4682 10083
4683 3532
4684 15935
4685 18649
4686 4096
4687 18948
4688 24135
4689 24843
4690 3474
4691 20689
4692 555
4693 27752
4694 60
4695 2709
4696 1563
4697 16041
4698 10482
4699 26508
4700 22755
4701 22974
4702 5722
4703 23895
4704 19073
4705 12381
4706 890
4707 21453
4708 26260
4709 27128
4710 16733
4711 15703
4712 25511
4713 5761
4714 8193
4715 760
4716 6200
4717 16650
4718 11836
4719 1878
4720 16661
4721 15544
4722 7392
4723 14555
4724 3927
4725 20360
4726 8749
4727 18185
4728 22448
4729 17210
4730 4270
4731 11450
4732 2553
4733 17074
4734 3967
4735 25180
4736 13417
4737 18881
4738 1429
4739 19971
4740 25226
4741 10858
4742 529
4743 12430
4744 10632
4745 13674
4746 14492
4747 14277
4748 13984
4749 22149
4750 14465
4751 6145
4752 6426
4753 16139
4754 20490
4755 12985
4756 8716
4757 5407
4758 12731
4759 22061
4760 12227
4761 13146
4762 14144
4763 7547
4764 22874
4765 18425
4766 13816
4767 7932
4768 8130
4769 10553
4770 27696
4771 10694
4772 522
4773 14237
4774 16625
4775 6946
4776 8697
4777 1293
4778 14236
4779 3547
4780 13076
4781 716
4782 19151
4783 26939
4784 27058
4785 9905
4786 12251
4787 19879
4788 13331
4789 3020
4790 19490
4791 16307
4792 11303
4793 1653
4794 6485
4795 9775
4796 21364
4797 14838
4798 13029
4799 620
4800 9920
4801 5238
4802 12116
4803 15864
4804 18675
4805 21614
4806 19185
4807 5537
4808 20344
4809 25617
4810 15705
4811 2243
4812 6949
4813 13525
4814 3781
4815 22064
4816 2985
4817 25312
4818 23524
4819 5260
4820 8569
4821 659
4822 20718
4823 2944
4824 10510
4825 26123
4826 13958
4827 16906
4828 12333
4829 13175
4830 26777
4831 24521
4832 22180
4833 26336
4834 330
4835 22722
4836 1224
4837 4059
4838 838
4839 3813
4840 13196
4841 5863
4842 9126
4843 23194
4844 13762
4845 6237
4846 5035
4847 17944
4848 23560
4849 3212
4850 824
4851 4701
4852 21722
4853 26780
4854 7388
4855 16528
4856 15166
4857 8845
4858 6329
4859 20266
4860 23676
4861 2600
4862 14994
4863 11752
4864 24388
4865 1238
4866 6704
4867 26913
4868 3899
4869 21241
4870 9226
4871 12261
4872 19485
4873 20033
4874 14253
4875 6115
4876 11038
4877 19555
4878 22058
4879 26265
4880 13550
4881 16539
4882 2413
4883 7758
4884 11896
4885 18976
4886 7133
4887 24911
4888 5542
4889 22470
4890 8784
4891 23255
4892 17829
4893 15365
4894 26243
4895 27515
4896 4533
4897 8146
4898 3182
4899 5623
4900 12874
4901 19852
4902 645
4903 20435
4904 24309
4905 6336
4906 6661
4907 27210
4908 23022
4909 25660
4910 15758
4911 12706
4912 4682
4913 19054
4914 2892
4915 22164
4916 21149
4917 20164
4918 5311
4919 22850
4920 3105
4921 3686
4922 22860
4923 8794
4924 20158
4925 26204
4926 20058
4927 8775
4928 12349
4929 21730
4930 24098
4931 20803
4932 19977
4933 5086
4934 22632
4935 8893
4936 1633
4937 13474
4938 23922
4939 629
4940 1127
4941 19998
4942 20039
4943 27275
4944 17078
4945 18990
4946 18113
4947 19654
4948 26055
4949 10622
4950 3118
4951 4371
4952 8001
4953 5914
4954 16862
4955 19412
4956 10628
4957 22990
4958 9468
4959 24645
4960 12253
4961 3416
4962 21269
4963 4576
4964 12741
4965 19254
4966 15578
4967 11214
4968 4840
4969 10992
4970 2114
4971 15302
4972 9291
4973 6447
4974 14635
4975 2173
4976 11950
4977 14519
4978 3824
4979 2220
4980 5839
4981 1604
4982 26093
4983 4427
4984 17992
4985 9208
4986 18405
4987 16337
4988 10034
4989 17544
4990 6794
4991 13925
4992 4997
4993 13519
4994 15718
4995 23075
4996 22209
4997 6011
4998 3931
4999 21052
5000 14981
5001 12397
5002 5392
5003 22892
5004 17320
5005 23314
5006 4977
5007 15366
5008 22663
5009 17495
5010 1857
5011 4660
5012 19205
5013 24253
5014 7422
5015 19730
5016 2649
5017 11236
5018 22232
5019 14877
5020 7603
5021 9531
5022 6558
5023 417
5024 17381
5025 20201
5026 3415
5027 15707
5028 24519
5029 15665
5030 23352
5031 23444
5032 7769
5033 13354
5034 17088
5035 19432
5036 1105
5037 5331
5038 5336
5039 25336
5040 6058
5041 11980
5042 228
5043 19076
5044 4292
5045 366
5046 15572
5047 1901
5048 25793
5049 765
5050 20104
5051 3104
5052 2038
5053 3812
5054 14651
5055 16645
5056 2922
5057 9786
5058 20213
5059 12599
5060 2105
5061 11971
5062 3913
5063 27063
5064 5906
5065 25327
5066 9180
5067 14816
5068 18490
5069 21691
5070 18548
5071 16639
5072 10307
5073 26658
5074 995
5075 19946
5076 1484
5077 8689
5078 1473
5079 17368
5080 24597
5081 8320
5082 19272
5083 22935
5084 25944
5085 6120
5086 933
5087 10788
5088 2491
5089 9042
5090 3754
5091 2869
5092 13835
5093 6067
5094 7895
5095 23928
5096 13567
5097 14031
5098 20945
5099 15356
5100 5250
5101 9935
5102 3872
5103 14320
5104 20204
5105 27551
5106 1896
5107 25487
5108 21789
5109 2935
5110 911
5111 20396
5112 11013
5113 27114
5114 27604
5115 411
5116 20976
5117 27488
5118 22762
5119 24035
5120 26579
5121 5899
5122 4920
5123 826
5124 20425
5125 8171
5126 14127
5127 11946
5128 3044
5129 24846
5130 24282
5131 16828
5132 7211
5133 8709
5134 10602
5135 13418
5136 25723
5137 1511
5138 6836
5139 9985
5140 16197
5141 18678
5142 12320
5143 27234
5144 8976
5145 13043
5146 10956
5147 20634
5148 20020
5149 2280
5150 13329
5151 4216
5152 12033
5153 17653
5154 6782
5155 3493
5156 7451
5157 18511
5158 6418
5159 5236
5160 17638
5161 1539
5162 16517
5163 4767
5164 25385
5165 22347
5166 2157
5167 18214
5168 14368
5169 11716
5170 12112
5171 26164
5172 14105
5173 14583
5174 19804
5175 4574
5176 12505
5177 3582
5178 8480
5179 27352
5180 27073
5181 165
5182 9821
5183 22574
5184 6414
5185 18275
5186 19507
5187 22501
5188 162
5189 14439
5190 441
5191 20983
5192 8249
5193 1275
5194 8394
5195 2608
5196 10030
5197 25956
5198 24759
5199 11220
5200 27597
5201 6085
5202 4266
5203 13497
5204 4176
5205 1503
5206 13865
5207 19251
5208 21658
5209 2415
5210 24882
5211 21512
5212 23137
5213 2531
5214 11090
5215 6998
5216 22867
5217 26149
5218 18207
5219 2225
5220 4240
5221 24460
5222 25394
5223 26286
5224 26219
5225 19130
5226 23496
5227 9354
5228 10517
5229 1932
5230 21079
5231 27217
5232 17247
5233 18346
5234 18472
5235 15400
5236 4932
5237 12022
5238 6540
5239 16913
5240 22608
5241 22279
5242 7332
5243 14948
5244 20913
5245 14936
5246 27344
5247 7293
5248 27426
5249 5793
5250 15292
5251 26808
5252 1355
5253 21000
5254 21733
5255 26862
5256 20253
5257 963
5258 17283
5259 15615
5260 15069
5261 11842
5262 4445
5263 7479
5264 2699
5265 9248
5266 11002
5267 15843
5268 23152
5269 17107
5270 3226
5271 846
5272 19675
5273 1194
5274 12204
5275 4008
5276 2523
5277 14317
5278 15570
5279 7097
5280 15942
5281 12762
5282 7912
5283 1498
5284 12699
5285 3580
5286 12780
5287 17981
5288 26680
5289 25664
5290 11312
5291 13431
5292 14199
5293 8708
5294 1688
5295 10302
5296 448
5297 27067
5298 18281
5299 23003
5300 12720
5301 18061
5302 15690
5303 15388
5304 6077
5305 16909
5306 21612
5307 20951
5308 26032
5309 6511
5310 14854
5311 25755
5312 17693
5313 13673
5314 9393
5315 17746
5316 7343
5317 13824
5318 23819
5319 8245
5320 27535
5321 24981
5322 17029
5323 2463
5324 17452
5325 7582
5326 14478
5327 11477
5328 10605
5329 18
5330 7122
5331 9669
5332 24048
5333 27511
5334 7243
5335 13023
5336 7714
5337 1282
5338 13574
5339 17185
5340 12044
5341 25563
5342 18391
5343 15857
5344 8309
5345 7646
5346 17399
5347 23596
5348 24606
5349 9613
5350 2711
5351 23257
5352 1038
5353 4411
5354 14283
5355 25964
5356 24735
5357 7599
5358 178
5359 4436
5360 21182
5361 23555
5362 10464
5363 21559
5364 3351
5365 8398
5366 5500
5367 22403
5368 2672
5369 20028
5370 26416
5371 27468
5372 19820
5373 7930
5374 9847
5375 4163
5376 14483
5377 24436
5378 18729
5379 10157
5380 15563
5381 17508
5382 17709
5383 25121
5384 4398
5385 6649
5386 3930
5387 21134
5388 21451
5389 10131
5390 6786
27126 24673
17892 11045
6805 18540
14452 7935
12591 15196
10482 11007
17724 16662
23771 14471
27651 20963
14742 21731
25666 18640
14155 14214
6161 25925
18755 7692
19726 13944
11850 21963
6369 27629
5600 19835
14696 17429
24611 8420
7462 8187
21610 15953
16277 18386
18228 24826
17957 6087
13567 7441
11107 10000
21970 24119
9166 13538
7632 8170
5900 3022
21070 26941
10172 3549
7322 4256
15497 20461
21704 15595
13257 22976
20354 2968
19567 136
7936 13393
5484 6328
27030 26328
20393 24979
17595 15742
16107 2522
11395 11570
14822 22332
7960 9570
10841 2997
16886 2464
11994 25401
15264 8538
27091 12388
7323 4627
10332 20879
19640 22101
14771 17538
14947 20534
15291 3898
7575 24285
24875 17724
8232 15599
9286 14482
22540 18070
18797 24855
20332 12565
7539 1482
26452 13462
8483 414
13545 25346
20339 27265
10140 10250
9425 20412
12936 19908
11096 20450
17057 9662
20026 16454
9780 8661
13490 11516
19375 3187
6467 20159
17607 10203
8676 10917
6067 7963
5481 11638
14485 5214
14109 25506
22595 18659
20924 20006
6320 25024
27352 16580
6306 11551
17792 8224
26587 15778
16045 5138
8392 10173
9345 2336
10918 24328
16289 24271
18511 21038
5725 7605
9159 26931
18519 3569
10419 24346
18585 2924
6580 5801
5823 19772
22129 14967
8732 14268
24229 19159
22254 25794
17827 10132
12288 776
20191 6332
10162 24883
14451 6398
10396 26773
9055 25877
19645 2499
5525 4474
11758 15992
7410 15952
7882 20508
14982 13696
15026 12435
27400 4877
6166 23421
21184 20847
21900 5170
19467 25566
10138 23248
24722 5082
21124 4410
9883 20459
27547 22812
12891 16117
8051 13472
19073 8698
8088 22792
18270 175
7844 5921
18165 17711
13131 12218
7399 14350
25148 27567
7636 8785
14954 22283
21117 4729
16966 15921
17256 16182
16271 15441
23021 13429
22092 13133
23489 19843
5973 5911
18237 10938
21423 21098
12404 2151
15004 20276
7634 13341
10633 5039
6404 2035
24602 17307
6939 15533
13331 10590
23095 20315
20557 16461
13449 12092
7314 7987
16739 12800
8528 23456
11984 23850
21959 5376
21698 20521
25308 23315
18619 23056
15986 8686
17605 11256
7856 20073
21113 12666
26834 13406
13516 4961
5896 654
12097 8025
9356 8099
8790 6025
6364 12829
19519 24504
15672 19232
7557 25135
7719 26007
15242 14096
24360 10615
8863 16903
22724 21735
22294 5140
14416 17947
25382 1777
11431 2650
18231 20386
6423 19935
27709 3203
24237 19022
23895 13141
5982 2721
8119 12520
27644 13206
16865 12130
22353 3246
14089 14613
12456 17384
20028 9056
13792 22096
16828 5779
9395 727
14121 10042
16840 23769
15442 10281
26568 9227
8978 18515
18591 1036
22476 5395
16192 22745
16247 2999
20108 1448
12672 2969
18062 13049
5539 10910
22214 4985
6720 1802
9272 17017
25922 27520
16586 8924
9122 127
23313 22050
11742 21566
15483 17623
18232 23688
26404 12338
16512 3050
7846 5934
6459 19044
14465 26187
7069 16084
5698 10939
22271 23592
23798 8424
13194 19124
19898 15351
8743 8518
18855 19491
22293 3900
16854 9080
19222 11537
7762 1168
6201 21667
24101 6660
17405 14351
26831 13962
7390 24343
17320 23301
11315 5576
15825 23016
24035 2791
8172 8100
11281 5455
14074 630
17960 1226
10525 9666
22989 25891
23624 21542
27211 23725
9380 22375
6570 19621
12159 13060
7784 24223
6643 9836
22704 12326
21100 16479
23551 4881
7950 1578
6557 18418
6811 12391
6492 24230
7402 25721
27747 3792
9088 20328
19610 19198
23293 10703
13185 13553
6317 18130
22307 27429
27200 14255
9849 23349
9084 20833
12192 7722
10186 10466
8896 9058
24677 14298
21798 10579
25617 5096
19028 27404
16560 27204
22558 23095
18764 23954
11455 21570
12501 10375
19445 4269
22071 6783
23956 26111
10991 7354
11114 12359
8206 25057
26990 19424
22162 980
19198 3253
14660 7663
10378 16965
24578 15863
18108 3583
8837 9353
18004 1124
13838 420
8656 14767
11450 12667
6371 23611
21761 1841
14382 5686
20468 3756
26720 22328
27130 8904
10531 15587
19359 25549
6138 23838
17093 21499
12429 2055
11469 26083
12724 26074
14766 27361
19153 7141
6413 6872
14458 8423
17678 8481
23781 14079
23602 18634
6931 50
2564 17214
13282 22014
26961 6339
12049 1292
18609 20537
25214 21311
26262 1742
7200 18233
8683 2384
16307 26811
19092 10846
8236 2356
6023 198
14370 13275
19249 399
18091 24260
15480 20589
6214 11849
11186 17818
5416 21965
11808 24243
16480 10473
7674 19660
27146 8638
25671 7502
19410 8345
11976 11538
9872 21794
14122 26784
13805 11194
24490 6341
18095 7738
18186 9608
14620 20165
26392 7317
26665 15399
27698 14968
11299 285
25900 26704
22638 21293
24031 22980
7646 14179
12777 4308
11427 11659
22145 12518
13867 13827
20643 2818
16332 26210
16580 22709
13049 20255
7400 12334
18472 20897
23940 10997
6362 9625
13232 27469
18606 25515
26570 20530
15910 9566
25162 4761
6352 14055
6864 19379
6937 25767
13446 13419
6858 12928
24208 12124
8726 11556
5615 23938
12148 26338
6668 23523
10426 2080
15885 19480
8706 24474
9564 13081
7637 21820
16495 19312
16621 10147
22804 12444
5711 16218
13947 10624
9727 5034
9107 14011
24947 20256
7873 560
9646 5251
16226 14064
17052 2756
15593 21333
13542 2367
10814 12560
23437 10717
13577 25940
14681 13487
5451 10765
17553 1212
19905 12837
18955 24103
9495 12514
17515 27276
7027 24303
25655 25990
9991 14852
17357 17152
7355 9746
9990 10407
23196 26110
6284 795
7009 10990
12603 6630
13752 19917
9465 21985
11586 8136
7673 23589
12076 9014
12592 15363
26429 11901
27285 12562
7274 7070
21319 10065
5735 20191
24110 23832
8493 16992
27523 6342
27590 5326
9480 15858
6148 23373
10418 3591
23902 16253
21881 21252
10772 14706
14879 1963
16278 9906
7533 17179
11035 9370
23121 21331
22849 15309
14311 1885
14752 10777
22460 3699
13652 18893
16370 15765
7133 5886
7955 12354
13854 4361
25868 8870
19114 23593
22430 8208
14250 2501
19253 26988
17195 13367
12464 2759
21483 9464
14067 5640
5696 19036
9430 4810
23424 21408
17712 14739
5602 18955
16629 17241
18435 7499
20186 11888
10516 15532
23304 15175
10521 2330
26363 7309
20769 27538
22480 2768
14434 7174
20569 18999
7401 9209
27001 8271
18749 21374
11719 6548
12942 2460
19054 6923
21198 18052
22661 14926
21242 10119
15908 15467
11931 1280
22778 21377
25871 5792
21829 6805
18370 11798
22986 24543
26700 25594
6595 15060
17647 1152
25629 2821
27582 13687
22237 17985
17895 6906
22532 699
12095 13576
17096 14840
14842 18500
15573 18960
17698 10058
21661 25495
20046 14791
12661 27432
10594 16257
17218 23201
25008 998
23974 3710
11854 27399
19884 26166
6507 12659
16912 20788
21776 26326
22853 24795
14021 15627
14073 11643
23603 22776
10915 4194
6029 8370
19631 10954
9546 6523
5403 19797
17437 1565
7886 17347
5712 4164
8331 6478
6012 14942
15432 9018
19809 11817
20587 25817
22722 5902
12158 19930
19978 27243
27044 12556
15967 7934
6610 18344
6640 6321
21988 27753
7905 14408
21806 27703
6266 22715
19014 24232
19186 8830
14387 20931
18090 22345
23212 11548
19043 22077
6274 19890
23273 4255
5547 16347
23083 18810
18991 15078
6538 16566
20668 18099
5495 14502
9837 16450
22863 17073
10572 13058
21214 376
5967 17134
18181 18277
26129 5078
5903 36
21059 5971
21957 13535
8245 3975
18694 27547
6079 3567
6982 14796
15366 17293
17541 18066
11434 9708
11856 13402
18312 23682
7870 6331
12278 17158
5412 25288
17703 4395
27135 23646
26920 10300
15637 20733
19846 3141
13874 26203
24483 24623
15132 7134
16608 9909
9089 22644
7704 9342
7141 7116
9147 15358
11933 25134
14412 2237
23366 1000
5628 18714
10293 4606
21852 8350
12367 17784
21090 6530
5843 19450
26626 14617
8696 18813
21004 26789
22144 25852
7546 7102
20721 25905
8450 986
20141 24640
7760 17048
26825 12859
12442 25144
5578 19407
13757 12161
15906 6020
7922 16519
10408 11528
17905 21008
23877 2448
11147 10418
13742 6288
23601 18600
18104 7284
26978 100
23748 3896
14363 1904
14317 15251
18833 1707
25798 4736
14120 5317
19777 7484
7008 209
12093 20715
8325 16009
11891 21127
26233 3162
19331 10396
14572 14867
12606 254
26729 24447
14414 7566
11980 13309
12590 23355
27217 9630
11148 19308
25874 4429
16530 20118
10320 1405
21275 437
16671 22781
7015 16071
12577 23855
12015 26750
15488 15959
14436 6038
16991 17718
26611 12243
12127 18009
10553 11212
8291 22423
22057 24948
18698 15296
6311 25269
15509 1223
13843 17799
8174 24443
27414 22266
23256 16060
7429 21157
15864 2698
11585 3304
14432 23760
9805 19188
10807 5647
22509 16826
9797 9856
13712 14595
23702 17721
6511 8212
16903 19502
11873 9577
22332 25296
13199 24524
12228 6927
23685 5050
11721 6002
12612 6766
20292 17930
16442 21704
8513 16838
9266 44
13050 5342
21370 22536
17300 24001
24653 16286
6521 9302
18271 5517
15898 18148
14524 7059
16696 12476
8892 24918
6567 18094
24015 1158
24023 8628
6409 24227
27546 20583
8836 13151
12054 12103
13470 23905
10592 20099
21407 26841
23599 20843
10880 13668
9871 26441
21712 5955
8891 5253
9292 25992
15659 22037
8370 27620
16099 14377
7714 11216
22627 1085
23426 2580
15119 10225
27002 24694
20558 99
8069 990
13590 1178
12719 18224
14824 11420
11995 26016
23445 16545
14910 20019
21222 6633
15426 11319
20477 15774
25760 16633
12987 15884
18392 12938
13472 16973
6692 16309
21529 7454
23149 27600
7372 3332
5512 24689
16474 1409
21342 18439
26168 3711
16978 9897
23988 9332
19365 8449
23758 26184
18643 6845
20158 11981
11291 23251
27015 5145
6655 2094
5611 6863
6968 14254
13391 6879
21298 17586
17996 7827
25956 2515
10178 18588
23009 26739
5701 11419
22963 1607
15553 17069
18852 2513
24744 26963
21576 19719
26172 18556
24078 16465
11763 9375
9961 5936
23922 4595
16546 6161
14098 1981
20291 19831
6038 26703
21314 2754
13215 14220
17865 1358
8805 7032
9844 7213
13749 13092
15064 12878
23591 708
23769 21572
18353 292
14008 19164
17518 17281
21431 18542
18131 22331
23193 13320
11190 18180
19673 24212
19752 10920
6456 15989
27182 8496
9544 8723
25337 4148
19036 26346
14072 11724
14586 16897
18384 613
15920 8992
22616 3177
21144 6050
8302 20025
11911 2926
16294 6001
11690 19605
7649 4712
23230 7237
11408 22439
23882 9084
11629 23188
26688 12126
20772 5613
21882 15801
5953 16560
11415 11757
9781 23743
14779 19302
22934 23028
12797 19190
12874 10582
9222 4109
12126 7497
16343 19691
19099 14289
22797 20065
26530 1722
9217 9142
14525 23405
5509 22601
7199 10842
10802 7223
14721 10743
24345 19497
25587 15040
22769 5159
8742 10890
25007 235
18982 1872
21926 5089
6642 9321
15185 912
7467 16288
7073 25223
21448 24536
20304 20817
11293 18608
21865 23489
18695 23762
23417 8915
21793 24670
12840 27590
20794 5996
24566 6756
9193 22537
21556 19887
9756 24030
22456 26733
27179 10912
21697 117
14593 22855
10377 26752
21736 10160
17611 21004
26759 26281
22164 24025
8508 10236
19577 20773
13089 13815
27549 19126
23226 21425
11380 20492
12048 2973
10497 927
10432 19101
20231 12551
16406 24889
22955 18857
17059 10056
21196 25618
24646 1079
23436 16260
20201 22377
13887 25499
8502 24245
6921 5229
17178 24556
17495 23880
9274 21906
20427 5841
10380 18205
10874 19212
21302 18053
21122 11277
15918 26604
13751 25474
15714 6717
18716 8094
16959 26392
13564 13738
15234 2414
6985 27193
18318 14051
9771 2547
9753 7
12767 23295
19579 12062
6683 11918
19861 27000
26900 20196
23082 17298
9813 13666
20676 8045
27096 24681
20951 13231
23546 23766
27108 9557
18812 19330
20412 11561
5595 8690
10766 26960
6791 9713
20603 26026
24845 14177
13122 17215
11304 11197
8670 17980
14994 10714
8384 25966
12539 6924
12016 19647
18157 23514
9699 25596
21887 12212
7654 6091
10365 20364
22574 10592
17243 11909
7903 15541
17426 14287
15305 14103
18057 11336
15266 10983
18327 6431
25664 9741
14613 25048
18376 23711
8620 4931
7697 25673
27688 26648
9358 13019
8204 21895
8881 852
8589 19177
21987 10346
6988 5081
23429 21648
23357 18144
12007 4074
5494 13950
13417 13287
18422 26391
11401 20060
21746 14712
21343 15535
13897 8685
15358 8720
21968 149
23390 9812
6500 10660
15749 12866
19516 27685
17433 5649
5737 27624
6559 23467
7963 24155
22993 19040
7745 16115
27706 16493
5521 22394
9135 9071
8532 11326
19002 25071
9298 4475
8137 9369
17242 26152
18649 15127
18429 24692
19190 10469
26989 21509
22579 2258
15846 24804
25836 1261
11405 13240
6656 12740
16653 16791
19539 23650
20713 22457
25835 10351
7949 1850
14168 2266
15897 25445
23240 16482
15546 1662
15206 24502
8095 3454
11023 15407
16323 25395
20312 5833
15562 10285
20658 20080
25541 3676
27157 25200
24127 11169
26576 26001
15735 25418
14679 14692
17763 20590
15308 16759
20278 2187
12965 11370
18005 8303
15652 13041
19693 8486
22941 3249
10932 17941
12820 3851
14464 984
5871 192
5848 25181
19949 8593
12111 15268
21096 10413
15675 11298
20030 24768
12045 18661
7744 13920
18079 206
15024 17046
11506 13812
16980 14539
18957 25763
15439 542
14988 2465
16402 11388
23509 6951
15501 11429
6571 21707
7849 6627
8515 31
23856 7265
24037 15569
21358 15411
27347 4611
5958 9791
24059 23837
18705 4205
13575 24782
5821 7862
18395 10883
13005 16403
22466 22795
18574 25897
9333 8179
6923 15534
21717 25095
24381 25983
7639 18980
5540 10107
21300 4005
7270 1145
17986 1138
9339 9315
27089 10884
19478 4069
7676 4302
9284 4518
20731 3303
16279 23927
11680 27162
15881 18484
23951 5687
21592 7744
24977 5973
18391 1455
9352 13976
6396 5361
12946 26156
16298 4901
18503 3101
5511 118
12509 21062
5877 9327
23105 24054
18784 16748
11387 25458
22292 2248
27063 24939
27759 26721
7075 25298
12655 11810
20986 11737
19195 10437
11295 13855
25418 13407
10484 738
18990 1606
19353 24438
25423 106
8517 17526
18555 25248
23791 12314
17198 18747
21531 15849
21329 8597
8657 21343
14493 13578
14322 25536
19255 2998
27276 10558
20062 25771
20590 8747
5545 12122
8876 10749
22919 8230
26934 13142
15078 23546
10286 23873
8655 10362
18432 17354
14971 260
6445 19208
20165 5112
19709 5785
23568 19863
25510 10357
6047 1776
7056 23681
16267 70
8007 5446
15641 16917
6845 9258
14555 18176
23691 8353
21874 4605
6810 4802
18794 5179
5989 19259
17913 15628
15529 14634
17723 14085
10000 15552
16446 7367
7013 5201
11471 20889
11681 2316
11778 2137
24354 20640
16087 26292
6194 9422
6147 26578
26137 4235
24183 17916
17117 4030
16688 10117
11845 7978
10798 368
13999 11521
20908 26804
17456 11802
9246 7238
12398 26593
12852 7556
22208 19191
21173 1989
20821 14598
10745 16754
26263 26140
25342 18878
5572 12798
19011 21876
22155 12534
15015 22017
19518 2090
5740 904
16605 8021
27231 23956
16327 15202
20684 8059
8287 22125
13101 27156
16437 2567
5399 957
7345 3929
15535 26697
15140 15829
8183 14333
14637 9973
12042 25367
26012 14131
23659 19591
19483 11010
18010 7447
25327 13983
20536 9458
9291 1924
5434 7050
6392 2783
17983 26125
7727 4514
6259 25931
27718 11367
7713 17431
14097 3726
14355 19506
7976 14834
27078 20651
18081 7856
16059 20582
15006 13139
21107 24886
8735 976
26796 16137
22443 4218
15907 14299
6295 9059
13703 22041
22390 11267
21958 5104
23307 7300
16205 11725
5407 16229
26971 21579
19103 13930
10431 24596
11612 1406
16784 7162
6484 551
15420 23600
7938 9141
11454 24046
10173 22426
22761 17437
7253 19783
27675 3820
7048 24264
15427 289
15669 26600
7116 17142
7877 3819
21437 12197
8469 6029
23874 14344
7368 10900
11027 19179
18677 662
26469 21899
18491 24069
7875 18075
12783 21077
6517 10695
13855 21303
26740 6201
14881 24793
5562 9763
13111 1062
15144 25815
7124 16236
11682 16549
9798 12125
27003 11014
6209 25834
23297 23553
27382 26685
15148 4817
17193 24007
19447 2263
8244 21665
8301 17410
16413 2191
22576 17207
13701 7785
12340 783
14012 19279
9012 21328
9903 26060
6534 22828
25679 5561
12462 5821
23586 14182
26142 2168
21203 13829
11382 21982
14899 1796
20707 18834
11750 23183
11568 5222
10176 3747
14062 26802
13317 14200
23122 27692
26719 23607
8734 18517
21447 13099
20433 11494
15839 22220
9321 7923
5986 9322
12765 7503
19355 23997
18261 23408
15010 26362
25978 16290
26647 9879
18554 3624
15666 21882
14508 5612
27560 25753
22436 7682
24080 16546
20981 1190
27043 23810
6386 8182
22869 5132
17480 24094
13247 13765
18726 18250
15436 23634
20429 24110
16839 15030
17649 22906
21902 19439
8412 24005
17284 25205
11086 27763
27649 5602
27369 2477
15161 26736
25656 9221
15281 24852
25638 3895
26826 11832
15449 7418
16222 11572
5774 15207
24347 13548
25654 25357
9453 20867
17077 24259
14740 5988
6566 7546
17511 15316
15373 27366
17891 14592
20032 17615
16756 11758
6946 14384
19013 609
8352 23828
5724 8008
23432 20062
21647 17830
19382 4178
6613 15383
16146 4719
25174 4056
10607 9194
24463 10242
12470 27289
8703 21430
14659 5498
26882 23942
20166 21130
18791 14521
12091 13568
9206 15994
15198 899
11896 9857
23086 21318
21367 16908
22370 18646
12572 11157
20212 4181
8953 22464
17241 2519
22266 2940
10668 25466
10526 15310
15168 1080
13060 12952
16180 12325
22317 17375
18396 24731
17399 14475
12846 24415
18334 23318
14758 24339
21455 748
13893 8760
18613 26295
6462 24909
17690 9782
14770 16798
18673 1536
18691 20716
22806 21737
14039 1758
8755 15968
19995 27419
19551 7636
5863 24341
9224 2509
23044 13448
20783 14386
13469 20723
12634 27194
16302 25823
13144 23154
22979 11992
13627 2027
20364 3515
8148 22023
25989 12602
19542 385
13607 4203
10756 7979
21812 24486
23039 26082
22725 6121
16831 22636
22444 21790
11632 1851
20296 2150
6634 5206
16188 7234
19049 23054
6757 8513
25946 24293
17441 20214
13902 9240
8908 19782
6246 6400
10869 21775
14745 18336
7570 24834
7607 1694
13526 9505
13648 7992
18172 15492
8870 4383
6819 18115
21762 2914
18793 21748
19333 26872
22033 12712
9434 25806
14532 6106
11637 7588
16999 24756
25205 4217
23592 24665
17176 5508
23944 7403
7206 21075
9180 15160
16253 13456
19284 18283
25043 16949
16774 11649
15614 21078
13320 22242
9346 9896
20275 27494
15197 7533
24327 23782
12848 24296
12074 27521
6232 5111
20820 25103
9547 7839
7729 1294
13452 21565
22599 23026
24014 9886
9789 23366
7701 21767
7305 2353
7362 7413
8540 18998
14061 25274
9574 20144
7897 17528
10771 7712
16029 3219
14132 24105
22536 22725
26966 11233
21794 864
17097 8107
9995 18728
11470 8755
27170 1829
11253 1020
16145 1993
16217 10134
20420 4399
8785 19967
6646 16301
24001 2269
13923 19739
11126 1812
5460 9096
27007 9899
5553 18414
9205 24492
19711 15456
7385 8818
27247 15528
16719 10331
23110 16630
6970 15760
10704 22278
12677 16874
23255 203
24141 24323
21334 16601
26187 14212
16149 3485
15183 24015
21411 6166
19431 18915
21346 18331
9437 24517
23889 3411
7592 14466
16508 17383
14869 2866
7899 23185
27636 4662
22374 19994
8641 5454
24376 5918
27514 16732
8195 22356
14857 15733
9810 6505
5537 10528
27435 16185
23485 16577
12094 17640
13491 25267
20135 24014
18956 25167
25428 14149
17606 4696
12490 13940
14821 6358
23496 987
6112 5979
27490 7842
16046 9415
15795 27163
11005 5332
14877 20277
9140 16295
18223 27098
8115 20254
10854 27500
27672 11557
15830 12418
15775 21121
17260 5912
8447 22589
22382 26689
21326 8522
18856 13894
9173 10871
20926 16789
10017 1770
6679 4425
11097 20890
22470 10410
12651 24993
13667 5049
16032 15802
15968 9318
6578 1649
15477 26904
13568 21299
24652 11153
16720 20437
6563 9838
18354 17689
27334 2582
13484 14128
27416 14020
26999 27
21400 9153
24612 6254
20512 26821
6359 7914
6708 21526
27634 9645
27642 17447
11901 14461
17547 19819
27586 10199
14205 15571
23153 24396
15074 6143
6544 7421
23913 10367
21024 1312
6329 2536
18875 4081
20761 23293
12712 7127
18471 12931
20161 22288
5914 7917
27687 15212
8393 16316
12754 14684
27441 8656
10337 9603
21484 3866
19868 5248
7257 23044
16699 1095
16971 6094
12861 3267
19897 8244
12008 10835
10548 26674
16895 424
7394 19209
15985 7007
27036 18631
11329 26047
8672 371
7365 16324
23900 22753
19381 18194
21974 8738
6450 2311
21069 10044
5629 8956
19265 15082
17043 20928
12583 6175
25698 2031
14772 3815
9793 21411
8184 12370
20663 3072
6426 12366
17728 22502
7351 13557
16259 251
18706 20205
8724 4105
16707 9727
5548 22333
19855 20924
8594 27574
10600 23544
18653 7395
15471 524
27167 12804
15911 6232
10927 4195
23233 22829
11844 25125
15845 16802
22723 3590
5915 17650
12488 24218
17050 23360
7074 5800
15139 14604
10543 20123
12718 5120
13763 3446
6449 21625
22679 11021
13823 24584
13904 17959
5887 14
15005 12936
19968 16707
9444 25579
18789 12002
12194 13455
24022 20775
9935 11340
14714 21059
16539 4548
22491 27430
24742 835
16863 15180
13339 23554
18768 9028
6645 5054
20805 19974
22341 4912
9562 20274
15126 2167
27359 23877
7712 170
9669 14728
7589 13465
18242 3039
19854 4594
20570 25405
16439 21877
7645 17086
16889 25876
14892 25459
17323 17609
14897 20652
11144 9124
12320 17894
27729 12838
22335 17025
17532 23926
5743 10545
17319 14002
17903 20985
16090 15683
18987 837
19001 1196
19838 5944
18174 1966
19387 17788
22290 16510
5531 6987
12928 14923
13412 25266
12673 25261
5651 27670
22994 13966
10068 14282
14961 8620
21295 16956
8886 14295
5508 10904
18441 21294
11475 20633
18490 2590
7946 4983
17375 5904
14604 25351
6429 14078
20572 16523
26269 7755
8365 11852
18145 10167
17861 7619
25699 2015
25918 13769
17053 18131
17007 25417
26398 25750
11864 2854
14213 27602
13978 6037
17751 8355
6271 16106
11197 22045
22354 20151
19596 26792
7524 16036
19831 21092
5631 19442
12528 1323
27240 16852
16791 7926
12934 25148
23802 18624
13561 16935
19589 20721
6983 12529
21834 22714
14865 5949
17190 13875
14390 22708
18507 22518
6334 12302
23898 25302
8980 15420
26858 17141
21141 9819
10748 25980
13681 2129
17082 4824
12345 10756
19323 12924
18459 14308
13671 11110
13956 21086
24004 6933
19638 24393
6221 8077
17366 7143
17329 6928
22593 20941
15679 778
12397 325
23200 59
9776 10578
23946 15763
12899 3183
27286 20921
13428 2456
15401 7652
25001 13847
22737 15694
9408 24053
18489 1764
5869 19521
6363 5887
6071 23584
23163 1229
17482 359
7808 25174
22650 10156
18301 3293
19139 23667
17971 3719
21215 8635
20172 13806
11025 15581
26836 22758
18644 17061
9462 14655
13994 14400
7014 19317
18862 25013
25489 12145
12493 18284
14948 5666
19313 21886
25427 10623
13873 26966
18916 516
23174 3062
27244 8124
19486 8562
9651 6503
22969 5221
16993 17742
16613 25219
19985 12586
14016 23952
26773 26115
27274 12117
14385 10780
9152 11492
21566 25014
24012 17010
18988 27172
14190 15053
16109 21309
20263 24703
21999 22207
11081 16712
18783 194
5677 23060
9367 16738
20610 4112
27717 6645
27117 26718
13869 5923
12115 1559
17486 26237
10433 666
11656 9500
21659 20391
13658 19856
19909 22113
5555 16396
10382 5056
24842 14374
7967 15645
17339 8277
19862 11114
14445 3361
23058 8314
10578 14597
19960 15275
15167 13761
10897 14503
8472 11372
23352 26121
8253 582
15646 16849
12576 6116
20601 5699
27239 14112
24673 19464
18358 10433
16870 2438
13942 4800
26730 17473
21330 6499
15532 8688
19390 5302
18684 21091
7978 25919
23901 26064
21854 8613
11402 14454
14534 7404
12505 26448
16054 15999
6323 11524
20016 1393
9861 4698
17064 10573
6740 3865
12979 1166
6622 5440
10963 17659
18102 25489
12226 17124
17321 8144
6078 4452
26071 12631
11615 6404
5921 1206
21171 13720
21227 20901
12876 20765
21979 5797
6504 21346
27100 6417
23020 25805
10518 24844
7807 3500
9419 5732
5414 11138
20498 12083
13908 9671
25635 27252
13212 6337
15921 5535
8478 20954
10327 21577
15012 24200
14546 21005
21382 14939
19336 22466
18116 4683
6721 3625
21420 19016
7973 11200
20774 14992
10690 10641
7930 4075
19080 21569
19449 4365
22449 18978
26124 13516
7565 15344
20194 1525
16204 10295
7915 15276
12681 23378
18146 24621
8518 17217
12307 19009
21544 500
11985 24513
7153 16319
14529 10317
15190 12913
7383 19570
18552 3010
6437 3342
22800 1422
26863 25349
6759 23052
21817 7843
12240 8671
7884 24358
21062 19910
13868 7081
12814 11948
12803 721
21528 10365
15298 13935
9063 15543
11133 24057
21403 7020
12867 3978
8091 24942
17912 6815
19582 20049
21352 10305
18007 4350
23403 2835
16150 14550
11712 23132
26571 12865
12912 15498
27583 13542
26007 4571
8619 1063
13983 21755
24215 6762
25049 9231
17467 22027
11584 3915
10168 20460
6665 1697
16810 22914
10528 90
19238 10601
23912 20026
15263 19800
18101 13218
5910 25849
8780 10262
15117 11919
19273 26168
15982 1306
19140 20756
24855 12213
25571 15440
24910 13885
26198 9748
17589 23426
23051 4128
16085 6402
23941 9300
27539 352
6943 18493
8899 2744
6036 3621
19154 22883
15071 968
6950 221
27528 21492
12317 18817
8468 14731
8884 7069
27305 11604
6722 19931
19574 2652
23679 1155
9085 17645
13327 6457
24119 27649
27017 24115
10207 11321
9825 6396
20937 20089
10799 9268
8781 5705
7747 14898
17706 8421
10321 9802
6349 18096
16659 14699
10524 23320
15547 27008
23773 1746
8321 11384
22027 265
21285 2352
18821 15531
23216 24244
20074 10453
7348 18292
20884 16673
17979 25948
12935 23816
18414 16868
10383 15619
23570 22337
16700 19059
8797 2533
21620 10215
6135 2848
13130 10748
15389 27198
21224 12135
6539 3644
19457 17848
13957 26488
5913 21932
18328 14089
7481 27307
27707 1990
24592 26727
15916 12114
12080 8510
18434 24215
16607 13087
18865 7000
16920 7189
21832 24609
7417 4477
13301 20894
26819 18267
18688 6068
9092 16968
23862 24512
7556 19414
6577 1728
12415 8074
15998 11908
16851 25605
11243 16431
24624 23640
18332 17626
11378 10165
17829 23730
10282 18080
22002 11000
9832 2718
25168 2607
18120 16300
18620 12128
22832 11595
10754 4145
22821 3056
26666 17510
7952 9112
19681 24032
6140 8344
11826 21616
10727 21380
21559 14406
11614 9402
8903 17865
25044 22106
17269 9638
18516 3541
6954 23733
15371 20707
7913 4597
7516 12815
15001 17938
16814 11895
24075 6078
21363 4310
16655 2211
8356 13878
19485 11254
6637 23673
6304 9491
15610 16815
21179 12926
20303 10026
25313 22691
25103 1327
10503 16082
18269 728
18248 6032
17153 17099
27152 5346
14786 21329
8151 27339
27399 1734
16459 21997
26979 5323
7862 18007
5822 14701
12647 7643
20535 18758
11676 16726
20784 20922
16665 15984
13559 26279
13758 4730
24269 14754
7793 27068
13670 25337
8355 16954
21908 10323
6279 15244
15552 14581
14215 8920
16781 22315
7693 21744
14627 9990
13153 27306
13570 11080
18863 20150
6972 12070
13495 26910
23327 13947
22055 27558
20787 6440
13152 25046
19264 1030
20199 1285
21625 26218
13105 9979
17048 278
22604 11606
6535 12890
25224 5871
25831 22653
10747 13880
12943 8925
23657 7991
22425 12860
27363 11328
7694 21284
8530 3327
26364 27021
5418 9903
27653 4816
20402 15769
17578 19561
14117 14801
17739 5119
5693 12944
16248 197
5429 16699
20055 571
9533 23661
8887 14976
12992 9170
9145 17597
18984 26796
27491 27530
27262 26881
11634 24085
19094 2789
26850 12287
25350 17109
17016 22190
15580 11343
27245 3167
21286 13798
18801 785
9007 24332
18737 21589
11273 13342
8523 5870
22867 24087
12773 5105
7143 18145
17880 15784
6367 10169
9420 15497
26884 8681
26927 1253
12451 22062
5640 22682
8262 10634
16290 3440
10116 1295
8671 8988
10512 23166
17538 25688
17955 19377
21996 26644
14876 11646
6390 17206
17853 195
24039 23429
8076 11432
8399 27501
6380 27607
20300 46
8270 338
17721 12979
15837 7683
24198 21847
23945 95
22177 13564
7201 12778
20080 24470
20647 27518
18185 12623
19885 20161
5930 14036
14542 16690
9985 15853
6142 14969
6509 23151
22760 3738
10373 21632
17042 14541
12302 24541
10174 19449
7263 15017
18262 4994
23348 7108
7373 21801
9841 16354
18201 9031
23869 8702
18171 22019
16428 11163
12752 9589
20899 16190
7210 9379
21956 1242
20189 1121
6032 3677
17149 20505
12110 15604
8300 1671
20847 1117
20834 26917
25476 19637
20878 3132
13337 25643
5492 1353
19193 24445
27336 11854
14804 10955
13525 6640
5630 18479
23585 1919
13521 1938
25089 14493
23876 4213
19866 11182
6558 14776
12157 24542
6357 380
9876 8786
10608 10265
10746 14777
13276 26602
6520 8411
24225 22244
8190 18689
23727 2300
21031 7464
12868 5355
25465 9329
10119 8458
17683 22718
19881 210
14169 24090
27062 6539
13464 26176
8752 9065
13571 21776
11800 12379
14005 2988
6034 18642
10153 27678
17939 2705
12236 1435
5634 11044
22602 10813
7941 10616
25744 17054
6153 13646
26384 11651
23418 27389
8699 27189
17071 5068
27132 11109
12627 82
20593 24808
21492 19467
7815 277
22234 4307
10836 8456
16152 22508
7700 8756
22458 27614
17060 15200
6242 21948
14635 22933
5895 11113
13426 14551
22288 11740
14895 21366
9204 9054
19016 20828
15938 16888
27548 993
13528 4768
22954 5314
20645 26544
26483 7353
9987 8717
8278 24061
13410 11290
6145 18930
13883 13620
20383 21786
16223 2702
14360 16855
24201 23310
9216 10384
23560 22442
13657 11189
16562 15525
20725 1759
14768 21103
14780 10892
24072 22327
15796 20251
21480 12774
27018 23236
12694 4903
26992 23486
6093 13485
13231 21224
16716 1202
8413 6799
18514 18904
26623 12976
17072 20782
18331 19297
6765 9660
17137 17507
17973 24675
14159 8970
12714 2161
23634 25177
8223 20182
7211 2565
13907 10834
18873 24138
20216 16108
22603 11813
5408 24274
20461 13580
22380 24382
14242 23176
10960 17774
18944 22031
14116 15893
27445 20149
16746 22486
21759 17877
24361 16651
6678 19838
10154 10434
16732 7100
8178 10567
20426 15139
15871 6455
23646 12996
24312 18165
13107 7819
17679 20937
13388 10116
16829 1612
8452 24077
8501 23659
9710 7255
15559 3587
22379 2908
6164 20693
12258 3362
13386 12982
18512 14645
15811 5293
18939 11296
9364 8921
19278 26106
18731 21537
22401 13704
10434 22845
18836 22808
22062 16346
14908 25041
13103 3999
10917 21779
16041 14010
20054 27484
11628 11364
19100 18191
24541 27719
13903 17331
6155 23753
5527 26531
8473 22853
27551 14787
17411 6105
11310 16835
24763 14327
16372 21034
19906 6985
12668 16141
9795 2925
9090 5146
13442 5157
26756 21844
5409 601
18480 27750
13852 20685
14183 18722
6712 24815
12056 272
8130 9854
19625 7832
10395 1711
11374 10035
12784 14241
6564 12336
22695 15871
10716 884
18152 7338
17769 15081
12306 10120
8230 27064
24071 19572
8102 3832
23899 20557
19399 14210
10953 26380
21700 16886
12107 13684
6092 14782
15482 15530
16860 7216
23579 11568
17662 15997
20568 18158
19302 5938
9561 24307
12678 12104
10507 18451
14590 13727
7887 8291
25982 26222
13715 26822
25451 19038
9721 14540
18664 815
26479 25644
25185 26999
15484 6517
21862 20834
10919 5490
14105 9888
11618 13843
5626 22299
15275 27570
18676 12994
13431 6611
11622 11448
7959 21324
27453 22476
22249 15906
27025 20413
24534 23995
24115 1415
23851 4757
23662 2606
16072 3175
20202 6691
8878 10073
10158 16831
15246 12641
19911 8898
5942 20501
11032 5919
25512 14928
5981 6947
10013 10054
15591 5272
15363 14310
21946 11988
5417 22098
10368 26215
26552 21097
7777 24304
13392 17244
17165 2743
21458 12986
7003 4500
7600 5394
5853 17836
13895 6681
14998 13252
23180 23605
6313 11241
6961 26844
16193 24674
25353 18361
14118 2423
9576 6992
10073 14491
18314 2907
10319 6376
13135 2880
20988 14672
13941 12575
6707 21454
17705 22993
8799 14952
14110 2439
19800 22148
13379 10962
16521 4699
9299 3151
26495 648
13653 17337
26432 5265
6514 18712
26215 18286
21718 13857
17192 11376
20917 14378
7657 24126
19765 18354
20355 14436
23127 14060
15791 9653
17301 2882
22575 4231
9285 25708
9083 18752
23978 5283
10388 6557
24976 17024
7731 10772
27426 18708
6940 26942
18953 23478
6361 22893
22011 25809
6318 26422
18853 9003
10187 22768
20552 18367
26359 20908
17937 7089
7217 6656
17823 6385
18753 24043
25459 11017
5855 8364
5519 11818
14162 5351
22492 1947
12738 18886
9594 18509
14163 6680
20385 16068
26618 8010
17442 1267
5623 9400
16878 21683
8090 1479
20064 8061
27487 7847
22029 25276
5801 576
16717 20884
14965 17923
9320 19824
18162 14571
18409 1150
22008 26814
23695 4295
21871 11713
17772 17359
26627 22210
8653 20409
26356 7598
20867 14197
21429 22841
5926 27630
23326 11178
12474 12615
13675 19257
7703 27440
10439 6514
14934 18467
21920 1561
26294 23435
20851 27613
14563 18871
21552 12482
6502 20559
9997 10255
6332 15818
12866 12854
16432 18773
18656 11581
26506 13035
5744 12537
23517 2551
11452 7023
22069 17787
25639 20265
18443 10355
5632 1861
25780 11294
18675 23882
19802 10066
22185 24953
5637 22384
21590 16250
23195 7079
24457 27383
20177 8961
6005 5008
12869 13818
23333 22864
7595 24503
14135 26171
10714 22229
8661 6219
26069 2476
6328 7119
17459 19460
13579 2813
7850 877
9509 9757
26646 6892
22912 8371
7948 9731
15661 6569
23065 8947
5613 4143
13435 8809
13591 20087
24573 17749
20102 16866
9369 22890
13872 17778
18087 4936
21678 10443
7268 27665
18000 3326
10159 7593
24053 14626
6867 17920
25833 8416
24210 3666
23017 5715
19224 16930
13494 26537
11843 18895
15350 971
12993 22198
24458 17047
9785 9521
14128 14724
6676 22396
11209 20851
10492 3402
17549 22996
12608 7195
17954 11700
27614 4070
25819 16572
17306 15271
8332 24869
6992 4967
6543 2247
15474 25759
16533 17603
19362 27653
6741 3325
6530 16622
22408 13104
22846 23630
6471 634
17818 26511
12366 943
22841 10412
12806 26004
6189 7557
21811 21360
20894 4670
19420 3845
10193 15172
15237 21369
14594 15966
16594 12770
9654 23591
9541 14476
22009 6507
5487 27173
24171 25911
7359 23754
27085 11735
5820 8622
6654 24165
21193 17364
8441 5538
7827 23409
10349 4789
6573 314
20424 12618
11569 9316
12750 26406
17460 4367
8282 10967
18415 20661
17331 22840
21574 23498
10181 20995
22328 1402
16159 2394
16834 6271
15467 25690
24088 26972
13492 14630
9717 16395
15404 1661
6228 3994
19097 3848
8480 16186
23550 21802
22054 10335
14634 15278
19348 14628
15645 18259
23473 18208
6793 626
7672 11292
16769 789
6181 7918
11544 2785
23056 12842
10858 24518
26716 9435
9817 19926
27218 20729
19477 4222
26242 3620
18393 16364
18645 6791
14749 6383
16218 76
21989 6384
18841 15259
11433 8113
8322 13874
16256 18541
15783 2749
18665 7254
12125 23977
13666 3950
10285 20195
6308 15284
25296 25776
8427 26417
27371 11546
20871 5460
9068 19095
11024 27354
11626 12206
19892 25032
10613 21256
13566 1582
24042 13723
6480 12572
21405 24589
12129 2420
13053 22945
24216 21389
12910 17872
14489 24306
20596 19688
9211 9166
20133 19343
6269 2994
14722 19081
15869 4421
20885 13226
5899 24932
20084 24936
17347 13119
21053 7783
6267 1543
16238 27294
24727 16729
11384 10421
21593 8727
18962 9246
14588 7256
10612 2023
17261 12025
9363 15511
21257 24385
19767 18699
6131 25198
24154 17363
6125 8089
24028 18587
12341 19849
24734 18756
7962 16672
10622 1573
14731 2240
15867 11668
13234 4858
26143 2719
8367 20175
20098 9753
6649 23491
20029 27250
8213 16093
14926 13714
13258 2739
12017 19759
21947 14956
27477 11025
11674 21959
23301 15176
6470 4168
7644 2228
16450 15566
7981 13091
26309 4616
15668 11702
5392 21672
7698 14170
15487 22203
20193 7536
14682 22472
10834 23966
13236 9665
6407 15146
18559 26394
21693 10233
5883 6154
14846 15158
17736 2506
18689 26423
6633 24859
6049 15693
7835 5406
27263 1135
14359 2736
13862 22070
23450 2025
20594 8999
18611 291
8847 1585
13351 1165
12601 22393
11217 8
11458 12037
7030 26567
9355 22378
16930 11565
27237 1316
11149 21531
25863 21491
17361 25446
21611 8899
13475 27625
11760 23214
12286 6123
20517 21202
8180 24333
13011 15722
13697 14723
19309 19806
9720 16688
22215 13344
9349 18494
16397 23715
21375 27486
9822 17620
14595 10621
16131 20186
12269 10102
15357 14685
8791 6771
19042 15564
17740 6926
13350 9108
9549 24697
17156 21571
14038 27155
8324 26073
23229 26175
12771 13166
25375 2688
7237 23911
13676 3014
8004 2459
25735 14404
12444 1845
26174 151
10021 14305
24456 10515
16601 4914
23116 11701
15988 2014
19421 20148
15524 20229
10796 8318
26475 4226
8846 2642
16053 19366
19130 25932
25804 13346
10787 9283
20301 22130
22222 11069
19448 26251
6204 26980
14487 20264
16599 14402
19710 16486
18462 19454
16464 15728
11259 6319
15180 26698
24803 13946
6091 9706
13485 25028
9671 14038
23883 4251
19352 14256
11327 974
9382 21501
15784 19028
6481 26069
13781 11898
14755 2978
10287 4618
20651 5364
7614 16064
15313 19066
5446 5645
27559 24380
10372 5177
23091 24457
19044 2715
16558 21742
7449 4466
24895 2598
25774 10272
8297 3510
19407 5182
8265 2372
7914 2855
14561 11878
14278 5763
17910 21237
27014 22635
5455 8405
25688 24800
15889 18057
17622 20304
5749 24835
10080 1183
6007 7092
8216 3651
10773 10050
19337 22169
22592 23910
10134 12035
12064 6244
25088 2953
20256 24713
22375 6320
9898 8903
19250 4685
11810 26321
15044 8820
22894 10395
13506 23943
19306 3161
8175 5356
7876 2329
10682 3681
17709 20291
26737 19034
14364 3613
15723 8263
8428 19183
22944 3733
15961 9976
21629 5466
14471 773
9343 108
16544 10399
27054 2141
8105 12942
14247 6349
15944 17036
11526 26466
21011 15058
9707 20836
20290 8085
17531 3629
18540 18357
14715 25645
16383 10844
22825 3722
22318 26209
19915 1818
16680 5634
17143 12131
16702 13163
15789 19617
10179 12371
15447 26457
15279 13361
16210 17523
11290 27405
19893 14772
6499 3553
6694 1012
17816 18763
6807 18056
23732 9493
8366 22503
10965 24806
23534 13903
12067 10620
6536 20487
27705 2996
19970 22134
20034 27443
11573 22028
15655 512
26079 14641
17183 20270
27358 20105
8722 26564
6442 16074
16638 10301
25865 14930
15085 15890
6831 24655
7923 8141
24062 18430
27350 12
11761 13514
15617 9471
25159 7280
12817 13655
13940 21620
22389 1596
7066 2324
23076 25616
10899 1757
23395 2400
9188 7986
13899 11578
17655 6480
8077 18228
15653 26772
25438 14201
6083 9314
23635 20862
22980 1931
8181 865
15255 23322
25077 13573
15627 22616
11848 24733
6335 14947
18795 27251
6379 2259
18949 22959
20710 22205
12005 20475
9784 4925
21820 25137
14450 21626
11340 6542
7259 13475
12430 25322
23225 19512
21571 24625
10702 12368
12860 22605
14281 18442
22403 5758
22358 4278
5920 10635
16626 14804
11852 18382
11466 8095
10209 2847
7398 11089
9846 14325
5876 13285
14788 15439
6065 21521
23109 18227
25368 14108
20224 10803
15029 196
25053 17802
25641 6880
9752 771
7007 8143
19072 8103
27760 10611
24156 1523
27055 22580
12202 6726
13793 11020
12917 17563
25245 9189
19727 5284
15628 3843
26852 25571
11250 1909
8617 14530
16770 22379
9555 1022
22226 17899
23713 20786
19753 12820
7666 13368
12717 12508
21221 11820
16255 20101
6048 18428
23398 18850
18533 14532
24174 22497
9826 12506
18272 562
21551 19796
16859 10550
27751 5493
5932 24669
11256 13122
21598 15505
23948 2192
8343 10267
10460 25188
14076 3295
11834 463
6235 5757
8203 12331
10145 11562
18600 13558
22803 19138
26349 3916
15742 14925
27515 16938
17000 3094
10137 9540
27394 24277
13120 2537
8879 5806
7581 1779
13275 22301
23294 11806
17726 25822
15081 190
17841 3607
7572 27212
24282 12451
7388 24958
10724 4563
14157 4152
24558 16077
22031 5876
17217 20245
6788 11046
8688 3789
18282 24716
9080 301
7868 27295
27519 8523
13303 16834
22613 6312
15239 1314
24927 8654
5732 4156
26501 16550
8605 11142
17867 492
21000 4394
22417 13778
7982 23808
25432 9955
18882 310
8602 24724
7297 18740
15154 4196
10149 27095
17742 26039
8818 19479
14683 9089
17519 23453
17933 11078
21861 22969
19112 9982
27251 21729
8538 5187
8334 22940
9187 7551
10546 2757
16356 1308
13614 11117
27169 6169
6767 23919
22306 14890
19918 14044
21056 19871
9195 2328
16337 20034
20255 26437
22711 9835
16021 8083
22063 2713
6995 26882
24266 22083
18474 9991
8162 13207
25062 2410
5798 24112
14189 11644
24090 2692
7664 17506
7149 12757
9738 12377
26273 19514
22844 24902
23475 7749
13343 20502
19614 10036
5535 21709
6866 16121
20541 14160
15002 26316
26456 22857
18621 18508
19201 24864
6346 13038
6630 26276
6487 8164
13613 7908
18867 20405
10523 18006
6322 931
11773 19033
9179 26838
9673 2082
5935 11358
26861 8537
13799 8266
15550 12929
21840 8802
10074 174
14491 27758
21006 26469
5609 3329
12790 14618
26657 1657
12184 4293
27027 11814
17365 12516
22179 2095
17863 7835
5485 7670
10102 25778
19045 10828
9297 21845
15581 23930
11211 16950
17868 8415
12298 11951
26993 14362
5924 27631
15123 2416
21917 26992
17118 22276
12154 12676
23308 15397
23587 23174
5892 22046
23442 12747
22451 6014
21910 11931
16760 20776
23731 27537
23548 7952
18176 23675
8288 8256
18654 10795
14951 4532
25754 5951
18980 24588
20405 6734
7129 3400
11525 23970
9494 24366
10551 26158
16869 23522
19644 22257
7894 19958
21237 13986
11416 7623
10177 16428
6152 10072
25667 25425
27048 2964
26395 23813
9388 24384
20735 21212
11260 345
20265 21746
26173 26444
8197 13177
27397 26943
7361 2174
6657 3884
10550 11348
12721 25744
26050 13937
21220 12394
22856 13365
6620 2317
15120 11632
21612 11867
6486 22986
5507 10799
7216 20581
24921 22807
22594 4511
8406 12793
6705 18412
13124 20181
13784 283
15523 20953
7940 1762
12374 20267
11691 14145
14237 25779
26474 27704
12632 19163
21289 11012
23886 9287
15129 15077
23742 21890
8719 9541
15887 8711
23694 9307
24125 19969
17661 10123
11840 8691
25741 4565
18249 16143
18771 8987
20117 21104
17116 1246
10995 14013
16913 10014
5991 16705
18655 24422
18657 3534
5885 9878
10859 23502
6491 7047
18857 26100
16125 3003
21476 16813
5689 19801
12434 21296
22828 19538
20612 14959
9146 23351
26520 1574
14614 27769
23962 16168
15325 25407
26965 17974
12656 4572
26264 5353
14952 4306
21626 3527
11188 2913
20933 18353
15991 3011
19637 26738
22692 14232
11644 15737
7746 21927
26060 1704
6264 22659
5691 9281
15506 11188
5805 10868
27159 4470
7332 18884
16449 16752
18994 816
20219 25833
12857 11041
21236 16918
25895 26177
7689 13662
5445 4177
12664 6160
19051 7630
22242 7326
15382 24590
17254 22474
5532 2654
25812 15253
8718 23717
5880 27513
26778 20920
10331 5439
20641 843
10784 10817
6443 23017
22072 16457
19095 12224
21386 9649
8066 20853
17288 27514
8409 15109
9490 12681
16198 5143
21082 4706
13006 25991
5503 1529
13316 12532
18774 1718
26217 8358
20617 13201
19890 2819
17108 497
8893 20848
23573 18901
11775 12709
21599 8520
27398 22944
7337 12737
21331 14306
21773 4530
12858 5459
15378 17812
22888 4969
17510 23979
14882 19353
18878 1241
11461 22778
20846 5295
22247 10206
8271 5010
24041 68
23622 7430
12845 24964
12988 24773
21582 14332
15136 14887
13796 4354
11124 24178
21490 8729
10354 10649
9498 9440
15297 1782
13349 612
18076 27476
6438 11506
12108 9069
25032 8596
16559 4916
26457 1956
5524 12870
16163 13904
6650 25163
6307 12353
13042 8640
13958 4974
17024 23036
9326 574
9593 16833
17525 16923
23349 17056
21372 12293
23476 6835
17997 1420
12133 12784
5815 24525
24802 19211
19379 24067
25321 9230
24292 26446
22026 16644
15710 22336
7459 5388
21287 18877
7964 18559
11181 12559
22511 1350
16782 25029
19708 6567
15109 25861
18871 24249
6394 13330
15999 2777
9331 27232
20482 6040
8346 22227
21328 22575
6967 575
5902 13833
15345 21714
27482 22638
18515 7834
13688 21178
17028 26117
21296 23246
19437 4353
26146 2292
14760 25093
7236 16214
22108 6260
20382 10610
7863 73
19289 11558
16531 24917
18849 18216
27365 22607
23903 4115
15411 24065
14195 3344
17924 7271
21657 10151
11711 23336
16921 14110
6974 18671
8861 15912
22795 4806
20956 21395
25035 11812
19994 14172
14011 5820
20233 19959
13864 9830
7405 4807
9701 2195
20262 19156
14047 110
19510 16020
6821 14135
6806 21281
6441 21602
15962 24206
10435 12486
10146 25517
11688 7654
17382 22836
13527 12278
21383 19844
26731 26311
8169 15152
12492 24326
22180 4531
21633 7997
10464 10642
7896 25741
12508 12941
22413 21781
16469 19515
8015 18462
22161 16242
21911 12679
11460 21594
25096 18432
21750 14462
13240 3827
11571 27642
7865 398
6387 22599
14573 16054
10574 1579
19138 19160
7151 24009
9436 432
15690 20298
21644 2681
9415 11750
10281 3198
16461 19635
6560 2118
17012 23987
8342 315
16958 21246
23925 11615
21937 6194
14931 13414
8074 26489
22654 24637
16031 13203
17592 5798
8113 25959
21195 27090
9049 540
10659 9907
5687 18513
20865 13200
10808 15861
10744 13733
22988 6112
22131 16497
26466 8207
9956 21339
13389 26322
24782 11427
27058 9032
22221 20551
17711 9070
9557 11360
7370 20457
9716 4368
14582 21641
24963 22494
15704 21772
11156 23273
15377 2991
15640 11349
15201 23998
18252 1191
9899 27528
10555 20605
22030 21239
5444 10986
18945 6722
6703 19383
7010 14196
15896 3678
19066 7971
22066 9772
5807 9506
19188 9587
6863 17163
22964 16936
12084 10472
22434 12862
8609 5967
22666 13156
26622 1268
23544 8588
12264 7762
8573 11765
12665 7879
6926 8779
8585 8102
12674 1891
10726 27592
25776 15831
14516 23575
10070 8951
13158 27496
23022 2028
6764 18085
5829 8604
21858 17027
22455 1313
26644 848
14984 16030
22230 3533
18597 15169
8475 17637
8073 12108
24801 14285
17197 5162
24651 27762
17944 7532
22765 8914
11609 13004
27243 7949
26019 9994
11083 22738
5695 6621
16200 25054
27128 25611
17808 14269
7158 4624
9427 23698
27576 13892
16361 1739
9504 15374
9200 14275
6134 5897
26250 21141
11540 19204
11518 20807
19435 2406
6141 4230
26224 17404
12322 17135
11314 19067
12029 19615
17307 7717
27450 17392
24162 4286
5721 12576
20481 12634
21775 1432
21284 24140
27109 24197
14261 27131
16634 9192
22997 10202
22048 3717
25548 3926
9993 11227
20660 17396
15699 4959
24603 10016
6310 27667
5554 21908
26017 18953
18281 4277
26995 234
8588 24630
10381 17326
6808 1780
16220 8293
24619 5150
27536 23227
7954 20306
21943 19632
16750 18049
8765 6021
12976 10370
22194 11132
7909 10430
20474 24181
12545 8022
7041 11354
27721 7742
6314 19137
20873 4433
26123 9698
20035 27326
23642 6113
18915 1958
9360 16067
21716 12909
7855 13783
14449 7694
16853 15791
22789 5939
5733 22289
7547 11483
6478 20747
6433 18483
17344 832
19729 17963
5526 24373
20914 17034
13948 13712
8660 10436
6446 19134
21293 22549
6729 4930
15808 9641
11085 23548
5452 9576
12495 7955
7840 5591
13243 16877
16154 6242
26231 741
19595 16394
7146 11904
26668 16160
23407 1794
7422 13709
25155 893
22923 18411
24139 1822
12408 26893
20845 9445
15023 22678
17926 8037
15135 9944
6053 10535
16460 7960
19748 8945
19858 16040
10563 27492
6493 3067
21408 8046
15588 12953
16009 19052
17061 14073
13628 13711
12034 18830
7837 21766
6033 7179
19719 1149
26462 19787
12062 25875
8611 4962
11785 27584
22763 10142
9300 7368
26628 26452
14639 17412
8712 20639
20222 12422
8942 4418
19446 12898
25596 1266
5517 16032
12813 18719
20220 3955
13547 8072
22839 384
17172 19729
13226 3679
27724 16928
9492 4202
13108 21021
23007 12594
13115 6801
19059 17646
23431 15240
17602 12005
10709 24121
6297 25695
9280 6043
10292 19267
20747 1290
27356 14071
6126 7431
7879 12432
6482 14303
14828 24378
11710 3605
8247 4079
23960 5874
18460 8609
22134 12856
22265 22793
18129 2957
24126 12515
6432 13817
23245 3542
20006 25552
20000 6394
19427 5313
17123 3501
25072 3875
18305 16765
13860 7364
25719 8937
17600 1917
18704 20001
18971 104
18572 17892
18859 25227
5469 20169
12458 26372
14185 18011
21163 7594
7349 21017
15176 5480
13706 27152
18439 5489
8161 18282
20425 8949
8328 4832
16962 7459
8993 14091
11155 1176
16100 2209
17215 17377
23246 26795
6381 3035
22633 20856
27273 9629
10848 26327
15579 18807
6505 10819
21131 9399
23024 9213
17923 16222
21741 10681
17481 16527
22675 22234
8597 22175
11105 3578
10928 24992
27592 8395
11809 3413
26867 17304
13870 17674
12925 2313
11832 17515
19701 3869
23725 12292
13051 14918
26663 11933
13084 6687
27627 13845
12405 10376
12669 24638
14825 26099
22046 15895
11245 6622
27684 22594
7468 14900
13418 3662
21112 22804
23270 19587
20359 7178
10940 20366
27577 11176
6268 26364
27448 12438
23283 2514
6641 1893
14809 17111
17452 20940
12057 8804
5956 19320
7208 23786
10283 22482
12842 22617
17557 16694
9418 10318
14875 19420
23173 11510
25980 11356
21486 2177
25784 16880
23123 14828
7716 17430
10601 19533
10387 10944
8873 4134
12436 15565
12311 17993
7076 20378
11942 22217
5498 25999
26081 17664
20324 10468
18179 24722
13795 14346
20397 18206
14170 25711
22038 19192
24068 25968
23916 24954
14232 9492
15277 3360
7329 16276
11342 22147
25177 23308
7679 8499
12230 11476
15017 3997
5419 8073
24218 2224
10211 9628
27497 6653
6474 25231
7871 1017
16992 10995
19258 16898
23481 7482
8595 14795
24473 24131
14463 24841
10999 24950
12018 1800
15007 4252
20748 7897
17500 21928
10595 6362
20058 7745
18685 12217
24700 25666
16506 26206
20321 5052
25524 20428
24308 5908
22015 19457
6735 17897
16091 6443
22784 12966
21522 9668
22467 809
6693 6035
16221 7357
12010 22547
17027 17418
6826 9063
24166 20290
6714 24354
24177 13825
14286 16969
26548 17365
20127 26861
26192 14710
11420 16172
8766 11350
9010 19196
10984 27206
5652 27089
8080 27341
10913 14124
5500 20434
17528 13357
22942 5414
8017 8525
24820 3302
17103 10353
24204 13693
19020 21330
8848 20646
18931 5755
10785 10198
7397 20875
22946 25586
5504 6677
12096 26640
5931 15070
19728 21435
6466 9264
27254 27262
25537 24490
16320 16315
26606 9529
13717 3110
5966 18842
14829 7203
18413 23074
18151 14171
14437 8308
22812 11283
14946 16339
13148 11501
8690 4025
14381 19152
19889 8248
25195 2958
24070 3642
15072 27386
16677 19710
11646 7913
16807 20702
13106 19777
10611 7053
16862 25686
12196 16592
9169 16686
16511 12351
22940 1751
21364 5358
14277 23530
8814 24617
6337 4464
24823 6571
10684 20710
20719 2771
18359 14343
10790 21525
25329 2838
10542 15980
10136 22684
22883 7711
18438 10243
8794 20007
11385 9405
11311 18839
19274 23788
6812 19784
8583 23363
13211 20753
26135 25412
6338 4373
18663 11040
8149 20031
15417 10987
12646 22506
26070 3378
11997 7604
11456 13747
21264 1583
20153 15442
12989 7696
5867 19709
11473 9290
26969 13295
22304 9362
20072 25825
6947 24671
6238 21469
18040 14944
7207 18379
15510 21355
20171 24931
27259 26944
21577 25652
11920 16793
15273 20885
8604 7148
14274 25002
25316 5374
6168 15803
27703 3248
27080 20327
15865 4207
15395 16281
27728 20478
7571 18478
11410 20958
6187 13245
15540 16034
9426 26485
6464 5684
14409 2162
16982 16827
10718 6250
17941 15435
6476 18616
15664 12426
19340 22926
8487 10787
17311 18859
5493 26649
14797 24194
26602 12606
25388 15076
7403 22641
19499 8307
24906 12149
26812 14695
15359 22236
26008 15300
24356 11566
24268 20996
24230 7319
24000 1889
20549 1054
27638 17291
17529 25669
21723 20659
25113 19767
14903 18463
8499 13241
18773 10746
14904 374
20813 24075
6561 25238
23486 8631
6497 5717
20789 13956
10683 4938
26350 25918
27720 19726
6715 5491
15863 8178
26962 11760
11738 5655
24485 14370
14399 16742
23347 16171
6080 11699
22751 3264
19165 13926
20711 9790
14244 16772
12055 27508
9831 5893
11421 9844
20718 27375
24670 27525
16002 4965
26973 3802
26814 7200
21015 11387
9288 4868
8600 26981
17694 15061
6094 12064
14036 13112
15856 11907
13964 25463
8936 5768
9648 26664
12543 21578
12663 21671
17413 23968
14200 15094
21609 26486
7562 9675
12855 26192
27767 21245
25323 23629
14591 568
22465 1713
8305 25116
8798 14106
6073 20485
7541 2343
6526 14022
27695 15385
14160 19549
18948 16768
14603 680
22438 27583
7126 7470
15841 2525
15931 13896
21821 18272
11451 17191
21057 6811
7441 7893
6857 12900
8243 4554
8466 7622
18707 1495
7442 21830
15926 1859
10079 4809
7350 16953
10737 9567
20323 27449
19801 5848
12684 6551
17091 23001
26132 2013
17265 5616
6556 25003
16306 8219
20925 12719
16113 27300
19556 17064
20900 2820
9184 19575
21263 3184
11074 25894
26774 20644
14700 18376
8299 25886
14321 19046
16569 26518
16647 24627
12788 8493
10151 6545
21730 20654
8453 9377
16507 20746
16468 6512
24443 3993
15755 17440
13390 12245
22320 12477
7142 6482
18826 6375
11952 8403
25827 14265
17056 4830
10284 14017
27534 1836
15620 17906
6503 21562
27417 7493
12414 6464
20469 14632
19004 26650
20489 2274
17699 5709
14552 25133
20213 6870
13359 23940
23155 22452
14553 17863
18823 16778
10703 17681
18307 14727
21680 24507
25104 507
8443 13741
27510 2171
18628 4886
9041 12984
7723 21936
21399 17234
14589 696
11633 8387
9829 3427
21374 10397
19712 16540
6395 26009
20927 1333
14983 1033
22044 19596
11485 16889
17244 0
27144 11784
5792 3743
25968 1666
25259 27767
25522 12462
9174 3562
25207 2662
13277 20677
26743 19004
27424 9299
13168 1060
11288 19576
10559 9754
25063 20758
21102 22090
6776 19911
16967 11365
15009 8660
10198 20528
23878 15750
22452 10312
25284 17139
12973 948
18001 2032
5605 14650
6700 24905
11257 20238
17207 22240
11350 7734
6044 25546
15235 20888
6420 11939
20683 15287
11411 3604
14756 13334
11242 22852
15086 2312
8479 24368
9442 12115
19977 12285
22895 18718
5449 15204
15170 2037
5448 23509
6510 1542
14201 14007
12751 15184
21509 4242
26569 25826
17341 5933
12688 4772
5398 1343
14165 7882
22277 24480
8697 17273
26924 2017
26964 19633
17501 11339
26244 5036
9596 525
22255 4981
22879 8805
23068 8408
5432 16166
21728 7813
13207 17782
13126 20896
8348 13689
11285 18220
10262 24866
24227 19104
12145 23947
21602 21568
9399 23620
19956 12159
5927 8447
16938 24154
8767 15590
16849 4732
5479 22195
13687 6911
14478 21719
15533 13190
12412 24397
23806 13534
20816 25610
15642 10521
20103 21673
6698 18401
18499 15429
18630 8710
24057 26197
25135 11792
9769 11260
25777 518
27418 25863
9421 20318
7904 2214
20912 10896
15763 4424
27143 2321
20037 24527
22078 6177
21699 15143
21622 27197
12059 17971
7555 7155
5819 10969
13473 8934
20081 3383
9503 24605
22484 9094
22489 1219
21493 10672
9411 8647
20942 5316
19686 9060
22200 19364
27105 9538
20419 22751
17897 23590
19026 11512
18866 21230
26447 13571
19947 25218
7188 23111
25773 11633
21977 13766
14323 9734
16088 7149
18455 9051
7917 23787
12581 7989
10719 18602
18468 17574
8082 2731
9998 18888
15037 10450
17765 12169
9863 7371
20086 19248
12454 13484
13982 1222
16158 25010
16420 4004
23356 25593
24394 17198
11855 8471
19888 15787
18020 23991
15390 9988
6319 27302
20253 4659
26272 17542
27470 4564
20686 15866
5530 5978
16249 8234
18727 25696
22154 947
14885 13898
23818 22920
24547 1823
18788 26183
7564 2388
7261 1271
5951 23796
23723 10385
17789 14249
12287 17826
7568 22513
14015 10049
9011 16760
7573 8906
12755 4173
21453 19790
13790 20680
15302 14659
6247 7130
27443 6293
6225 21242
25136 12230
25880 27037
8582 1774
13273 23797
22733 21285
8345 14065
18074 11039
12284 21913
12361 10903
25055 15824
22263 13300
14732 15642
7638 12663
11292 24216
16133 4258
13909 20295
12872 5720
23198 13975
6333 25762
7715 6547
5489 2963
12713 8262
10567 10802
13007 26801
17334 25973
23428 26599
22626 26034
23511 11694
18047 7713
7820 24258
19988 21866
18278 1337
14662 25953
23892 24238
18908 8847
7588 12158
26631 5854
21837 19145
14056 3323
9941 1918
11966 6467
14408 2796
12465 13789
8796 16126
16156 7307
12600 5625
13380 8149
18842 2625
21795 16500
16637 22626
10205 8221
6958 4117
17909 19558
7670 4046
19585 19770
23015 1868
24516 26717
20352 23729
15124 22136
8150 20048
8985 4041
26191 929
23864 18883
19383 6012
10015 2980
12046 18975
20890 26731
15560 10021
6575 19886
23589 14989
22707 23778
7724 11552
6682 11541
14507 16156
17280 6356
14479 11108
8773 26707
8207 24152
5515 22947
21939 22592
19351 17022
15187 14937
7189 1161
12305 9344
9072 17948
25581 7540
8571 4317
24092 10549
14094 12414
19754 15869
16227 26199
11125 11969
20104 16227
19591 10455
20473 21358
10058 1912
26692 3027
7866 8867
13095 24651
23647 21283
8106 19780
9583 13883
15212 4486
7869 3703
8391 20648
23080 14338
10405 27745
11379 22551
17458 979
7391 20373
21485 4064
21106 6352
8009 7478
16792 22805
12445 6775
26316 25096
22560 6914
15000 8310
20434 22073
18921 15311
14423 951
6942 17464
11246 10111
14245 11439
19508 14168
19735 6428
17822 4933
8330 17537
14194 18768
6865 7408
11783 5754
8389 16473
26822 15089
13984 1621
13330 7065
21213 24190
15939 4280
25625 22006
8110 26119
21230 19670
27149 21705
13182 22967
7662 3045
6635 22619
21223 6275
11570 13521
12864 23076
7004 11100
18424 5796
13078 27650
25866 2974
21656 18243
12229 11917
23451 21353
16006 19313
25357 7350
19012 12917
17246 6468
25854 12714
10437 16606
23667 22382
20215 22886
19948 2604
8201 7607
13835 24401
6331 16684
9864 19187
14845 22228
24913 3633
6732 26374
17571 27359
12420 7922
15118 10106
23542 6963
7357 1243
22310 23851
8344 23281
18306 15841
14716 12831
13580 6582
23631 23128
17907 12093
7256 3773
15280 20606
15676 12553
13563 9518
17058 16246
21685 19444
12584 1182
9787 22524
15188 25615
12099 4088
9875 25913
22614 3268
14803 7101
13600 13360
24440 11547
14088 17934
18568 19807
22961 6026
23205 16677
16357 6936
7532 18772
11127 3458
12781 12132
12275 15330
17022 4744
12282 18780
19759 1431
9267 10935
13583 9688
11815 17461
14827 8066
6374 6454
12081 23804
5923 26107
23364 8598
6050 23815
18003 27349
24182 15386
8567 10520
25823 2098
11341 27364
10761 23700
8713 18369
7559 11736
16890 9559
10609 8453
10554 18502
12109 22339
15639 14080
21205 24748
27387 20854
13501 4259
25920 16882
14114 2024
18580 12533
20948 24461
8691 9233
18904 16946
16429 14544
19541 21824
5529 23302
17367 12897
17925 14143
7369 6888
13324 22567
15922 16363
21824 7175
10342 19127
12249 23890
17689 24301
20487 20585
12728 6580
27478 5950
8707 24471
6393 18278
15220 2724
9400 17455
14548 14953
7438 26835
9114 1969
9361 20117
22766 18862
6469 19523
13536 19898
25947 10704
6704 27254
15032 16722
18072 15218
11321 27356
16140 35
18130 19889
16207 27402
13602 25854
17180 8829
26928 2234
13151 25388
6223 21842
13178 25235
16436 1234
8618 25020
6542 5771
7254 14009
20334 22965
24570 12254
20114 22078
21986 24286
5831 12643
25304 6355
27626 22159
22918 14528
14347 19919
5808 10886
11322 27043
27206 19534
21899 9773
26155 15506
16713 8938
26589 3821
12498 12449
27022 7433
27215 3229
17826 23504
25390 10916
16657 20206
9373 15913
14744 13315
25618 6227
9566 22349
20913 5477
18658 13323
26923 7098
5635 20347
22241 16075
7652 5857
12596 17445
22935 19948
15634 12501
19093 20926
13088 5249
17850 18805
18195 9761
15307 24409
10369 10785
23047 13432
15828 342
21642 18210
16789 5673
14231 25076
14443 10948
10201 17809
18315 22757
10370 4319
27456 23722
22116 15361
13195 25203
16301 15788
21623 26325
27147 17731
22183 24158
24564 15614
6687 9396
5570 22280
24769 1067
19311 24897
10596 2079
6327 25068
9150 7259
22847 21849
9558 14246
27662 20604
24113 9726
16510 8439
6061 3002
27033 2421
12452 2112
16827 24635
21201 25929
26880 24608
9307 5110
15271 11486
10384 15145
8112 20208
16457 24146
10425 17382
25669 999
27375 21341
12753 15832
27153 7689
24486 22188
20306 13410
6397 22872
24538 19773
10541 7792
26289 19987
20539 1632
20229 10851
7560 10727
9589 18664
12130 18993
26567 2666
26953 6961
9672 12975
19880 25713
27284 22317
22881 23849
6336 23967
16547 19029
25988 19742
8094 7565
15008 3231
8294 19975
10147 975
19458 11589
21153 26256
23377 17126
22831 16593
6695 12989
8155 74
15786 19568
18693 21538
13842 4854
12680 5664
22871 21257
24020 8541
13665 8433
14031 13157
20111 18419
15090 9383
12562 18338
6627 19542
9887 6581
21003 51
18113 9475
24180 18124
20470 24299
15186 20611
20254 5837
6688 295
21463 8566
23923 21736
10614 19051
26378 14418
9760 20536
10152 18778
18103 4007
14124 7514
13321 23124
13127 5688
17427 5114
8607 1472
14826 19006
11094 4094
20792 20503
20952 16839
20060 20791
14957 8377
23717 25773
15835 17987
11468 873
25891 13404
7430 4610
17745 21301
14580 1027
22339 17557
7711 4540
6144 18973
22477 10968
18355 3392
9643 20023
10852 5091
12659 16112
6324 11652
27308 16610
9973 3504
9796 8776
26227 22555
26712 1884
12897 22721
25753 2445
14033 26178
23817 6522
11774 27320
7702 23109
14022 9918
27628 2493
17940 13398
13044 5850
27648 16547
22149 10880
7419 6156
25065 27281
23459 11965
9900 21373
17447 9007
23101 27716
24574 7153
15613 14897
15199 24839
6372 3992
21615 8091
21417 9643
27557 3689
25310 22412
6485 8817
27465 10051
17138 1724
14896 2659
19983 19997
12491 25061
11072 23278
26577 10263
18897 9274
24065 9207
7721 6492
18938 219
21333 23335
27585 23545
17119 13621
19853 16116
18652 25679
26678 6970
19419 19430
19169 3364
26278 15748
11028 17103
8810 22460
6648 2579
12841 25400
20685 6917
11757 13897
10404 20348
25969 4942
6766 449
7739 3787
12356 22942
23494 3136
17186 26220
9590 10584
9860 3661
8145 6736
6924 11240
9755 22972
11037 20011
17446 5985
9731 27493
15862 16794
15703 14278
7864 13219
25926 2284
20906 23655
5816 1466
22909 11071
22206 17097
10171 25783
15564 9459
15512 19934
13155 1903
12090 17328
15421 5770
24724 17780
27008 20300
6054 27529
13062 7462
24972 7688
20360 25437
18189 2066
22893 26478
6076 21443
12225 12265
27163 11088
11432 1099
15776 22074
27035 22294
5817 9404
13201 10296
6468 13127
7957 19778
11146 1699
22535 5224
24930 8758
7985 22309
18838 9487
22779 24428
26477 24412
5453 4727
21478 1247
17758 15521
13959 23479
7617 2160
16649 5956
9942 1233
6927 20301
5491 19936
9640 27170
11886 20927
12407 19816
25881 2392
22153 24329
27223 23647
23595 21480
12260 20603
10735 14517
9540 7868
20896 16904
16385 5730
23383 18574
23041 674
27603 11763
21294 13872
5400 19045
9742 6186
22504 25884
21885 23739
9978 20703
5965 7128
6226 26528
21595 19090
20835 13379
20245 27668
27180 23014
10936 17489
19279 19552
9552 16716
21398 27360
20486 1727
22898 23205
25140 20895
21178 25895
9737 9473
9982 762
6272 26545
17092 25011
25808 26984
5427 9182
24414 21834
15130 23244
26855 1510
20600 21754
21037 25341
6941 3566
16825 15684
5904 12880
13369 12782
17094 4521
5541 25574
26785 6937
20869 27611
23211 710
6031 2946
15724 1109
8628 25372
16722 6183
8890 2539
22081 25766
18612 4325
5456 14657
16483 22515
27385 26109
6439 12496
26154 11299
24239 20465
19298 8139
21369 11771
10466 26613
24357 9635
14757 678
12610 4377
16440 4223
7708 2230
13299 6921
27567 18927
14294 8161
20909 24636
12503 10217
12920 16781
22662 12157
15543 1239
11328 1820
10994 7389
8973 6521
16465 22818
24860 17012
25829 22579
7381 27022
19487 13609
13357 13450
25402 19695
5552 16695
15936 2052
7956 3150
10856 1103
24971 24418
11095 18710
11673 7241
18827 23616
9160 3309
26705 112
16944 17861
10604 26973
10835 22036
20353 14638
9335 14037
14787 21064
27094 23982
20729 27195
9668 23235
7888 3571
7561 10266
14564 5063
24632 21391
19590 1590
20416 10112
13976 24723
20531 23144
22248 2596
10806 2602
16636 9868
14362 5403
25603 1474
14898 15132
21978 11054
14339 15819
17767 698
8964 5943
27197 5814
22782 20809
19338 2945
16687 21441
11814 15688
21520 24056
19927 10185
16661 181
17154 8655
22050 26932
12299 23934
8315 16103
24107 25981
15686 16345
26915 15237
16102 6023
21143 3709
19520 22683
14741 9860
18347 17926
18506 48
6691 4121
27517 7014
26243 13597
17490 5393
26703 12453
25689 10226
13004 15591
19065 19827
17133 24899
24130 3517
16008 5663
24181 16632
9740 2961
17139 13328
12092 13682
15766 9644
12716 12672
5796 14286
5415 16371
13281 21986
12061 21248
6587 9331
6129 26688
17920 25374
16584 12127
23499 26968
17507 9530
23027 17238
26053 24331
24438 9012
6498 27070
24097 14141
10692 11382
21725 2138
18790 4819
27461 3595
11912 15666
12297 10067
15466 13624
25018 6827
17228 25215
26342 10659
20973 8292
14349 750
16395 19735
15244 6000
6718 7229
16116 22469
22133 1179
25261 4871
12487 4589
25584 3506
24503 3448
7961 1580
13094 15462
16352 8204
25479 27263
22512 11658
9337 16004
22917 9412
10139 25127
21705 1517
17743 26278
8904 5511
18936 6192
12156 26912
10889 23976
16609 11325
16458 14987
24410 23242
15472 9301
11057 12386
23580 27024
14077 1252
369 12411
9505 17201
25727 1345
21597 20484
9353 13069
19303 9657
15383 26803
18289 705
8578 12155
16282 3956
25570 2097
24662 3418
17938 26876
9486 9779
17036 26623
8885 25420
23907 15712
23555 24071
26553 13908
18582 13792
19280 24356
6341 247
7006 9457
15245 24914
20479 8233
7839 2178
6969 8549
15399 21887
15824 12275
17760 15289
17258 15520
11344 1894
7783 17469
15975 4219
9440 7154
15003 10448
21652 15668
26835 25450
17379 1518
11206 11022
12019 23973
14769 15848
24513 16282
16178 1714
16005 4149
18216 10224
10597 25866
27192 11083
18608 21557
20061 5671
6711 1679
24899 23163
7671 18759
14371 18639
8227 1635
19844 22142
10620 22971
27630 5672
11627 18715
11556 19268
5551 7990
27660 4311
11597 3834
8520 13596
20031 11134
21465 16352
23952 20357
15272 13982
18234 22120
12006 5651
20073 27401
27594 6769
21554 14736
7127 21447
16470 21829
13511 17599
21526 16028
9110 9687
27019 17324
11006 19390
27367 3935
7537 20172
27411 10336
17879 25451
25150 12701
20830 8317
15317 22737
9807 498
8596 10124
5391 6064
15976 7157
7445 22141
15621 4337
8662 11778
14003 7405
7138 6891
9588 7191
12484 17250
22135 17634
13407 11696
20472 10837
14510 8695
10227 1515
11720 23427
19910 21259
22753 25339
16266 18014
21390 8963
13642 24966
26935 11463
7437 11185
5411 16604
16902 21354
14482 16914
13156 18326
9368 13698
23460 7886
25903 6519
17782 14814
15076 19239
22541 17570
26930 15293
27404 20415
13112 25971
8720 21916
18045 21191
25892 20984
12959 10669
16477 6809
12725 14605
22589 18796
18089 21465
21848 26938
15425 14216
11675 15137
15361 13831
11249 21825
13549 17475
22798 20762
26461 3171
25887 11050
20887 5802
15311 12591
9865 24972
16015 2466
18518 27455
19981 23902
23179 26622
22807 7900
19521 26587
10252 22292
22525 7961
8158 22880
10599 1843
6701 6897
11449 8714
25395 579
17492 10674
16083 26046
8016 19121
14411 7375
14474 23148
5809 11775
18088 20040
26082 6864
15092 9292
11254 21598
13690 26581
9696 4633
8387 15900
8072 7001
15602 7320
19849 2006
16467 22970
10725 11897
8098 16696
14481 21823
19805 26304
24234 11115
25686 485
26049 14223
5980 7747
16676 11884
12805 9490
26018 22631
26621 14845
10878 14805
12932 5550
25542 21768
18769 7112
27068 14161
12964 19751
7872 17852
19922 5525
15974 19228
15210 7286
19345 2594
14678 14965
6944 19417
19453 3447
9069 7748
7688 26198
12119 27218
8616 18865
20093 4103
22911 10392
14945 3314
7991 18296
7860 11756
6518 10227
6907 2065
7867 23508
21156 19318
8546 3265
8482 18803
10767 15273
14538 21176
23872 2205
6222 1849
23010 12521
23581 25678
20234 26202
19155 24632
8246 2655
10710 20388
13378 26498
7275 17496
22836 17378
14719 8514
17881 10810
13668 13659
7451 24727
14494 7333
25711 9923
11066 2323
6191 23122
19356 16132
20437 26319
9757 16818
11621 21481
19639 13701
21965 10138
27053 25550
9820 4076
26772 4327
6800 6676
21206 21338
14643 7772
5620 382
13576 11493
21866 3932
5694 23241
7663 14602
21637 16993
19182 3611
7285 3353
13515 1356
22094 14802
26394 6262
17151 8806
13912 14323
25762 8474
14526 10536
16916 20210
13203 20352
6739 13681
22428 2538
26734 10500
15891 26024
23964 548
6183 24583
24202 21796
6455 17222
15141 658
20674 26318
6360 11324
16194 23062
8228 7786
19877 26015
16272 18152
21477 5330
15894 21489
23552 11485
23822 1174
22948 23537
6473 13290
6281 11410
22791 19393
22372 13307
12004 17177
27690 433
10386 3080
9663 205
19543 13149
12605 6255
5692 9055
6568 17611
7262 14113
7293 8972
13308 18808
23594 21233
12915 18924
22588 24370
24683 25786
8167 5436
12974 1111
22506 581
13713 9604
19959 11140
18227 15277
17546 1708
9884 4450
25521 19465
14668 6871
19886 5278
20842 22798
26656 8062
27256 23087
16538 15542
19403 17098
17483 9794
21621 23370
18927 17341
19281 6224
6979 16047
19603 14292
17315 21638
15683 1331
24863 1795
23147 11903
20112 5350
24036 7107
19083 24891
22781 12814
23675 12049
7530 18704
8979 8551
23954 25993
10465 8409
6058 16659
5988 13523
23868 7810
21228 922
22362 21463
10522 3355
6171 3965
5960 23460
18610 27001
10760 808
10846 7455
24290 23835
7953 215
24917 19903
7730 10299
24743 13853
23959 10210
15070 2738
27508 26297
16407 12861
12787 17979
22551 2742
26083 15915
6769 17996
8803 18525
11192 1374
12986 23175
27472 14869
5430 22774
21192 22093
6506 20448
25907 9085
18110 13425
6150 17425
15250 7509
14096 5804
14093 24751
14520 22095
6006 16198
23384 14318
23138 12328
5442 13707
7036 10691
11811 9806
23735 6974
24045 25149
17783 17665
12077 14683
27114 22813
16881 21679
5971 11554
23721 12799
9613 17218
5884 19117
5616 14793
23838 14302
17076 10762
14619 2593
6075 10221
8833 17707
13543 567
26650 7975
20757 18342
13611 2291
10085 18426
19514 1941
7042 7355
22557 583
14228 16511
13175 13754
12365 17858
17089 139
10471 9950
20019 7776
22091 23462
8674 20778
9424 17274
13432 16588
17936 15426
11363 20491
19131 25581
11241 18845
13669 19406
21758 5450
9271 8246
11435 25009
12224 26398
21336 5029
12020 11788
16968 2188
20874 9783
15665 10377
5864 9527
8114 8401
6716 2125
11113 24850
12438 22687
5461 3
16147 9134
23305 18178
9182 22815
14264 10076
10188 18797
16062 20442
21351 3588
12195 13602
26179 12705
14145 18919
6178 9477
15025 8632
9689 17322
23565 20184
9783 12640
25033 18112
26682 7518
22284 4528
15252 4147
5450 10490
8444 5210
19415 24147
12089 18138
26764 15222
8774 26985
27004 3864
16160 21020
20911 26806
10545 22298
27598 11966
5916 14516
7443 18812
24217 6779
18888 25922
21482 22979
21114 8286
20144 15489
14108 12172
12310 22999
25583 26783
10436 25452
9852 14640
5559 7194
24136 11480
15394 19086
27380 1595
6965 9125
18951 10209
17757 11219
10636 12597
7696 20968
18050 21756
9042 8399
12012 7090
23536 6612
20853 21011
21816 23622
6330 25851
17713 17512
21686 9771
23199 17914
5533 2613
6240 3522
25594 21095
9278 8734
26997 636
5597 6378
26911 22786
25369 19840
22090 6164
13969 20987
11574 3877
21270 19829
14351 8156
20554 13384
9592 11056
14357 11574
14664 1627
19655 4906
25965 22250
15416 10874
11630 172
21844 22937
7647 11166
19434 11912
27573 24375
25615 5851
12321 16389
17038 1807
16242 6267
5614 25247
14974 3456
26472 13961
11297 214
6229 21274
20540 5987
24074 10976
6978 24890
25632 1703
23098 11734
19760 17936
9799 21918
22640 8024
5499 9721
7845 18546
7338 13358
23518 26236
8193 4847
16593 18271
12446 5504
7457 18324
19598 25498
20868 868
14186 26188
20841 3705
17527 26126
14666 11637
27673 20619
18217 8515
17825 18856
6730 16409
16060 9894
8983 15074
27331 24742
26859 4192
20260 18339
12102 10327
19996 24708
15027 3169
18662 11096
10728 22667
27749 18424
18193 1948
15175 11847
13229 11470
23154 19202
15682 3696
25091 21275
23037 23283
6856 3491
5604 9111
20962 660
15351 5999
12796 1283
8087 23852
8177 24063
25534 3146
11279 15957
8429 9259
23124 10068
19119 25672
7735 22843
8457 10683
16126 250
14523 5744
21995 17353
13376 17127
20459 8545
9747 23983
27122 27116
5992 22674
14924 23678
8763 26139
11616 1059
27155 13401
14850 18799
9322 2374
6217 1128
9881 13740
9981 8174
6366 16445
21424 981
22792 9391
5502 21013
19228 13340
18872 20725
11508 15272
8311 4349
16901 22578
17432 13048
13041 3100
6980 5088
11831 2272
25349 27439
9667 17125
26536 23110
6829 20724
6545 26591
23119 10278
22170 27562
7665 4146
22246 12098
24221 3164
20771 7361
25286 14954
26854 14892
13659 16200
21825 18782
9675 2661
23692 8369
21234 20993
18541 13080
27743 6554
7038 5997
6496 15919
19684 8944
20588 14250
10847 16048
6677 16355
16424 3818
8994 5047
10264 4678
14923 26301
17046 650
8907 21473
10865 5340
27083 12724
25910 8115
15231 13424
9008 17282
24105 23781
8280 11234
19847 19805
7898 23623
14554 6266
21934 24685
16466 14656
10024 5474
8467 17075
17034 26264
6084 16183
9362 6247
18473 21798
17035 22915
22300 18352
5889 7664
12801 13569
15919 26021
20356 11291
7620 1786
5748 4749
13461 18789
25623 13386
18230 14752
21679 15490
19433 22930
15335 17289
10691 20620
23372 21584
15544 17889
8154 1083
10461 18519
17150 23396
26562 4391
9082 4221
10034 20510
13066 13280
5459 13469
17408 270
24986 9885
12135 21410
7984 5472
25604 17385
11168 7291
22968 16753
19901 27331
18972 13680
19084 15468
15648 474
6547 917
18115 8998
6625 3669
7748 20670
17664 13563
7396 22702
8353 25007
23454 22110
13136 22316
26841 5882
19586 21362
16590 18181
7885 18971
6472 5571
13307 25812
27732 26626
5638 19492
21672 3808
15470 27141
16589 24022
23597 2795
7558 20820
13727 14102
24934 12427
23844 16348
6528 13919
11359 15821
12574 460
11004 20240
6731 7633
5699 4658
15046 15304
10519 5667
18517 26946
12281 24156
11595 3058
15478 3007
7106 24720
26542 11634
10333 9
16280 20227
27313 2794
8575 3145
22123 18060
10758 13632
8854 21854
17140 21305
19452 22152
23125 10527
25335 24878
26988 5320
19512 26181
8414 8810
6823 8469
6435 23100
11917 4738
16202 5400
12585 3305
6188 27013
17804 25949
12613 4739
20753 27512
23859 8718
19480 12752
20966 10037
16196 19532
24527 647
6964 10630
8241 20829
19272 3286
15556 24049
13951 11936
14781 18375
10288 22330
26355 14490
21356 26090
8410 19530
22740 11316
22703 24595
20764 18153
22010 21188
23267 26343
6763 416
23820 19779
12300 16657
27591 14416
16877 7349
23680 26824
11865 24405
19192 2402
9840 18903
5826 27710
26304 2251
17681 1741
5462 26246
14600 26075
21790 9158
8488 14094
21650 3313
22096 755
24397 4617
13387 19642
21763 15297
18692 18100
16830 1307
13434 15555
5786 22905
5851 23440
18458 3222
13192 3368
20657 17230
26936 25554
17121 12352
6064 7111
19349 340
19256 10149
11798 19979
10810 20190
10713 23703
7675 25110
24106 25603
6451 21319
17166 3767
24893 5830
6298 22772
18100 25939
10498 26351
17543 2814
24187 12818
11759 22863
23260 6760
13300 27560
15040 455
7584 25465
16540 12277
22385 19047
27544 13503
9962 6735
11617 17702
18680 20599
18366 19839
13631 3548
13157 3814
10769 25836
27716 11175
12448 6081
9579 21167
10786 9769
18683 26230
15838 25530
6345 25728
11277 25565
19239 10481
12319 25483
17401 3890
6213 124
27686 27616
25415 5062
13986 23030
26766 18273
6122 18263
14782 1637
20471 14428
12124 18932
24540 25859
17989 25947
8610 12790
20333 10212
22410 10137
12459 7312
11274 11886
15582 13949
16775 17391
27324 11661
20305 18738
24702 27731
6430 13050
23784 19222
25143 18313
20267 16911
7255 19746
5538 27348
11184 6251
24077 6475
8364 2375
6710 25383
14925 16709
14276 2176
7577 527
24605 25569
14315 11016
19976 22437
24437 26356
9137 5030
16209 12229
21553 1920
6508 22137
19077 18627
9319 21757
26758 5411
9768 1736
11214 2844
9354 9017
8923 23541
6636 7675
11219 19761
14438 5654
13857 10530
8652 16174
10156 18481
25208 16921
10603 21367
16036 15972
13524 23338
8295 17691
22125 5033
12551 19586
18446 9864
6987 10382
8835 9843
8267 27291
10778 16776
8390 23615
15257 19174
5700 27545
11075 22440
21129 16066
12844 8276
6976 25330
18843 9702
7478 6595
17418 14578
9264 22221
21209 10467
10379 1821
21456 6749
17887 10314
10458 15838
24896 27171
14161 22373
20227 6802
16819 9602
14182 15181
24073 11685
16206 4027
20163 14756
18792 13540
5633 23129
21941 24029
7878 22099
20597 6051
19522 11036
17385 17066
23994 20741
23837 10501
17693 1003
10831 10609
15033 2318
6365 25557
16396 27482
19376 22657
10398 12015
26903 6140
6400 3397
7260 20613
17988 6298
11398 4116
16419 10561
6818 14518
20458 21689
6906 14288
9065 11723
10547 20250
25846 10754
20407 3278
7080 13129
6149 11823
15479 1594
27408 10489
10693 16271
11150 21969
15319 2126
5401 6531
6062 3635
20633 19531
16882 15830
23847 13528
15565 3728
13532 21222
15381 12713
20264 24350
22647 27077
21985 2452
11412 15716
10160 2910
8686 19571
23947 8379
26510 3085
7025 26523
13371 24650
5739 16328
23332 24027
5639 15452
8013 1137
17942 12690
18362 20051
18898 248
8075 4672
18377 24683
14455 6572
21387 8058
18985 5805
16887 20479
22097 13025
19852 12530
13146 2180
5516 26232
17520 16478
12691 26546
22901 16206
14933 1838
16225 27334
10486 25893
23939 20319
11316 24639
11185 19732
26125 23474
18236 2680
6684 9823
6434 15732
7743 9169
11339 2088
22021 10155
19751 348
15125 22716
21395 21545
20179 5611
7123 14559
15320 19754
9833 15592
27458 21554
14743 27323
9698 15370
9815 23018
16050 10087
23449 7490
5528 849
15080 11697
10536 26766
24137 21912
20736 5092
25955 25283
10851 120
12982 3257
17644 15455
8477 23563
21210 5544
13309 19231
15667 3694
6287 18314
23855 4675
26727 21799
6353 8982
23337 9968
26409 11774
8063 405
7706 23657
26375 24781
26725 12071
9341 12440
14288 4829
15507 12121
11472 16421
19414 26712
22884 18032
6953 20377
16384 9546
8746 16322
20983 15835
18352 23707
15844 17835
11677 26288
22882 2057
6111 18942
7890 2081
11265 18172
9794 27417
18218 637
27029 25237
11813 23438
8131 23731
21955 3557
16258 2257
20185 5123
26689 19624
6696 16706
12313 7539
7252 27531
13318 2852
9751 15177
6299 714
22731 16485
18060 2271
11576 25480
5410 27025
13646 8443
12021 15329
12494 21544
17878 8397
10221 561
11777 25935
23115 22953
10513 10084
17716 10831
16824 20686
10598 26757
24694 16895
15899 17202
14810 2190
5794 7517
17403 12109
11406 26759
17318 2322
12536 3112
756 1456
21172 15245
22885 4550
23649 15415
20003 25067
5861 26475
14658 6725
10294 6354
13692 26643
10170 17237
12455 4993
10549 5321
22533 20865
24403 13667
12263 18853
12696 18434
18456 22465
23676 8082
6479 11338
21080 18076
11418 15686
17652 13396
11956 24776
19515 9029
24748 6997
8222 22885
7720 25982
5888 2798
8085 21878
7606 4812
22019 5312
23621 23614
12431 15568
18963 19893
8562 6632
16604 4982
13747 12415
11749 21396
15224 1225
27689 19593
5865 572
23191 26255
21167 12835
26098 5438
11282 15035
8084 5695
13861 166
10656 20009
18808 2058
18187 6222
12155 23806
21922 17348
10457 17775
12967 20792
8070 21630
11857 22839
5486 19429
13529 26639
20280 5334
19424 23803
9376 9325
15959 686
9606 22938
6090 20819
20694 14463
19210 21947
12117 19585
23765 565
13705 22948
13836 17725
26917 27002
26496 4214
13237 3472
24471 25529
27430 7301
7834 18033
22749 18448
5789 2841
12587 20893
23910 18643
12112 21601
9608 19791
12649 6931
23524 14886
15694 891
20495 12234
21304 17221
20508 7655
12981 5568
27635 18027
14486 1589
8179 8502
7650 5389
20170 21655
21949 992
9670 9618
9342 9359
15248 20482
27010 21200
9386 15457
17883 16076
8394 10643
27342 14114
23072 20714
7377 14097
5467 26124
19374 23330
7736 4184
26074 12294
23666 13985
6410 4828
7044 19609
22738 24980
18682 22450
22786 3804
18153 20338
24222 3038
11248 25345
5599 8467
21608 5976
23683 11461
16692 2347
22289 26062
21614 14643
9167 16213
7737 1568
17402 6214
10182 16289
18411 1900
7733 16719
14106 1270
17824 20695
13113 25209
11236 10542
13305 3047
23801 18252
17374 14154
16731 6784
12594 14396
23799 25279
21521 23972
18263 15846
21279 24179
19343 7483
27309 23761
20991 26576
6820 27332
6215 27409
23521 17811
12293 18936
26921 20956
9885 17395
9397 8855
14433 2568
19924 22158
11252 10866
13972 14213
27127 2407
13926 15887
12952 1581
13507 25410
10863 24463
17163 14467
5544 27735
12193 17962
6325 25542
14587 26063
5636 20930
19378 12190
18589 5753
22678 24699
18024 2377
17896 16439
15684 6387
18526 21419
7972 17821
12644 11255
9543 13618
8451 7789
13548 25117
8988 24429
6057 7400
23637 426
25487 11167
27645 6228
20786 1709
7551 2047
20791 18010
7307 2886
15225 25764
18316 3424
5501 10836
6230 26761
7728 12038
16063 2140
7439 20966
8093 23825
6373 1628
17421 13502
10514 18669
13134 13075
14995 7665
17752 15428
18032 12056
7235 14222
22301 364
26368 19369
13063 23552
14867 14449
15089 7732
6377 10177
17669 1676
10215 8535
15145 20813
9791 26925
17373 7523
8349 326
16132 10953
24675 4752
7912 15067
16322 22680
9649 16341
26065 20163
23232 22541
25440 17338
18436 21840
13381 989
12695 13909
6787 17587
7093 11681
9203 18603
20756 25005
10781 7217
15083 17581
14230 20407
9739 12419
14864 6484
25099 14480
12602 7558
6424 16135
8975 7321
15586 19307
6350 18594
19167 20013
25394 17249
17708 21879
7983 10495
7371 7973
16151 15086
6541 5983
7251 23120
6975 17577
15093 20027
22278 1023
7566 6489
26345 22676
24960 12987
14134 14063
5922 19560
9365 17997
19350 5892
8264 10180
6815 25665
22275 26426
14761 20944
27740 10345
23722 20447
9816 15700
19075 18389
15332 7690
23282 21024
16094 17164
21967 13834
13630 24219
6388 17327
24163 17977
22213 8142
5454 3308
25796 6616
12265 6167
22927 14702
26535 17903
25146 13828
14718 3634
13220 745
12690 10183
11235 12057
19624 20857
19068 18459
6745 25872
19107 532
8606 9026
10734 4006
17830 377
11098 15090
16191 17058
7725 10289
7144 9925
25317 13283
9375 7661
10376 13963
13100 3063
10508 24974
26847 9934
9109 11243
21297 14639
5612 25545
15441 7369
9443 7117
20271 18619
20115 11068
12435 26438
7140 7628
14506 2670
15904 3628
24557 7525
14763 5216
16089 5094
26676 909
13672 5244
15153 17777
5657 25675
22939 7386
18006 26400
19495 27050
12027 14837
10552 23582
17692 7519
9171 24805
19865 25244
20101 255
8347 24024
14601 24314
6699 8055
24786 5023
24950 23058
5522 21536
8157 8552
20113 18137
15433 24579
25371 20134
20745 15916
23712 20463
23073 23900
6375 11206
24537 1050
9340 2927
18105 4857
20281 14753
13901 10661
24086 21883
10579 25627
21325 7281
21381 26447
13109 13729
20822 4596
22042 7232
22067 9880
10098 5345
11240 9606
20760 5862
15469 25165
13289 25924
20746 11790
10961 12058
23092 2887
14585 23784
12497 9967
22397 9562
15635 27453
20957 3688
11934 19358
27307 20303
7945 442
26958 10973
21097 21543
25372 24488
18543 18119
18058 20111
27722 5071
21361 25568
25702 27176
7121 23332
12232 908
17805 16087
26843 5435
24275 17794
27402 7801
17079 16678
5974 9164
11426 22338
11722 26483
6825 21457
10099 22984
8397 15710
12118 26051
9144 8362
8984 6054
12701 27094
24169 3018
11108 5463
5688 19599
24531 12639
22079 21503
21371 22105
15445 7099
9250 20541
5704 7114
10837 17943
18030 16806
12552 13264
18378 15430
23276 14761
25770 8705
7943 15203
13554 22783
14196 11654
21752 9949
8974 20363
14792 6028
5610 20241
20248 12668
20843 24523
18894 11535
18304 16958
21847 20823
22799 18777
26661 10019
22393 24553
8603 14652
10487 21881
22098 3825
25160 12525
10862 15744
18721 24072
6200 7429
6156 14340
14560 24707
11943 25056
20662 6772
7326 26711
8215 11276
13924 7836
8221 8426
13312 19351
6475 11049
10789 16697
13768 11322
10189 17807
6063 16072
13508 5855
12316 14917
26365 11830
16336 16627
21134 8455
26225 17369
13145 20914
16208 25699
18861 7458
16128 14998
24900 15808
15200 10946
15374 10249
6411 12675
22160 17421
14735 9908
5619 20818
6638 3842
25658 7283
13612 18154
26425 20802
19243 9002
15883 22788
14953 9269
6951 640
6488 6588
20288 10015
23885 1964
17582 20538
18191 18891
18330 13011
17803 3665
10002 22187
12039 1375
21842 8615
11007 13840
18453 18186
10289 15811
15270 25957
19126 22390
7709 19178
11196 8463
16084 23872
7535 4172
11030 14072
11029 10253
18564 27425
21466 7575
17272 4711
11180 17481
9054 6249
15886 9970
18183 11862
10701 7145
10109 14818
22035 8368
21079 9861
7433 10195
27463 16887
24878 16987
13288 665
23860 11722
17075 18225
17720 23497
26782 6824
14583 27353
6680 23759
18494 24546
12144 26443
18599 15920
7070 4322
6548 7052
6210 23
17579 24791
19958 25083
14674 17598
26504 14932
21416 26691
9199 23870
14884 6079
21396 2811
11900 5650
7214 12540
7916 27569
23150 25715
9996 13690
21504 13498
18732 24657
12041 15371
27189 19441
21160 7384
8108 4031
20391 14387
18787 3467
6431 15844
27360 23831
12682 20324
9165 2490
23819 25784
7691 5497
9324 19734
13447 17762
24094 23492
27739 9581
18098 5961
16164 24297
6198 22981
24307 22951
22527 14069
16585 21670
5741 13111
5402 20092
14701 25362
7705 1726
13246 23716
6552 24550
6440 4867
12553 191
27432 21386
18127 23042
9081 26274
23455 26474
6495 268
14258 8311
8242 18651
26482 8198
10474 3052
19775 16775
14172 11738
12958 9986
6760 800
13778 13724
18280 12748
19057 5849
26296 2989
19526 18215
22013 16398
21036 11576
21933 8460
11002 10391
27330 15448
20573 6508
23136 10533
13939 22129
21676 8393
15346 20143
7944 91
26334 10627
23096 20522
23715 5121
19766 4467
18560 7448
19966 8222
13694 18030
11317 18089
5686 25069
15868 24548
24047 3706
21489 27229
17420 7049
17764 1509
17702 11601
9676 19109
16143 15606
8198 3106
27574 25910
13993 131
18778 4460
22787 12772
20475 20262
21081 19397
17464 18848
18642 14973
8981 6272
12599 15783
20982 22634
14192 16136
24194 20242
27271 10306
18365 143
24409 18135
21454 27459
9413 25232
27391 18846
8194 18302
11251 10164
27368 8064
23192 26403
6208 2790
17588 3775
9919 22104
10610 5213
8341 7277
5440 22775
8529 2970
14676 19941
16077 13911
8705 2694
8648 4362
22308 10941
17587 27460
16199 21304
23739 6675
19692 5762
15306 12811
14615 16807
19867 9456
13702 293
17033 9809
26555 5482
19843 25408
21229 26283
12660 20965
24220 10640
9176 11086
12051 5644
10274 16837
7177 24256
13365 18745
27600 16468
14854 23742
7821 12528
19232 14003
17479 26435
21427 333
17169 26223
6516 10979
9862 27458
13975 23102
6999 1392
13102 12100
5650 23468
17609 10113
11610 223
19787 12616
5870 1084
19587 19868
17851 19431
26977 10338
21126 8887
26505 18750
13851 13215
7192 10041
25906 18894
14518 19385
26102 10614
6303 7078
6719 22922
5647 20350
21175 9740
20330 15255
25967 11782
27516 16990
20848 1366
7710 20323
8273 16092
15182 25989
26929 9960
8396 23237
18056 379
6801 21155
15055 10805
27173 7927
10981 2812
7100 26493
20272 15128
15211 7919
19758 26165
7891 23299
8272 11168
14880 6763
20976 14438
22384 4546
9439 7299
7436 21888
23254 21675
12630 13143
21404 20653
22544 9652
10855 27258
15157 16220
17141 9639
18696 14425
22128 11785
18070 10958
25563 6118
24040 8933
7213 3934
23716 22346
14972 13126
7958 13809
7732 26930
27087 2156
25992 9203
17398 18293
12199 15633
8659 6142
14893 8427
21019 6199
15615 13559
20439 17174
11557 14178
6351 6657
27543 14133
16303 27487
20365 1361
9101 4934
15294 26195
24637 13998
18624 16270
5644 12610
10067 26899
21366 21444
19899 23708
20078 13012
7847 25250
19127 12028
22454 21929
26807 17642
5928 13064
27255 15210
9693 7366
12473 18141
24587 13186
6794 5124
11134 20399
11064 12598
9811 8612
14527 10766
22545 2295
6839 8791
8615 13890
8700 7865
16136 19123
6383 16467
6040 8400
11846 3623
12519 14042
10753 24040
14816 11204
23724 23532
7580 10705
8598 23020
18389 3083
13780 1769
17676 11490
25455 9009
22507 21607
15022 3081
18274 27491
6862 8679
14372 25725
27213 9658
6158 10098
27464 25547
27509 18040
24244 7074
19221 6030
20298 1725
16972 13090
26651 9921
6385 18161
14817 5502
8281 6055
13863 2903
19965 10081
18080 23259
23835 21606
15937 14027
19069 27081
13963 12813
16654 26990
13467 14186
22433 3909
11619 10216
12896 8895
26422 26303
6973 27292
23000 18257
11892 11398
15870 3597
26038 13959
26718 6559
16822 8508
19191 27282
15084 16664
5458 22484
9403 12626
10634 26956
16543 21196
23385 15725
7858 5046
18246 27718
23532 1195
14535 12546
10985 3764
9263 3430
5929 8190
16257 26157
21132 12162
14123 19937
7883 4150
8563 26471
6631 15318
10908 24779
6185 7181
16447 20500
10225 11768
26491 4851
6733 15116
11255 23307
25612 23602
7722 3867
25227 26228
20394 24143
19113 1463
13471 20021
16496 9432
6814 16435
11058 23626
27230 9667
14490 20100
21904 15513
13249 16863
20977 1139
10933 26765
17100 24410
15238 19157
7787 22273
11117 4524
17884 4852
8561 5044
5909 26239
10696 2891
6574 4726
16438 24312
23483 27593
26940 21807
14064 5067
21299 4092
11182 21351
23415 19039
27730 16149
26298 26502
19401 15163
20230 23737
22790 9664
7951 4998
22227 10474
8895 1153
26658 15103
12930 12545
9570 23820
10777 4641
17684 11091
15133 10706
17220 15301
17807 4144
18122 5629
27608 763
17037 18237
25855 13022
5908 15250
23066 10655
6453 7508
20139 27761
25529 2781
26959 21368
14334 5636
5791 459
8905 1533
21197 9913
11247 26682
20451 6948
5425 22606
16038 435
6611 25537
5560 22514
5911 14974
18719 8430
21360 5087
12270 12421
6817 22444
6077 8049
9445 7443
15702 9719
22582 17204
6981 3543
20218 14193
25834 7637
17404 2858
24362 13317
10968 25130
13905 18212
17710 9693
9031 12054
9294 21695
9265 19717
8050 20449
21814 18433
13474 5467
14175 7198
15744 7172
25732 10483
21439 12030
11428 24598
17540 2424
6962 2874
6248 24472
9390 3180
21870 21260
12566 21099
20386 5304
13170 19833
16203 173
15475 3984
7658 22128
18538 21516
14920 18188
5603 12420
10318 21219
16821 2212
16643 27026
6686 14711
11776 6218
23719 20130
18043 10988
19038 19494
11187 17596
9210 6491
8156 26959
7393 23654
5404 22908
12103 19118
8214 19619
5858 13153
19270 9204
9609 439
7215 1394
22756 12886
20454 9792
14081 18110
24165 7233
26768 19331
13384 25513
25125 25387
19450 17262
22837 26345
10952 24505
26416 16427
22840 23078
14905 12958
10801 26031
15539 21717
17976 12072
22641 5928
6427 15274
14955 10090
19132 9447
10075 11626
20340 10286
20017 15752
8269 7872
11447 19872
6154 5055
25707 6033
22833 6284
5457 23079
9464 25472
14212 2262
12890 21164
17806 9670
7738 3281
11658 14781
23275 17149
10822 14678
16346 3470
22567 27345
22231 3777
7352 21618
7740 4300
6454 9526
14193 14381
18196 26909
12802 3693
16888 17834
12836 10093
17735 13102
12743 15593
15365 11315
21749 2686
20250 2545
8862 13913
10143 9282
19466 24845
6151 24879
20629 2227
9423 5158
25759 16912
20013 18939
18066 16843
26902 3244
21823 13243
10161 13974
25417 4510
16951 163
14878 14582
16925 14534
23351 1464
22591 11925
15670 23889
8205 15622
26617 5920
22051 15337
10621 15656
21249 7838
26030 17415
23207 23628
17019 5960
15917 23334
15882 9700
17378 3153
23970 20077
22523 8587
5697 19589
6447 12097
14890 14705
14131 2816
13743 26830
19676 13649
22522 17258
5785 20629
25902 17982
10879 27061
26667 27445
22440 26379
16541 1002
9438 2701
25354 13700
27537 7750
23734 6209
27355 11469
7230 19237
8363 18229
5433 16524
19626 20102
10997 25158
14249 10101
6241 24921
11613 3290
13875 20497
8461 16747
8296 5282
14909 12231
18096 12499
16729 13124
8229 10358
16666 9574
16308 17156
20936 16410
7892 3163
5746 6712
21451 13721
6653 9640
14785 12894
9075 4253
23826 16367
22186 24118
10782 3061
22441 9397
8771 26615
6398 6217
24966 7066
22272 2107
16479 8296
15626 12220
12318 20525
26529 6667
12570 11657
7656 13979
14574 16127
22171 24676
18567 24530
23981 25575
11278 21348
7132 13856
6868 4374
9183 18196
19649 25541
21951 26173
25927 18055
9076 1988
8008 15717
22808 3698
23875 14273
8176 24775
24988 21822
5875 15299
22932 24832
15249 5386
9304 387
9170 1154
19416 24509
14935 17875
17755 13713
5886 25273
7258 23140
19488 25065
18734 27166
9168 2906
11334 27749
10366 26150
12815 23677
6382 16757
14720 21635
9108 22370
14640 25225
16485 10047
19328 6034
7145 7884
21050 12247
14075 9336
14581 610
6697 25343
20979 27129
26492 13106
6378 7995
7881 26257
27270 3952
12050 26645
22794 18392
7432 15553
14894 21394
13478 10085
8153 24758
9641 11715
15933 4980
24599 1650
19650 26810
11631 12669
8465 20523
27405 15187
9835 18530
26301 2843
15205 22695
16161 27655
24104 13795
12789 15215
5790 6473
24881 9171
23130 15540
8679 390
19757 24320
24112 25879
18733 7968
12877 15249
16104 12395
17889 23061
24525 16153
13601 10109
13572 21724
20160 8856
21789 577
14653 16960
12443 15664
20987 26849
11419 4407
21833 8273
24766 19694
10941 22400
9591 10713
14531 23689
24983 3750
12214 1933
21401 17229
6068 23119
15720 18340
26502 16008
13885 14134
8673 3473
18946 10075
17886 9280
23693 26248
18320 11225
9124 26597
22694 12059
22975 20663
7833 12957
14902 7311
16796 27397
11103 13369
25797 10815
11001 4523
21389 3835
15859 19167
6840 25951
23938 18394
15127 1792
17766 11106
10705 5946
12065 5318
14498 27108
16129 19175
20828 15205
27013 4882
16806 24600
15680 22661
20047 14227
16348 24068
9435 4991
19074 23234
19037 8703
7232 16553
11679 13001
27300 11522
5542 8754
15247 26464
21488 7698
12069 4924
5872 1058
16033 18696
21980 4579
7932 2349
20203 22114
18073 24452
6477 6628
24903 19391
15343 21546
23729 14441
18772 10126
26268 22517
15992 20543
9289 1332
24498 14993
14549 23862
17348 13907
12933 8279
8121 26273
9428 14100
19678 21409
5795 23226
10717 10063
11552 22496
22074 9472
26514 8040
26428 18864
12025 14878
12329 8360
7416 11636
22229 7424
8649 21049
10742 9380
20085 12123
5556 23402
11337 7060
15156 7606
8285 23884
17453 2787
21548 17773
26451 25289
20096 12276
9306 20546
15341 14464
14018 25
5868 26344
26120 16184
26566 14720
14592 24695
12262 11709
9522 16248
8894 13169
19795 6084
22962 8014
12520 18946
15172 24196
16270 8954
9536 9214
11360 5186
22158 27446
12697 14456
8658 12717
22872 8297
9370 2983
10440 11887
9892 7402
15419 11076
21567 7205
21359 17398
14651 15260
10687 22526
9548 13716
15402 16535
22984 12194
10925 24666
6977 3596
21901 4759
9385 22672
7434 18330
10113 15550
6461 9937
17575 20107
12683 10572
16742 12943
26862 23641
23879 2009
13626 8811
12489 21611
6130 2750
22184 16777
17476 18213
22860 17881
19594 17117
5431 4756
10759 13054
17021 10445
7011 2298
21765 18923
7471 21113
5483 6643
11061 25496
5505 25502
11768 26612
20974 19021
12816 12041
22095 12802
23780 26341
5506 26754
22851 26891
18233 14001
14447 15011
9191 6594
15705 4646
19052 6761
18041 20636
13771 11753
19722 14620
19908 12014
6775 21216
24172 5584
6562 12625
6070 27355
20831 23874
22016 15643
10720 1493
17802 21945
5881 8558
14280 22955
9223 5135
9595 16735
20387 18996
16894 25796
23302 21433
10389 24510
5565 20902
24945 25534
21168 18071
23752 3354
24799 13746
9730 25105
7848 10387
19063 24837
12504 10172
23206 6122
16660 18913
14137 13066
9943 14497
13644 24552
21438 3908
14393 5748
17171 18065
8872 12973
5490 26957
14698 2012
5625 5809
14388 2279
12411 12102
16318 23134
23464 4872
5601 27214
9677 27057
6685 8953
27319 587
20056 13008
12985 19855
7563 7383
26190 22522
7695 12754
18815 969
8695 13784
22223 3976
24263 12013
15443 17219
12439 9501
20417 14757
9181 2621
17800 20106
12538 26923
7659 17561
11853 16518
14466 12653
22998 23165
13540 21967
9009 27548
10083 25653
14035 15389
13633 19283
6316 26354
12308 20332
9580 847
11589 19103
14667 23416
23167 24353
9079 11866
17488 10153
8337 9975
14932 8289
11218 3508
18124 15698
9902 4613
7431 27187
23189 10045
10779 16581
25132 5828
8254 18247
15038 26669
14293 26050
8694 27181
13200 4323
22473 15862
16448 11466
13839 6908
17846 25735
17045 22570
13132 2832
11769 25497
18777 11628
11212 3288
10494 19846
16600 16512
14571 17630
7375 23643
22956 16306
11678 13128
18978 5005
24236 2
7785 20083
18570 18105
10805 25810
27764 4765
23628 4036
15764 15228
16423 7037
16715 15652
5897 2368
24348 23839
14019 17752
12863 6983
6824 6596
20159 6867
17200 19469
24614 26695
11423 597
5934 26333
10251 7791
22210 4260
10635 11848
19993 2158
7336 26534
27575 24717
11949 3487
14661 23992
10544 8465
22495 21728
26887 1414
13711 8078
7935 11366
11895 17699
7832 21791
18883 22097
18493 14779
15545 20199
24749 13589
14218 24565
15473 9437
17377 6069
11876 25631
19720 18636
16349 24369
5893 20692
9661 9263
18036 10231
9374 23483
18326 12006
17017 2418
8651 343
7221 161
25998 11455
14773 10136
7653 133
16929 1177
7937 11274
18879 7377
9866 18416
18686 22593
12772 787
18388 1148
11115 11272
8901 6884
19308 7151
12388 20496
17216 18914
15428 10435
16295 15812
24193 8503
18806 7981
12975 22087
20329 6172
16970 19982
22487 10462
11305 7390
5518 10461
8536 15233
11312 13752
16296 4485
22337 25326
7939 6137
10914 13107
22801 20687
12745 10005
19583 13212
8717 12321
13915 10145
18496 4680
6569 16042
14657 21539
26383 15583
11106 13915
25050 5803
15692 8980
16790 21326
14389 13079
25239 23084
25622 21236
25348 14261
23217 18101
8481 26027
27348 18761
8340 25309
8533 17999
6305 23635
6989 20408
6934 18666
17603 25072
25315 17864
8266 16883
11084 19922
7861 2233
9814 2728
9834 6013
11294 4289
18492 5408
12204 23007
7084 860
20705 1506
15629 26785
15890 10425
27697 6483
8693 20462
20635 9476
16369 9027
17788 25074
12944 903
5606 14082
22648 14473
24003 10870
7415 21023
11195 19246
5799 12080
17484 1434
15233 26663
15392 12991
16235 623
17672 22748
24226 18038
21624 1575
6124 1419
16103 17441
19479 318
14435 5642
24340 16761
16579 22821
21125 9961
19992 18650
9334 14537
26333 9025
10167 8268
7552 3316
8289 14874
17255 8270
8092 5970
19342 17211
16037 9385
12500 17342
19357 5827
18822 16871
7374 6528
17290 23443
7233 12260
27471 23027
11067 17160
12966 21148
21176 341
12277 6754
18495 21576
8455 6477
12227 19862
14665 3987
23857 12696
7901 14225
19442 24316
17330 821
27304 26793
17157 4591
13408 5102
10114 10818
9779 9144
7229 3170
7094 11534
17310 18268
17777 15394
5925 24941
22526 7542
18397 16244
16043 18408
18419 23738
25366 11772
22260 2840
24054 12735
14764 2923
14115 6446
8257 7974
14257 5141
18601 3839
18097 6822
13238 12614
15700 23684
22363 17573
22834 14291
18361 22192
20442 3051
27366 9220
22612 13736
22990 14382
11582 21785
17384 530
15746 21051
15674 26553
17111 21287
20555 10924
9087 10731
11158 2779
11313 23333
14901 23327
10183 456
6554 14510
8350 27042
5811 4363
25693 2350
11983 20349
11151 3434
5645 13541
11069 19701
12120 4979
17733 24357
11611 27313
24011 8909
14990 4388
17934 20997
26706 26554
16706 16774
6681 14099
6458 22681
21654 24379
27120 26185
6408 24408
9407 22287
15150 20401
9537 19529
10776 25315
6389 994
24211 25301
20123 13893
16816 11549
19698 8382
6448 21752
6326 2041
16377 14221
22730 26790
26892 20423
18229 6837
20350 20126
23737 11124
19269 7013
23678 24986
20802 11838
19225 25207
17722 1272
20398 22802
16030 6353
22887 27606
13363 8877
13054 12868
8426 9544
12687 27126
18934 4179
5812 5043
25509 10667
13429 27035
6706 16287
12996 25456
10558 8330
6489 5843
11514 9061
17400 19451
12838 14495
22025 3398
15481 23603
16848 1673
22697 3247
7661 24252
12432 10334
22398 13306
17756 10925
14167 2496
6822 10701
16777 7507
9149 17658
26073 4431
12309 16109
16414 5464
15884 12495
25355 10893
9329 19808
18437 1566
12009 17918
20014 4441
9909 13886
16148 4032
19511 25867
15525 7406
10101 9247
5514 743
5690 25709
25948 27153
10582 15576
9803 14419
17005 13191
21182 27004
21190 12644
17704 12638
8132 8800
23358 20860
22169 2245
27031 22467
21777 26671
27766 13968
5566 22679
11080 10664
10063 15796
7734 504
6546 3958
7440 26897
9313 19793
15299 2366
18993 20794
26314 5689
8982 8911
12134 11033
14032 14872
24010 8295
6891 11029
13213 25869
14444 3093
9040 20973
5933 25739
5534 5042
27333 5565
27538 718
12409 23150
12068 16745
17522 12173
8107 16202
11623 16652
26057 25847
16662 146
24303 25164
15216 21901
13716 17411
23813 16095
7633 23469
24838 22630
9117 6124
8111 22849
15364 3079
22727 13928
6436 13235
21481 12146
13647 27434
21839 13442
17343 25254
8189 9195
12075 19822
5413 452
5482 20923
16675 10752
6797 8927
6786 2039
10755 3227
13147 6650
26160 11680
15929 8826
20720 8765
13794 17268
26108 20179
12272 7348
10180 5417
7079 11231
19335 6420
20766 22365
8089 17656
16573 883
6074 11496
17223 10282
20649 12522
17221 18632
6984 6153
22113 1274
21158 24946
23487 23587
24736 17766
6207 1089
7139 19947
6746 10709
6463 9945
21259 2310
21497 1093
11375 18849
11109 13794
24402 19075
12828 12387
7579 3972
8171 9766
18848 402
11377 15888
26115 8148
15984 14098
6315 21711
6689 17703
6869 24095
23557 12465
19304 20445
21002 9515
6551 3797
17550 24784
14020 26732
13052 457
14628 24810
6550 12012
15219 1789
6789 14760
9148 25234
6639 7183
12024 27087
21954 9936
25674 14448
21726 22739
5882 1928
12314 23624
6768 18371
10485 26245
6799 5953
16516 19774
20149 19181
19939 17492
5745 5470
5879 17853
15312 4651
24968 6781
18119 4626
14738 11471
19212 24965
14956 217
17170 17112
14279 27398
5978 7864
20480 10769
13962 16654
15812 16366
14026 5310
6986 22226
21022 1450
21706 3071
23054 23506
7947 15507
8448 9004
23035 22941
8386 17927
7081 9956
8292 19909
14060 20591
25122 7481
17890 26665
17177 26383
18447 9964
10429 17030
24997 16312
15932 25960
26209 17896
9366 22425
15011 13964
17194 17426
24393 18029
20582 3206
14023 16441
13968 6452
21207 8935
27082 19503
8383 159
6457 305
12098 4102
10470 818
7699 6076
26254 13420
14921 23671
26684 26023
13707 12305
27561 4409
19327 17502
11781 4296
22132 11394
14262 14520
13439 18136
23839 5578
9213 9049
16342 27186
10367 914
18979 23211
18626 25942
10456 22797
6790 1228
15458 13910
13332 13586
6465 27744
21217 24302
18433 6703
27467 4692
23038 7779
7902 13492
13383 10531
22930 1803
10483 24207
18132 11058
25772 9959
20619 27222
15788 20767
25303 10332
27502 24496
6128 26132
12475 15219
18748 3640
16034 12949
18903 2674
23144 9851
19329 18861
27253 27104
14609 14030
25630 10902
11414 24871
16632 13625
6301 5268
9697 20798
13760 25104
11082 12257
23411 2971
21341 21143
15166 15056
13455 25344
10864 14486
8537 21676
18245 15021
15379 5076
25929 7270
19900 27657
13832 3422
25959 2857
7641 11195
7655 2398
17245 23696
20763 14915
20542 4245
15367 22183
18417 6297
11659 14762
27602 24491
5496 19226
11880 15868
11448 18280
7764 21713
18635 13303
12990 18841
19946 77
16517 27082
22173 19446
13844 12358
22565 20000
16410 6812
20180 8380
15711 20278
21349 14610
17388 23365
26524 6828
6966 22156
27714 7043
26450 11663
15876 14169
13420 9536
15329 15676
13310 8494
13314 2793
11887 22135
27460 13327
23434 26696
11296 22438
24159 3021
25520 21209
21604 2385
27483 897
8182 263
18440 4522
7152 25996
5654 21424
8388 779
8727 25379
5901 15677
12200 1940
6802 13753
17068 25484
7677 18413
22739 4090
19525 13353
20261 4405
17876 11540
16893 11424
26399 10284
12611 1164
16141 6004
14774 14612
19216 9330
5852 17608
10086 27101
16019 12024
17395 1997
23439 5772
7587 3480
9164 396
6312 19334
17580 5620
10573 2845
16712 16881
5627 3883
6060 18947
20309 18477
8202 2285
6262 19435
14233 20075
10230 27552
15612 16001
22060 11411
7426 14084
16973 8795
14950 6546
6850 4844
23655 26010
8018 23543
26056 5203
7576 10682
14987 25172
18747 16784
9432 6689
11143 25455
13985 1614
22670 9145
9138 10297
14625 10571
21786 17890
27172 22018
6123 6788
22291 11051
10651 8261
18356 27742
22196 22794
18067 22826
20005 8030
20083 8860
11603 23914
25411 5929
14891 983
9431 12596
24839 27199
7354 12156
14202 14843
26460 4898
27021 11954
27136 21575
26933 2170
23999 16280
6043 16256
12798 9339
9719 3307
11982 14798
17537 17121
9270 14940
11598 19234
15548 4133
17185 8665
15204 11624
11062 3545
5891 24557
7854 19299
10577 8995
19314 858
10588 12270
10100 25719
23833 16429
6082 9841
21274 1678
5480 2930
6849 10360
6809 1819
26002 13636
10066 717
15091 11221
20669 23793
5810 4722
17468 8461
15549 22911
11407 5381
23202 27450
18525 1040
13244 27091
26260 23172
24477 19677
7363 6057
19912 20512
20749 14432
22734 23284
25107 24352
21202 307
7717 21067
6813 21541
7392 7322
15468 25079
10602 11404
23213 2363
23588 25955
6245 4859
25952 17256
26586 2658
15267 25253
14799 15697
12128 11075
12865 17984
9268 11373
19330 10546
26424 14174
21872 1593
21344 13945
13695 9632
19903 1092
26312 17155
18311 27017
19971 5888
11962 8666
15697 25789
8516 22602
18505 13739
14533 11374
24124 21919
23157 27627
17101 22694
7356 6100
5731 16231
9510 19984
6296 4517
11063 8673
8423 24160
20678 22262
26498 13912
8298 22124
7190 21100
6425 22595
26525 2326
22945 7700
14191 25641
18914 22899
13693 26460
16232 23916
6838 19653
8283 5469
5723 19597
9371 19738
26883 20936
13960 4566
5536 1961
20335 11094
27501 2264
15457 2877
25397 10513
22728 25601
7921 15
14211 12036
7567 26840
16778 4821
18297 26797
17734 8206
5447 8905
16949 24787
19776 26815
15654 15517
21140 1368
26944 3426
22070 12262
5607 4552
23346 13427
6355 9822
23961 17692
6792 12674
25336 19284
10308 27423
7231 19380
14156 10565
25611 10303
15327 17745
27199 19070
21164 3097
7234 17352
21973 12954
22447 15350
8871 24718
17438 3417
14248 17032
14309 5202
6512 4688
21895 7873
21888 14367
6302 27438
11779 22761
16345 6438
21884 4224
6069 18860
12304 22177
24707 14444
10586 19108
9378 23291
15658 24753
11780 13302
12871 16100
26895 4455
11000 4895
13338 888
16130 21973
23516 14337
9275 24599
11244 14750
25820 14126
23701 17096
21430 12484
16820 12383
26258 8211
19040 3790
9330 7522
25592 468
26865 14211
19527 603
17787 22422
19061 25008
11541 15809
12609 12673
13235 22004
18954 13297
25643 6957
20110 25300
23849 27223
22564 12413
26354 16811
19391 2139
5866 6803
14480 15340
21807 24406
18190 11252
9347 11472
20810 20124
22829 26735
18697 15951
20052 21549
6309 1334
6184 16368
20478 14797
16344 9284
11858 17771
19081 2830
6120 12864
15575 23556
13493 3573
27042 22374
12315 21379
27413 8444
6127 7282
23363 24106
19737 7510
10797 17856
10721 25573
17593 15459
24195 21370
22012 25936
12425 24526
7360 17612
24563 3143
15073 21765
5443 2888
27434 15460
11897 11786
5788 20411
13603 12896
12406 21903
20457 27205
5394 10061
20727 5957
16947 14935
7880 15586
18086 24139
22563 8432
15741 6746
27566 4301
21766 27701
6952 67
10499 19328
23142 17584
16891 25080
6647 1086
26948 22610
26574 22612
9853 322
9151 11422
18510 27119
20130 15681
9344 27304
20067 24594
6758 22495
22858 25170
12766 23790
12685 22020
5715 6515
6490 15704
5393 6968
5598 8106
26145 11938
19950 16976
23598 3497
20741 12460
23014 21668
19041 6157
13573 10989
13087 11531
15191 18660
12280 8435
7934 7815
8430 24989
18094 3466
15558 19275
5510 16844
17351 13881
16305 11793
8685 20147
14400 11418
27070 12163
9032 24184
17069 22151
23328 20261
6234 27066
8001 12067
8669 26258
27622 16073
13460 6253
18874 24659
17586 15322
5561 15826
19926 10888
15215 15680
8613 23621
9827 10696
16899 14137
26287 7790
20944 24943
14566 6919
15761 18800
17888 5077
14130 24895
14861 19837
6115 26746
21428 17503
26046 25012
21068 10275
8323 20712
16381 26914
8445 12226
13505 15016
20967 1814
24738 13282
10459 27580
22550 17895
8436 23712
20236 23313
22140 7337
6203 24439
21086 13260
18933 23348
11345 24662
11413 4501
12945 13097
22356 12466
8438 12192
18431 3998
12554 23093
19482 22455
17714 6825
8801 20717
12919 23434
9441 18359
12791 7760
22866 3762
16522 4570
14551 3691
15288 8012
25483 20499
17167 2077
13064 26275
12558 1720
13829 16573
17524 22645
12271 18769
17626 13810
16373 23160
11298 20806
13183 19938
8062 7214
9854 19864
20730 22140
12132 7733
22367 7373
6835 25501
9559 24076
8006 5842
11836 26030
16016 26186
9452 11986
7756 7729
17946 18737
13086 3509
14472 27483
16472 23263
6727 16647
15498 360
26330 5465
13333 23859
23389 5557
20011 10329
22314 24255
11872 15338
8164 1207
12626 8692
6251 23597
17317 27395
6444 8580
5706 19154
19944 17208
15600 506
9572 19487
6415 9542
14041 9893
12116 9764
16363 11246
9971 14825
21104 22024
10729 10875
12426 17636
13980 15786
20780 2712
17031 9692
13037 6930
8249 13033
23286 21651
9463 9927
8187 300
20565 26118
17381 18879
22876 1972
19779 16552
12239 14824
5804 6613
9251 17041
27556 12981
17836 10736
17062 10877
6347 3712
24484 15478
23104 27111
21630 6900
19268 16750
23088 14468
19509 10492
8293 13517
12598 4640
8312 9279
19076 25409
15438 22897
17608 13981
12066 13601
9316 12750
23160 2544
26601 11042
14179 27203
18035 19945
11693 19146
9700 22022
5845 6469
22646 3142
22516 4198
13061 12256
19464 16985
13404 12051
10065 15107
16919 4265
26619 145
20628 625
15508 3957
9175 7676
9116 20737
12568 10456
20129 13780
13859 5593
5972 10204
10529 25858
20785 13273
8504 2784
12895 9828
26096 9661
17748 22997
17160 1119
15583 6280
7302 7704
13419 25280
23306 14873
20682 19891
7690 20246
7407 27739
20543 9752
18031 18184
25750 10786
15408 15006
15412 5461
11944 26875
21121 25946
5727 26492
12189 17315
11491 7381
18616 20258
25012 8591
9132 13021
26327 6851
9938 17789
9391 11446
11443 10277
14029 26809
10450 17961
12331 12509
19245 6072
9517 323
14818 4215
15344 22239
15020 21763
9318 22387
12597 14951
5523 24729
20723 3174
7320 3936
27047 23108
13977 7250
26630 16655
13714 19645
11748 24592
7002 24561
20225 7648
9792 16555
26765 26162
22424 16406
25966 4972
12502 154
16994 20359
21119 13098
20620 757
17312 19207
23583 93
19724 2915
5593 18470
7773 26290
10200 21334
10304 15946
24109 16203
7271 11923
15146 24440
15777 27617
8057 12185
18325 6710
19657 9704
10638 7266
13099 15653
11536 20064
10273 14104
18763 9346
12764 12892
18740 22086
17535 14827
8458 21783
12937 22398
15656 14664
20155 5101
20644 23186
16351 22542
14379 14895
16995 27556
13830 25837
12106 7167
19366 26826
23146 17050
19085 26084
26783 2815
17904 23768
19891 16957
17632 24940
14790 5524
27542 18855
18418 25639
24049 11667
19771 27768
14684 3507
25501 6450
11371 3502
11417 16088
5726 7442
18350 11669
8723 18123
26557 21336
16551 17607
10850 21617
12078 3233
7005 3204
16874 25260
12780 23520
22691 27157
6734 132
13114 16731
11806 25066
7753 25830
10199 20146
6827 19508
23785 11027
9409 9768
22745 856
8568 11257
14868 13703
18203 26370
13565 5002
9357 955
5830 6309
23419 14570
6086 26692
10295 23354
11562 7264
12888 5822
7448 8741
17665 27418
15541 5811
9922 13864
6537 10889
9113 13376
10813 8300
13689 14980
9273 18199
10921 22366
5943 14041
15486 13973
9635 2449
22981 21129
18690 3561
9394 23561
13797 7247
23696 11378
15251 9495
6099 25969
12378 10324
17047 15367
5939 10524
6180 11707
9317 18008
21607 26976
12267 12356
7485 11519
18445 5941
18750 24861
10697 8996
8152 19155
23861 23064
10868 18892
20367 7492
14361 5097
6728 10029
25932 22504
22793 20421
16134 9598
21281 15141
19836 11645
8599 26929
23553 1571
18847 25795
24144 20167
15605 11201
27570 13902
14596 18538
19876 10747
9754 982
6339 5595
21845 14271
17931 19703
9893 15208
9311 18265
19254 21398
23242 5442
19691 8031
13068 26253
17073 25714
10096 24643
13245 2232
14318 17487
13605 20909
7071 10040
18461 17956
22503 11591
25192 12296
6261 481
12650 15073
8543 5756
20898 1856
21470 8959
24150 1052
18329 22548
7511 11331
15410 23035
9416 26298
8079 24823
14284 1848
23650 11030
21169 6958
9512 26908
9405 1715
22775 16947
16025 14553
15016 6095
15360 1034
12040 26495
20953 3463
19293 3148
21751 18580
9812 20156
15295 7940
23755 6479
6190 788
11835 9902
16139 24300
7024 16579
19524 24159
14831 26563
15429 5107
14759 7164
22925 12882
10197 12164
5847 23912
10662 12284
24815 9498
8642 8341
9189 23207
15678 18295
8510 21964
12023 1005
6553 25613
14728 3758
18717 25113
7018 26616
8514 19551
18544 20131
13582 20837
13065 8367
11425 15885
20613 5605
12245 26078
23710 14093
6612 26743
7328 10887
15843 5932
6239 27648
22336 10241
15289 15549
23687 15958
22152 2770
7059 18380
26426 3893
15733 27516
23689 1998
5769 17267
8509 27522
7182 19750
11207 11543
17333 21264
12938 26573
16957 25295
11308 25600
18989 10646
9939 1056
17297 15246
23495 19132
8484 23920
6452 24824
11440 25622
13254 18028
20063 26902
7599 15488
8902 27228
14936 10211
23103 4264
12705 4153
16981 20600
19557 13447
18926 13895
10916 14616
23004 11415
23435 18804
7408 25016
14392 5169
13879 23585
17799 27573
11661 21439
19346 3395
21689 13467
11403 24174
22553 4899
5964 18311
21235 19220
17882 593
25513 17147
23644 12410
8357 790
9507 13085
9750 16179
23906 11944
23050 14609
14475 2747
24207 5617
13271 5294
5488 13779
21487 10001
15189 19712
24228 4122
12266 19270
26677 4381
11889 2836
13961 18533
22059 10064
18884 10080
26879 8894
12793 6685
25331 13500
10942 21244
27046 9679
14133 13939
9260 13868
22462 6934
23909 4988
26598 15740
14642 8516
10392 13296
12628 18222
5563 21540
11165 8135
16987 7465
6146 2740
20904 21857
13036 18230
20958 8801
18743 5401
11645 10280
14734 16046
16771 1826
13425 17683
9214 3603
7086 23668
24780 2064
23350 2586
7384 8543
13366 6798
20025 2409
12339 1817
10699 9455
23714 8529
23652 22901
22715 5028
6402 21552
8864 16299
17869 6853
14843 5506
8639 22726
13344 11160
10202 12836
13762 2135
26163 21968
17455 15636
14090 23944
22685 8630
23800 7228
13409 15129
13997 9294
10213 19811
5787 26497
13834 20527
18905 7898
14536 24185
20886 3857
6037 9308
22966 3838
16347 21247
22461 17323
15778 850
18746 5657
9788 17161
6532 19356
10712 5945
20854 22545
14473 22884
8906 2554
10475 16891
17209 4956
25345 639
15522 25393
13225 18491
20444 17356
23370 4412
14547 543
19048 2510
13736 17374
22018 24192
19496 25544
25280 1218
21708 22433
20274 13731
8635 21596
20399 9914
18584 1702
14158 25908
14900 13115
22960 13318
11539 9834
11429 17828
6524 18364
9674 17216
16759 3126
25387 26983
9880 3197
12534 1130
9218 26974
17656 14359
14454 7076
6368 327
16577 13626
7669 14095
14188 13445
6519 12031
9348 3552
18868 25359
14091 9260
19982 26668
25314 8618
6860 14773
22198 27406
14753 20697
12083 11710
23556 1104
20844 5167
18638 14191
19789 21962
15980 24790
11477 6421
23764 23048
7021 4644
7461 3741
9879 17601
18870 19989
15732 152
14214 26516
9867 18783
10996 2078
14050 155
19850 3889
9153 3923
14550 2238
27700 7159
17862 2029
18034 1039
18339 4996
27761 20113
11599 14718
20889 11156
23699 8057
19823 11265
11796 6573
9664 4057
25222 14312
22286 7382
15276 16810
8339 9594
8897 19402
13996 22732
9136 3937
5421 5872
13129 15332
5658 18171
11870 8255
17274 16361
20695 1465
16325 24157
10817 2287
6501 8973
9601 1664
14234 9347
13483 7970
15169 14590
16733 20392
9038 4823
23258 25138
18109 23390
12496 25921
18302 11004
7101 13172
14063 23484
10663 26104
21115 13415
21530 3390
19237 27599
9481 17975
13979 24250
13241 6604
21255 6196
20855 18746
8099 13187
7586 1371
18633 4794
14844 349
16974 2532
20797 7376
12878 5817
21041 22924
5856 23925
16365 10943
14402 19592
22472 775
5742 21146
21905 15298
21076 3433
21316 1362
21460 22307
21491 22492
20618 13688
7757 17730
12324 20622
23545 12914
21930 2682
23043 11152
9506 15886
8601 26619
17292 25075
22596 13159
23224 22628
7128 16080
14705 15111
11169 429
23623 10503
8120 331
20221 5739
15750 21138
19101 5348
10566 25277
16310 3494
8012 4968
23474 11880
10374 7788
19680 725
5778 18890
9372 23065
17965 17044
21307 25039
22137 3609
14976 13144
12301 14206
22601 9335
17013 25431
12416 8813
9277 17870
8572 7669
23932 15937
22933 21708
5818 1377
26430 9431
21573 14267
17354 26920
18681 18680
9336 27579
8733 17578
20652 23204
8170 14352
22658 25599
8275 3460
5471 18365
6136 6010
25246 22290
12328 19213
15685 16574
22411 21513
16528 23193
7605 16331
8701 12273
19451 17804
11683 21520
5702 27456
8586 13678
25193 5628
25482 11369
10212 12517
18083 18146
12549 5680
23172 13493
12825 11098
24155 6553
8783 18499
21768 802
15632 1342
25358 21721
19493 17484
6928 7488
9977 15156
21797 2380
21587 12561
5474 693
22340 5307
13251 16683
9398 6060
6055 13931
15286 23517
20401 27720
8949 15601
18661 23231
23645 2800
7660 19990
19837 16615
14638 15000
20043 22943
9687 16128
22156 18569
23342 8053
8014 9596
18008 26371
18135 4419
10809 18427
17930 14744
17257 1047
10449 11061
25338 9774
5937 9270
19271 12539
21093 1108
8787 17697
17044 23051
17226 24982
26025 27747
12028 12939
12421 16605
9869 8509
10035 21619
15996 8675
21655 26748
9125 12138
20895 10228
6244 25954
27281 3768
10130 20970
10540 22720
8255 18190
6356 12645
7931 13846
15609 24128
17786 14019
25128 25682
13328 21795
18596 22462
11588 21249
15353 7325
6540 3982
14841 10965
16494 19912
18637 17148
9127 24288
10664 20683
25783 19115
10410 2134
20513 11641
15595 3860
18711 22001
21788 1499
21406 14812
7692 2584
16463 397
22032 20732
7280 19260
9690 22975
17533 20513
15953 16051
12720 26056
8237 17288
6354 4724
8385 3459
16509 17199
13776 13258
9770 21905
24663 23969
26653 14048
9044 15950
18025 22655
16484 18739
8678 12744
12231 3906
16755 3189
9396 25998
9886 10260
23615 18473
25941 3823
14456 15413
9351 13389
10423 11300
17844 23519
6102 21359
23290 25282
12830 24413
14013 22427
17335 19401
22327 22477
24135 24251
13242 12715
7325 22310
21893 26702
15765 1120
13919 10447
10455 16205
8976 26517
25420 2040
26901 27765
12386 4171
7615 7085
19347 27441
10414 1097
20039 25081
23422 9211
21557 19200
8788 9525
13974 6858
16892 14614
19490 3040
14556 14451
12546 1756
6755 7006
17513 241
18751 21740
15304 9426
11967 24180
13323 1144
23190 17133
11696 6445
11979 3540
9545 3638
19873 4700
22621 25994
7088 1871
18054 17092
21413 18910
7520 7184
8782 24479
17457 17666
16845 24064
9652 3744
20269 15527
10818 6437
12152 22413
7387 14385
6723 5462
24615 26494
23309 24732
17238 11139
7842 2806
15137 2673
15181 5692
13477 7473
21719 12073
20494 7180
9489 3089
19354 17306
6256 1576
11512 25060
16246 13109
18084 8981
17646 19233
13451 10651
18666 9863
14206 23021
25446 9388
17428 3469
19235 6673
23484 12471
20415 26035
12870 14248
8680 9196
17871 11526
18770 486
17633 4111
19166 10246
17126 7650
16135 21923
10030 5587
19688 21718
7412 16708
23102 14990
13149 3565
26403 22481
12259 21848
10253 17143
23338 21586
20934 4958
15900 1986
12131 9100
11404 27738
20501 24564
23402 17409
19863 3407
10749 3196
24066 3512
12166 1071
12652 21217
8924 27550
7047 13641
22822 6449
14319 7635
25147 25102
23718 12408
12595 11995
15039 22603
21682 24254
9256 9924
22299 20317
6629 7946
14046 23269
19904 1075
18912 5853
24798 7057
13898 12990
19287 27591
19769 12011
15375 15423
6243 7272
19896 24247
17630 18455
15114 1486
9097 18372
17249 18585
5520 19815
22517 20749
6956 6207
9725 9800
6742 8923
8882 7909
20183 16144
12390 18900
20380 16821
13179 2221
15831 22629
22974 24820
15048 14075
16754 25112
14377 16801
7292 11237
14632 18164
9855 25166
18055 4063
21976 3155
16065 5900
17083 12029
16641 12065
19986 8201
12839 13096
10417 5006
19798 14247
23354 17994
11559 4288
6004 12150
6414 1528
21764 17738
13729 16692
19070 3221
27006 2687
9402 26
9858 14360
20817 12188
15106 3319
22119 15480
10853 11746
22402 25775
23011 18966
13651 7770
11153 22869
12666 12581
16797 21068
7301 11964
5803 25689
11820 19834
9290 13969
12037 19519
8751 11458
12873 9743
20410 23757
7089 7601
13411 8067
24994 12621
5736 23702
6280 230
13578 20059
21421 19924
8358 21502
8640 8965
5995 27245
16703 16085
23183 3919
7125 14330
13530 14908
22000 14024
9393 13551
17251 25018
17406 6415
13523 12091
7574 5099
15068 3379
20310 7627
16545 306
9773 4783
7918 27610
7755 7780
23329 854
15152 13561
20790 16162
18211 27020
18887 7994
17134 13352
17628 17893
8313 24892
10505 23525
9155 26962
22068 11464
13228 4709
21018 16944
8692 15761
22088 24287
23181 18731
5720 1302
23438 5581
16098 454
19667 15536
23120 22962
19062 27139
8054 8304
6483 4330
14082 24102
6929 16616
19768 670
16430 16637
16940 4753
19183 17551
15531 27012
17224 2909
7037 7398
23664 24082
20088 3772
19832 11840
13174 17442
22359 3581
20980 805
18379 17575
16435 20248
19796 9106
17006 12756
18668 21996
18277 6403
26094 23182
24530 2575
19794 21344
18545 925
25562 22295
21246 14243
13520 14957
18622 2733
7310 22868
12911 20071
10496 9217
19763 25390
17286 25693
14147 19832
8654 27712
8279 16176
10184 15661
11509 10244
9950 3659
27073 26430
16667 58
10565 2669
19555 15579
22929 7439
12922 9617
27092 21231
11495 26049
16319 26003
18648 13759
14949 4049
11542 1317
7224 17717
20833 8586
11558 17939
10438 13622
20616 22305
19661 26921
20200 15939
26078 4842
8209 24449
26493 7837
13335 740
7239 9187
6294 2548
23782 15609
26891 19493
15321 12252
22959 18402
12460 27393
9821 8627
14906 15730
21183 2265
12580 17043
7205 26769
21208 10038
21591 7691
14495 1744
22357 7999
10893 17166
21787 7399
18575 22565
11482 1046
20228 24737
19408 6304
5707 8329
19689 14415
5806 20783
12529 20494
5624 20066
15314 17472
18907 22571
24007 11853
8234 10342
17191 12184
9838 857
10955 1026
18150 7003
6162 23114
23531 27374
8547 15463
13448 23741
19565 23448
7156 16459
8950 14242
14996 12660
20120 5430
16497 13675
13610 3160
9979 24485
11503 20200
22668 21505
18587 23898
17616 10273
9868 24276
23079 17719
13995 15988
20423 436
14448 20166
11065 22569
20358 14192
23421 20439
23540 26306
17410 24034
7187 9931
14164 13468
19305 18383
13866 13444
23078 20598
5997 20086
16386 18754
10763 9831
22868 10679
25889 23567
7933 1944
21128 22584
19913 24142
19972 8438
25121 17765
27604 16279
14328 12749
8592 7486
18551 9414
15051 17023
8495 14880
6919 20632
10364 8575
15451 23261
15747 26102
12667 6326
8900 23955
22159 1265
12151 20054
20639 12921
7806 780
24645 15118
9749 26817
17470 5176
9873 13505
6384 19547
19247 8482
15913 20874
10275 13657
25250 1449
7001 8696
7977 14394
9571 3186
13091 3946
12060 9539
16350 231
9514 14603
16711 21782
9850 19216
24284 20091
23228 12700
12904 18249
17911 10424
10112 770
25149 14455
7000 21372
10815 19985
8329 12258
7039 18195
10216 695
23990 26609
21561 2485
21435 6905
5738 404
11565 5041
23996 2578
22316 15323
15511 19661
7174 25746
8644 15822
15315 13593
5767 26191
18667 6294
7464 21780
21240 22015
18858 16508
22412 18720
24027 8625
21601 13068
17282 21646
18213 7460
8418 12452
21105 12208
21722 5903
18820 5795
11034 27759
23185 16900
12926 13147
18614 11284
23331 18697
19047 4897
14024 5637
8231 13683
6828 2839
25981 12175
17653 26159
10280 13848
26445 27256
27736 7620
13221 14788
10983 10908
22607 25915
6460 8962
10539 4083
12963 5434
19217 25263
14565 24168
7769 11184
7994 9948
18528 23948
6594 3759
9634 21934
6418 23734
26127 12081
14017 17995
22600 27014
7974 17400
23135 14593
20376 20139
24378 12828
26092 9444
8910 3619
19632 4952
14599 19736
15662 26072
5642 21988
11511 26167
14229 5164
13910 25662
10700 819
18197 12871
23152 24688
16800 2862
5464 12627
14709 18406
18549 5884
15079 10832
27607 24547
15393 20155
11280 25941
25628 21428
17422 9470
10345 13562
21095 25587
14644 13
6254 14759
6236 22321
23006 11306
22967 14281
13699 1494
20463 9337
23360 21662
22542 11608
21931 2020
16734 23772
20027 26385
6841 8814
20499 25770
10218 18633
7340 5032
16542 21686
7150 9621
5708 25424
23830 21363
18405 9216
16603 21229
23656 12783
20615 18977
9530 10442
19229 2805
16946 9720
16022 19602
14648 8218
24179 3194
9244 16670
9325 9441
12486 9673
24235 1537
9878 12248
7092 27628
8995 19376
20270 1184
12540 15596
24103 872
26830 16720
15534 12209
22405 25352
6615 1013
20403 8202
14612 22456
8286 3646
22598 19768
11790 458
21501 21875
8308 4119
8449 6229
19147 7236
20636 21813
20435 20387
6843 18363
18069 24446
10924 21144
14253 15224
9848 21725
12419 15144
12238 1775
22689 19546
9472 28
19505 14911
20406 6916
19770 20203
20999 13236
8823 8678
19465 13473
20892 4529
20379 15964
8059 26852
21165 12915
7612 3372
8284 12186
18744 6406
12927 10556
25263 3951
10929 10504
16725 3438
26488 23158
19793 19601
12182 12758
22617 747
25677 22341
18117 6570
13772 19180
17199 114
10033 20432
12921 7894
24248 25473
14119 8337
15131 12968
5975 15603
19476 3708
19122 25386
27676 2934
10291 26818
9957 23812
11283 20887
16628 9696
16563 21054
22680 12584
9528 1169
17356 23329
10788 17057
22907 3977
15790 17371
19489 4665
8208 19291
14710 10972
9573 510
18148 15638
16866 18665
24543 9019
18718 25505
27498 17318
7630 2255
17026 16571
25845 11425
25271 98
16122 8540
20625 12178
17362 19273
13143 21123
13340 1656
21276 21327
6853 9434
13069 4422
20299 12648
14348 13101
8260 21018
10676 11310
8889 2166
16042 5890
23034 10201
9221 5217
10571 25685
7859 5017
21085 16901
10680 5880
23558 25870
20503 6876
11099 9038
15956 11009
18752 26496
19887 4384
25645 21693
16478 10852
25039 9807
7942 13706
10445 17986
6938 26095
8828 11795
8497 12428
21017 26870
9303 9101
11527 15252
8369 11999
13831 18567
10463 13650
21952 7659
6593 8473
15018 8034
19945 7721
26955 13291
21721 6795
11986 16986
24131 26918
20806 25814
8987 13274
18275 27623
8786 9215
12002 388
21362 11302
10896 17687
6832 3465
14919 8026
9133 7251
21859 10086
15227 2371
14384 2563
22783 27138
24175 17325
20238 9928
8684 20243
19248 4011
20258 17844
12396 12316
24055 15594
10422 21532
20547 8946
19157 3617
5824 4454
15731 23573
14312 6817
13622 12595
7741 27609
10371 10245
7836 4182
18641 24649
6702 9535
27090 25843
13298 7436
23703 21953
16751 26421
14044 6216
22953 739
13058 9409
9937 11146
12918 13228
16740 657
14505 15878
8068 1716
9401 15608
13932 14453
12637 189
22561 25293
12941 25975
19974 22406
22854 4620
9836 27312
16374 20197
23376 10074
16633 1572
14263 24770
14783 8958
13077 1659
13539 21941
18966 13308
15569 2628
19940 8916
7997 7871
11309 25543
27232 1959
21442 10406
22568 12797
16900 1927
27032 26509
18886 4782
16801 7374
13970 25442
13955 21884
20706 23224
15663 12447
6211 21325
6172 23557
15794 11787
14181 27335
9139 27236
9323 690
17276 14525
18923 13271
19215 21093
8749 7911
6139 7273
24120 17614
9262 2803
15293 23488
9406 17372
8005 17129
18924 17379
12826 19114
13057 7105
10115 24987
13125 25441
8534 22436
22371 1700
27769 17832
11369 894
5898 15996
16335 759
20004 24281
26080 15461
20099 24008
15713 25702
22634 21778
8464 11259
14291 2293
7454 14933
21029 3586
10511 17942
20815 25173
14440 19616
9178 9128
14483 18801
10111 4106
5832 14891
20124 9543
21402 11337
20285 6723
9037 2772
7424 15047
6761 23888
22653 10071
21378 23723
21414 26101
16682 11355
6109 19623
5591 4536
8539 1476
16482 19091
6861 26459
14100 27052
13445 17833
14374 10964
22404 26411
11867 11288
12296 8858
20681 22611
18805 12445
8251 14786
22788 11804
11087 18685
10666 16865
23681 11741
17914 972
8474 8214
24867 16859
18049 9556
16321 22
16250 3962
9488 8166
10605 19005
13522 6448
13574 15597
20567 17114
24184 10534
7591 13743
8745 685
15969 3555
10661 5930
27442 13010
6105 16021
8829 20356
15151 4180
19559 1262
10845 8448
10986 18591
23049 13882
19276 12889
16473 13661
20921 18000
9461 10405
18410 842
24800 3917
14517 18928
7135 26415
14340 14783
10347 4107
18485 5963
20978 19419
10012 6887
9992 14860
7460 8386
6579 10325
9824 10193
6066 15345
20930 1381
11166 15637
21199 2776
14271 19716
16201 16962
8849 20877
17984 13582
23770 15174
6737 24533
9162 4697
23972 23580
19961 6439
14916 21378
19784 11393
24213 1663
5854 25380
11364 20275
21109 569
22303 5790
10229 15305
11607 111
21283 18523
6871 7365
10480 18721
5722 21821
22735 18958
20946 12021
23362 26226
14999 19440
16331 753
22036 3356
21060 19112
20283 3914
20211 9497
15606 1902
8552 16687
19307 15657
24649 25761
16525 23490
22482 9454
18943 18083
24374 11833
6097 23279
21450 14263
10532 7666
23447 15815
9039 11417
21039 18617
18539 10100
15387 5529
13581 7240
12243 20539
20680 6204
8710 26654
13503 21995
18736 16676
7550 3653
12149 12077
25942 14239
18078 14109
23303 19139
11400 27310
17002 16303
8681 14586
17324 13757
22671 5484
20134 20128
15110 199
14823 17952
19184 22454
22644 2030
7068 1929
16815 27526
8687 5129
21913 13623
5714 25598
17569 346
15112 25194
7309 25730
9877 11377
8103 16122
19953 13605
17298 26461
21248 5425
20762 22936
24424 16
16239 1330
21133 11198
22342 14958
19733 8257
12901 5024
18250 26037
7343 336
10509 6390
17273 20891
26039 17713
8761 21152
10938 27571
14014 6015
26455 12380
17416 6459
19125 2520
10144 13777
5859 4689
26609 4344
15287 5586
7707 11
13001 25242
17951 2928
19161 17954
18546 18397
23151 18806
19829 21496
10195 1441
25766 4874
9718 88
10231 14806
14886 19743
16672 5942
12014 24360
9185 5483
11223 18755
20545 16764
22630 19513
12593 10540
9964 23358
20812 3001
5424 7292
9230 25382
18136 3579
26188 23807
19199 476
23139 25403
13538 5615
13456 8396
26249 26410
18779 11808
17289 27585
6917 14529
18051 18159
15905 8319
23288 24279
18016 12819
23340 13980
17615 26768
14492 14485
5947 23999
15861 11247
10795 8288
17227 7393
6174 25141
6803 16017
7597 27240
5478 5225
15536 17402
7501 12034
7113 17882
7801 20738
20742 20835
13028 6308
18065 19723
25695 3404
16309 18343
11635 27637
19772 9489
17947 18880
6186 13954
14981 2092
12215 21044
21524 1151
8553 21118
5422 14964
18042 8133
20943 10636
10926 21270
6108 7340
7284 9932
22642 17070
21116 7084
21357 10684
25538 5269
13067 24501
20217 12264
8326 26201
19742 4663
9972 23197
15596 26442
23126 22029
14911 12736
8587 5733
8946 14457
16884 26958
21376 168
9067 940
10732 23394
9650 10438
14289 16842
15799 21203
7050 7039
16297 2745
16481 3292
7367 19322
10616 20063
21938 25703
22087 12881
18128 9684
21923 5397
20294 22773
23118 4630
23973 21585
8624 25873
20529 3980
10654 26359
21785 726
16418 9463
17355 14560
20744 20713
14356 17335
21940 23690
18804 22590
22880 21560
13871 26762
18385 2975
19682 17491
20249 11449
17761 17566
22361 24347
5513 10876
13987 8617
19110 7708
23324 3584
17612 8852
6936 13509
7335 25520
15518 15526
9163 10996
23763 18013
22313 4743
15516 20223
19588 21308
23311 8966
16445 13702
14078 17988
15370 23540
9077 7794
8819 2181
5814 19078
20750 4793
10402 18743
9016 5127
16612 9980
19003 8186
18038 21085
22903 20446
10706 11732
19426 8269
8574 23229
18375 2993
25391 11244
21639 17847
24781 8772
15530 12400
23285 22544
13933 20451
15098 4526
17394 26894
14391 19756
16228 2850
23405 18086
8010 21445
12633 10771
10520 782
15719 17239
20752 5594
10424 6097
23443 27330
24880 18596
17234 6556
17208 2261
8832 18446
10877 9512
27040 2332
24173 6705
22971 7817
16738 9257
8139 11962
15063 7125
18647 23539
23790 27390
7616 17715
18909 11695
6876 599
14680 19069
9474 4003
21103 12582
17390 12266
11647 21147
12843 4891
22490 6620
12428 1470
12887 7334
14314 4193
7102 10758
7527 18091
9974 17203
20733 10288
19428 25152
23867 7928
15446 23749
6081 10148
24170 24698
12205 19897
17327 13152
12342 8454
17560 22637
9560 24450
23465 20774
10131 18988
10166 23775
5656 27096
19665 7793
15983 3298
14246 19256
7549 10321
23654 13821
15721 6904
11745 23168
19572 6991
17958 24821
10082 17083
16502 4002
12571 23814
12547 13130
23075 14661
23042 24000
16281 14328
7330 9245
12208 18926
14937 11008
15489 18564
12636 19001
10615 2714
13569 6714
9521 14187
25606 24108
21594 20375
23985 4694
17003 16621
17798 1116
15847 2620
22459 7242
24158 11248
27563 26705
9121 4940
17581 12583
7998 25037
13436 2061
12792 3230
7999 566
14558 6669
18967 14839
20138 20982
13853 11530
14065 25528
25130 20456
18977 6696
17299 11616
5730 17132
20057 26935
22878 2792
5963 19241
20901 26706
6133 12297
17906 17695
14080 8745
24190 15669
5426 4335
18937 3296
9071 14996
23227 16133
19491 23727
20827 14780
14802 12852
15660 21862
20447 6952
12477 18200
10246 1654
24706 6915
21636 15151
10949 4487
11139 21029
25528 5234
22577 22521
19774 9198
12662 5014
25105 5969
9988 14763
12707 26145
25161 18607
21994 1695
14143 25674
17065 6654
16398 26662
22629 20343
11746 23929
13791 23407
11465 23533
16996 7218
19570 2281
6804 21120
7413 22075
15290 8349
10828 9599
12819 3468
14210 16513
5641 26473
19444 964
22391 14424
19296 17224
17598 4385
6960 21777
6994 13607
20777 4755
27099 19954
16137 3121
13008 8431
7380 1815
8078 19659
17574 16569
23943 22844
19494 15979
14460 24045
18286 11426
15774 19809
16387 27543
16989 26978
25038 20045
25682 15820
17449 10400
18722 10079
27588 7967
6997 17243
17864 27708
20640 1600
14329 24292
11957 16529
12710 3147
18360 7257
5397 389
9723 18221
22041 18679
10044 8019
18851 18727
22109 11544
14296 18921
7107 16192
17737 4839
18402 9952
22681 12652
16499 17090
7294 27376
9120 25609
9269 10807
17948 5377
10951 7578
20823 3656
15604 20519
5672 19329
8306 17871
16341 9890
11947 23893
16317 1526
9851 24052
18687 7751
6416 15341
11600 1858
9239 4815
11520 8694
9647 15331
27437 25150
22750 20869
16627 8872
20796 20211
18973 3033
15623 23867
21145 20312
14042 12249
6608 21047
7265 23765
23688 141
11198 24319
18442 9114
8024 7707
23873 6334
18895 27546
9767 16058
5621 15004
20097 14807
10939 10402
5472 27467
9744 19018
15171 6995
10148 17946
7838 3159
7780 15981
20079 8254
24638 584
20036 25157
21008 24073
19469 20808
17349 15509
8307 16150
10415 21174
17471 17840
16997 2766
9586 25592
15338 20493
26698 12511
15779 12567
12252 12879
23566 5740
18184 5831
8319 7370
8772 25720
13128 9797
13765 8468
8521 17516
20348 26995
8462 8684
7752 7347
20665 13114
19481 7150
12906 5716
22973 26194
23967 6108
8368 15075
10506 19996
21507 16587
24013 4038
9569 13844
16086 1809
12447 19025
25743 8290
13133 26570
16179 26541
19620 7614
8277 7512
22965 15947
16532 1072
12903 1973
6016 13255
15094 4776
14057 5131
14459 24124
12071 14689
16416 4661
15850 22246
26103 10298
23977 16626
6113 5551
20485 2707
13949 18482
14282 14810
19989 2043
18785 18297
8637 21383
11812 1390
17078 1468
19814 2599
7911 7980
5753 17756
11913 269
19700 1452
14856 17606
25613 4863
23396 15140
10208 22754
15527 23045
19292 5144
18333 5139
20378 978
19803 12708
10935 5621
17738 16847
19141 6751
19617 10091
8544 19765
23278 25429
9123 13074
13674 20991
20778 22660
9994 14431
8569 2283
14859 9725
23287 17678
20181 20948
9955 19182
23001 18983
9276 23346
27656 10440
20614 3324
9033 12830
22676 24330
6852 17950
14148 15719
21239 9239
11977 21784
8163 12844
6177 25972
23106 6526
17264 7920
22752 15041
6293 3195
26575 20681
14421 9249
24617 18162
14125 10833
7857 18170
11191 7545
20140 11660
12212 17087
23280 2239
26914 15105
18765 13744
7130 13823
25544 18584
13888 9272
13550 1496
20954 25523
17376 16118
15405 14817
6193 23908
16523 4913
12586 23937
16561 24577
20990 11307
17392 4603
19156 9137
22590 1401
19202 27595
22710 1618
6901 18503
12000 23586
27620 4396
21108 21504
11320 14226
26300 16284
11036 3099
13438 16939
9308 12443
11102 6368
9074 126
9078 12290
7057 4608
7428 11656
14341 25469
20259 20400
6072 16131
12746 4999
17135 8177
7115 5227
5860 16521
5423 25245
23219 8501
9708 10775
20818 20036
18650 20207
23530 22179
6192 1991
12463 5959
15296 18064
18159 5662
23783 26886
18702 27054
21525 9784
9112 11875
11437 17970
7198 4320
16648 24242
16324 9253
14584 16448
12087 26052
5755 3297
19929 27746
21007 4210
22345 22214
14855 23430
13936 13123
11641 10689
16404 11399
27429 23271
8104 22673
23997 1113
16017 25797
11687 26679
12242 8602
11718 9199
23815 20612
19679 11718
17619 11392
17839 4841
5777 10606
11003 6132
6872 6117
18457 15651
6160 9135
19633 20871
7283 22685
7016 19564
18283 15012
10430 13751
10791 22115
24164 4649
7622 1427
13362 2436
18412 25297
8736 12481
18854 21574
16422 9619
17509 16988
27685 19189
23314 23583
21966 403
25897 13047
24224 7759
11318 27444
9338 2597
24753 25832
23863 4
7843 6665
16400 17008
21313 10426
21303 5305
5857 5366
16013 8281
23796 23642
22439 20719
13531 23709
22843 7797
23965 7041
15149 11327
23582 21739
7643 27316
7523 16159
12785 22697
7435 7869
16487 4625
7782 9357
5969 6894
9694 15046
7091 27477
24186 13451
23448 17932
6847 24786
9709 1591
19360 23965
6376 13479
23743 12433
7279 2555
19569 7730
7598 14264
10217 7302
23572 20992
18303 21455
13285 10479
8813 17532
24098 5441
16556 26952
23775 15500
17358 4268
9620 9681
6250 25729
7852 13899
14199 14339
10904 1830
14863 15933
19290 6427
13450 9859
13496 8390
14649 19803
15849 5954
19261 13822
7635 19957
24321 11346
25364 8070
6798 10432
15203 25422
13059 23400
14969 6425
6042 23155
9611 7881
17054 2689
7218 875
11782 24263
16855 15711
23244 2635
20524 3461
11827 22512
26284 20804
18920 21966
19690 17228
15241 14006
7651 21271
20384 18422
8852 13536
17858 14658
9743 11465
19310 13223
17613 25262
13150 24817
17842 24910
13233 26445
15848 26390
17773 4140
12285 17389
17039 24458
5752 4989
15347 8611
10427 19305
8777 24568
16934 23858
9491 20127
13196 22281
24199 21893
7072 23445
21388 12654
11487 23118
9142 7985
8199 4042
17304 10257
22618 15646
19010 720
23880 14122
8144 1018
16524 26025
18891 9008
6300 16619
13286 17621
9945 803
12011 9407
21671 24971
24258 5690
7920 26515
6878 12661
16697 2132
20985 9910
13304 24151
19834 22068
8721 392
15440 3888
21616 5607
13498 16193
20575 7787
26509 26569
11999 6202
20961 25848
8055 27722
16111 10003
14978 15263
15034 2433
21253 4676
9790 4321
18215 7096
15339 21111
12639 25154
11764 12221
12703 21974
15987 26699
18762 17888
17175 19611
11877 14049
8159 13028
12847 14499
13615 21826
17277 14180
18158 12906
12375 20942
21047 25361
15902 4186
12762 1599
20852 8608
14404 13229
5894 9575
21177 19744
20341 3130
8531 26562
10606 20252
10142 20793
9870 8422
20546 23353
12220 52
7035 22831
7480 9916
21714 19410
17023 19368
21581 26404
23089 10509
12879 27340
21583 9193
7466 12901
19786 25637
20176 18547
27738 13051
19934 24324
22100 16582
15689 16934
5750 7805
15147 24838
18892 19474
5751 5668
10903 19510
13770 1454
17542 27506
11361 3475
10409 4569
9928 27084
16606 10386
8638 10827
23639 17344
15834 20137
14723 25799
23792 14427
16798 3405
10830 17277
20053 15269
18617 18211
21035 9184
9046 1349
6616 27370
13512 20372
15698 7612
9281 4175
10515 5443
13274 25526
10224 2864
12053 754
13444 13970
17496 18197
20198 5783
20456 7524
21218 10618
23828 16373
20998 19692
24043 12286
9253 14922
21575 9159
23842 13332
14462 18403
5846 27686
15418 23846
12550 12781
11992 17633
6212 4333
9302 15982
8880 14173
15873 17825
18940 7726
18475 19277
17635 18674
26946 1315
22386 16711
16673 27019
6089 10103
17124 13888
19605 9829
11572 11996
25151 3948
10568 5328
16578 1078
6276 19463
7538 25694
13710 19867
11583 14043
6046 24221
10645 25350
13045 697
8748 7784
24488 5521
7395 5609
7447 8434
24176 24515
10169 18444
18996 3210
26020 3799
11457 23951
20094 4314
20667 21694
6660 23085
17741 10619
25046 25758
11122 7818
14616 5200
21315 14251
21695 21699
15385 14916
8067 23254
19294 24573
10042 24760
16518 19892
7578 17753
27708 10936
11289 1686
7889 8902
23271 11640
18123 11673
10888 12406
14107 20466
27065 3024
15254 14147
23762 5478
5734 20402
6401 10311
21851 4274
22056 24431
11504 15875
19315 4463
8141 10724
8960 16681
5665 6840
17990 19456
17271 3675
21527 20796
18893 20037
21771 26504
22257 11242
18033 3684
19999 19859
14187 19961
21151 4423
23795 1276
11008 8097
7975 8305
8778 15922
23730 4671
11919 25582
11605 23789
20121 5275
19463 15080
21441 21015
13217 16313
17715 27202
8100 11122
16587 24704
17618 12587
19755 18986
18046 27046
21511 6922
7318 26652
5709 23569
7023 2053
11033 22958
20623 8381
12113 18954
9212 13490
22150 14479
9630 3166
20143 8267
18754 3652
10290 17525
15743 26788
11494 262
13608 14596
22699 4091
11501 11985
17594 15185
21111 1530
14805 27287
22900 6238
17225 9798
11100 8451
17855 4359
13104 23223
10589 16458
25580 18287
23523 21805
26932 20586
18942 22640
10257 18068
26896 23980
10220 17568
15955 23063
13700 10485
19695 9446
21464 23547
11164 3471
26068 12007
24314 18725
20490 16056
24339 8831
18075 5276
14431 26500
19180 15986
20932 23777
12527 13247
10560 9151
25079 6912
12977 11442
22421 19595
13927 15881
25270 13333
16237 12101
14806 27671
13555 5257
6666 22112
11202 12055
7768 10909
23968 26268
15578 6065
6252 21894
9086 4656
9999 13510
21579 23827
10950 16416
5564 21803
14331 4434
21735 10350
14177 16357
26957 23417
23231 4426
19872 16509
9315 21342
21784 7720
13645 9795
24920 15427
17650 1798
7601 13174
18092 5545
20782 9827
8741 21071
22820 5022
13030 13005
20119 15201
14775 4290
10329 2837
5608 25850
25346 13530
21560 9053
10315 5533
21137 18723
19267 25171
18477 24036
20453 24391
14236 641
6555 24755
7965 302
11220 7328
17285 12311
25309 2664
25764 11293
7548 22879
10673 15672
23355 3807
18255 4185
6773 24973
21394 24747
13678 10781
13592 6413
18260 15660
9772 22432
9531 11911
13205 19942
10910 9167
21166 8004
24330 14847
9556 6939
16963 19693
21049 22204
15787 7647
22270 15588
9029 2019
7499 3683
11390 23758
22976 8086
15798 25366
21565 15873
11208 7025
9984 12925
19799 1778
8947 12845
21377 11691
13222 16603
20302 21582
9786 18261
13562 2320
18188 25000
19851 18019
14966 25467
9782 16537
6614 1428
14037 14331
8804 7110
26238 24120
14979 19679
5470 20198
12250 7896
16741 24985
24353 4187
9958 4201
22637 1045
11828 807
22256 11739
17573 23181
15376 26361
21444 3066
18351 21682
13161 12684
8867 4873
23767 3131
10920 26751
21123 12697
13634 26490
9377 27109
25861 5745
8071 14844
11602 12409
26130 18318
19034 19471
18002 24764
13002 9345
23915 14356
15622 15584
7980 5060
13718 17643
15693 12502
21603 26880
16939 22952
8096 1380
7277 11593
6258 23863
23958 5263
12360 105
9952 18790
16956 4386
18679 16910
19241 15559
10355 24021
11234 15402
13154 17271
16498 11523
15155 2051
22754 792
20994 19037
10097 9093
10838 10276
6572 11413
21272 13242
8758 9467
20829 10182
18932 24321
17502 24813
17011 17527
5961 309
18900 17077
16614 17436
22539 9123
15324 14357
17727 19065
16945 21115
21467 21494
9129 2387
23140 19360
12770 24919
18290 9904
21063 12549
20162 493
10898 26315
18222 16717
18324 22934
21660 13086
24633 21292
20241 635
23998 11222
10637 25159
14446 20337
6417 20814
23816 22662
12433 17361
17747 13277
15121 22816
19500 8742
23779 3536
19242 18082
21711 12183
16911 5981
15587 22871
12578 11955
7593 3301
5420 23422
20322 673
15930 24051
10842 10658
17548 2867
12532 5915
22899 16624
15912 7504
18077 21812
12908 22658
20015 9514
23315 19671
8081 831
10390 26863
9051 12396
20997 17123
6494 18882
9058 13161
9476 25748
13849 12346
18194 9850
5710 25874
10849 12920
17980 17366
13906 21958
22501 4430
14178 9160
12274 24469
10411 19749
12573 12223
7327 5982
7378 13634
15618 438
13761 21438
18288 25334
5571 24041
9599 10032
16057 27589
15019 23636
23636 12834
22124 7942
16983 8565
16471 27047
7683 4093
6709 7501
20809 26249
5465 23398
17697 19983
8948 14906
25359 22088
17514 18940
15695 20336
8142 10062
20038 8183
8764 3697
9554 707
8470 25716
26442 8680
10764 8875
25799 14697
9845 18920
16567 11047
11699 15759
16602 5198
19105 9705
19196 15618
7906 19563
20656 3836
16808 8356
9066 125
14654 4879
14428 13749
16630 1691
9926 22154
11799 14546
16101 15117
18372 27342
22566 8351
19197 6500
16721 4010
10765 13313
21269 24730
20331 20382
15855 7710
9565 23013
18860 472
11727 14224
7298 4927
18816 15206
13297 7996
15568 9572
26620 26205
20858 10861
14641 17679
19171 10507
21757 21234
24076 26287
11684 8009
17552 1710
6724 20273
15584 2297
16443 27740
11307 14716
17624 1624
17030 14850
17155 19000
23176 21954
19422 17482
13302 1442
20018 25857
25681 13395
12047 21477
11665 18843
8898 2788
26908 14050
15716 24549
25680 10539
5905 13808
18899 20467
15557 22614
13632 4416
26476 9394
23677 930
19788 3968
7099 19582
20147 21971
14154 656
11060 10796
9577 24853
22777 21975
27553 2351
13746 2091
10036 23266
9240 15675
8868 23606
20920 12730
17184 20596
17112 5429
10468 19084
9655 6405
20164 17662
9823 16079
21422 7168
19021 20730
8888 19255
15696 15474
20049 13725
16885 24956
27156 20046
13514 16660
19158 5324
26290 3457
9511 14633
21779 1732
20655 6188
19647 4392
6227 19781
6220 9286
24455 6816
6205 17157
16674 27682
10064 2046
19783 13643
16211 22245
21584 23149
12330 3803
22463 5196
19538 27147
23564 15519
16224 6721
18607 729
13846 19060
18947 25900
18735 1527
19266 19626
20092 15991
10585 12519
19443 25204
8314 2454
10530 3490
13076 21797
18310 18823
9389 22133
16455 8578
17872 14730
17270 3720
21146 10128
15331 4382
16914 27472
14139 14758
19344 26859
23627 15099
21688 13263
16693 3060
12541 27564
15819 1162
20622 7802
12749 18753
11893 2021
15069 12707
12344 2147
10038 11120
23751 26089
21835 7602
23266 26128
15138 12061
7122 14228
18063 1453
12983 15147
6428 25142
16261 12424
7474 14496
19717 6233
13800 11569
26707 977
6842 13324
14004 5540
18964 25965
14870 24173
11937 12236
25110 6252
22106 3593
8550 5255
11301 18102
27107 4575
17639 19965
13083 631
11453 22910
14562 774
13479 7160
8049 18811
13239 14184
10298 5548
11866 4508
17503 20883
8779 9723
8992 10895
7536 10498
17992 10270
10078 10899
21748 23428
9745 1531
22483 27428
5577 16945
15113 15406
15431 26994
9157 5205
7028 2001
6321 25760
21649 4211
14000 9296
6621 20398
23344 1091
15490 15291
15209 10077
27084 3990
5970 5526
9874 9805
13609 1352
12856 27112
11221 54
10141 13253
23081 5992
6605 22946
21506 11865
18398 12823
23062 6793
12079 20228
24128 13246
20537 23067
15636 19063
9761 10219
14240 18635
11009 21900
9249 15059
8407 5701
16378 14995
12675 15445
16339 9381
19951 17093
12709 18522
18901 9190
8303 14848
21498 11900
7389 4161
10587 2967
5466 11780
11392 14240
12450 23410
22282 21564
14699 16972
16678 15654
11325 18059
20297 664
21094 4029
13504 16384
20776 1765
19005 25031
7465 20635
24192 8750
22326 11238
19203 3283
15184 14999
24191 15045
12292 16851
10660 11976
7154 6907
9381 7165
18134 20810
20184 12032
19517 23470
24925 19888
20338 7316
5797 7752
14009 11882
15594 5501
13022 5133
22464 5974
19685 10283
15196 8278
11492 24214
10041 18255
19533 5575
9621 7822
7681 12385
19400 3695
24604 23303
18291 25647
20190 7511
13081 20486
6515 22404
21211 12550
24363 8121
19773 13262
20308 17983
16027 6971
10155 16533
14607 21253
24205 26659
25646 27179
26119 2399
18819 16283
14034 4674
22415 22139
19762 15003
17610 24610
26486 9376
20788 22473
8608 21069
18710 13027
16965 13927
8476 12637
6525 16857
20082 27691
15075 2345
27353 12050
19321 13336
25996 10196
11269 23136
14045 15138
15963 17130
19987 19147
12997 18742
7034 21864
15946 3439
23325 8000
21323 26916
5783 822
19226 8294
19604 18417
17001 16502
18925 15360
22659 17082
25005 17259
7118 26520
12854 7152
12073 312
20483 7891
17266 25562
11070 4113
19257 17045
15413 17801
8934 12372
13896 20005
21120 26907
22005 15856
21301 6852
18106 2696
19361 5422
7742 15729
20949 3218
15328 123
9483 11863
17475 12425
15128 8227
8789 26114
10348 21498
25229 8561
19580 1051
21924 16359
9516 3330
20767 24442
7098 4677
15773 9311
8220 20964
20905 10023
21929 3443
5784 8195
18267 3098
15948 8687
17174 25591
8400 7444
6607 8418
14295 17720
7409 11475
5718 17619
22023 25239
14235 945
11376 9707
22816 20650
6920 7915
20361 13007
9383 14979
12533 8544
20825 2049
13745 2475
11467 15114
14671 10220
13617 18505
11237 3340
27641 16718
22369 10559
18085 4476
18470 1200
20390 24205
27098 3671
5907 8629
27488 17911
16568 13869
13865 15055
8581 24003
21052 2304
10584 24960
5617 11363
16960 11609
17337 17744
16529 9073
22240 18818
17854 21199
21468 11019
13779 21600
7453 13900
8524 24093
13230 27721
22606 8874
12569 22219
17707 4338
17526 13658
14652 24772
20984 13941
18929 19266
19687 12761
23085 2583
25416 22441
14366 12950
15340 23147
24064 22822
12279 1985
22383 24836
13290 9780
13677 19361
5938 6276
11336 19102
17168 9117
22395 10154
10998 12228
20888 2873
9960 8127
13315 12493
20467 14293
19283 13136
17583 17600
8812 22167
13925 24926
13463 55
21709 4519
10350 25340
25586 5175
14358 2822
21308 22415
20968 22272
22688 5344
11946 2429
8506 862
25425 9995
20793 25034
8048 24037
14656 10191
21118 21436
19194 18703
21494 2286
13785 22909
27041 14417
15240 1221
14515 1935
23145 19020
15952 26625
14238 18174
19513 26582
27171 4124
9459 9237
11386 19741
21519 23801
22726 17477
8211 9633
25789 11207
18625 25162
8728 5653
10446 9712
16333 4190
25908 23285
18889 23452
10689 24028
19389 18906
26214 7147
10191 8365
20604 22340
19523 14600
23992 4267
18018 23403
15816 16594
12449 11447
21254 20668
17236 9548
6282 2075
13322 25798
12786 23961
5543 6241
13840 5866
15352 17039
14888 12330
14858 4370
13306 1032
9947 15353
16269 9996
23522 23097
5587 11894
8675 9064
9904 22727
26346 6684
23538 7296
13047 10604
17956 22888
13858 7527
7910 27572
20879 3639
15866 21154
18660 13520
7590 64
17645 10463
17098 13185
20515 1842
22706 19143
25559 19326
9913 17967
20107 9709
10624 10739
10783 22049
5405 17144
11670 11136
19725 25503
14243 16294
11490 24454
18498 1328
17328 7585
9134 24677
11898 25684
16010 18022
17360 9255
20726 13491
23186 25175
17164 9580
17780 21835
7505 12965
20534 25119
13541 13268
5874 7313
9450 2656
18537 21687
16364 19650
7969 22381
11532 16240
9493 19895
13266 13276
8689 7559
5643 4471
7180 15451
7334 26401
25554 22238
20182 13009
17821 11983
9283 7467
6948 23931
6027 2722
6743 26382
11667 3048
21231 15770
27713 13238
17415 19197
21212 14379
17419 16727
23738 8258
27457 16480
14968 13786
6725 19915
10538 19002
15030 17478
13922 18615
6015 4229
13012 22468
10029 6833
15195 5098
25040 12492
17568 27734
13385 11726
6918 25927
27077 18087
15053 19873
13625 24376
8866 16091
21683 11505
18602 11511
12032 6151
16639 8250
7608 6609
16330 24224
21054 21642
8951 24785
6744 1608
6087 22348
15823 588
24562 1876
22373 25468
22657 7537
13551 9460
21643 12569
7754 7186
25767 21037
11981 25829
18258 25756
17206 12142
13166 13449
17643 12678
6173 25017
22683 4028
17866 23608
12160 24060
19418 6345
9702 21
19406 25221
24140 6728
10943 20621
18594 4052
9243 21039
26596 10328
9499 20550
8614 6487
19825 5165
12052 7446
16138 5
14618 923
5962 8157
16118 22322
6957 6412
5646 22463
27101 25384
20724 32
17291 17728
22855 5503
8398 1785
11533 12129
8972 22878
14320 4283
8556 20950
15028 11899
9073 4937
7627 13394
22450 19062
9130 5931
19146 14208
23248 21278
15318 14866
22280 9877
22904 25742
15100 23368
19462 1505
25422 3451
11657 2947
25367 227
10076 14621
16142 5058
13208 13400
26064 16585
18394 6045
11662 24262
6991 1123
8351 15256
14006 5383
20532 17648
23949 19483
5802 9465
17491 15961
8219 22189
6887 26522
22181 5940
22381 14984
6945 24133
9387 5769
9305 8573
8186 10
15832 15121
9916 14115
7970 18795
20883 6313
22519 8939
10731 24078
6030 13319
14070 5875
20440 20340
16434 3737
11145 13326
7477 1088
11930 23756
10060 26672
10962 20029
16127 15620
6626 10287
5770 6433
22445 22572
7924 12085
21410 6560
11132 20709
23744 26971
20100 11500
6045 6902
6565 26890
9061 4512
7979 21816
20392 570
22608 1538
18199 5074
9911 6463
17725 23130
8842 8835
16864 12238
13319 6699
7540 15390
23993 18563
26771 737
16245 1547
22130 23068
16610 4247
10774 12454
18832 25216
7667 14682
18581 21643
16014 24628
20414 17859
9487 12875
16871 10529
22478 18648
17278 21688
26499 4009
17774 12244
22660 23260
19030 16506
17450 25635
16026 16494
17383 18670
8382 4781
8922 11158
15207 19113
17396 15352
15326 17408
9412 7030
9597 10548
9830 26413
23235 23726
21972 20335
21960 16419
16055 9185
18723 4593
24924 16966
15336 18441
17771 15510
24931 11577
9763 17998
15599 25516
15430 16199
21892 13965
25761 2396
21440 8699
26848 14842
9936 22353
19411 12392
22112 3822
24549 2062
10163 22596
8822 25892
21152 3949
11302 22108
9894 9205
20837 19504
13190 17423
13789 13608
23989 19013
13219 12489
13248 3637
8503 24849
15927 14399
21409 605
21324 19792
11462 15814
10762 14680
12070 24528
7594 7564
17991 8730
14837 23178
10175 27039
7841 7038
9115 20566
22322 15014
9496 3157
20975 19229
8591 3423
16366 13436
18911 21595
8258 26820
19601 11959
8043 6211
11128 8096
15767 1749
15526 27174
13046 27385
27016 15545
18557 3347
18813 10237
8210 8158
17820 26277
8631 27586
19608 24752
11587 14855
22427 16263
11794 4097
18896 27594
7382 6285
21415 16105
19740 208
15174 21405
7968 27215
19402 18867
11537 8352
18400 13249
7052 21030
8729 21970
12782 6129
12424 5405
23045 22411
8877 19866
11824 2260
18639 1873
16663 15376
27670 17671
18178 10099
23197 22639
19133 26812
16462 8890
18383 1430
12837 21402
21713 16721
16557 804
10905 1816
12821 109
19240 12291
21290 24340
18738 18333
11747 10230
20126 25738
10385 20831
11625 16832
16718 25846
10800 23823
7642 22500
11152 10095
8061 27711
15253 6698
8593 2365
13043 2573
15923 24265
9043 25036
21863 8788
10344 10330
13430 13382
20950 9041
19412 9573
13593 25098
5833 6264
8500 17220
20814 21184
15384 15768
14702 22025
13197 10189
13487 21788
21099 20468
25197 2741
7781 15031
19115 12695
9414 4838
10881 5309
21457 24811
13807 5677
15914 13820
11596 26352
10752 3432
25890 5665
22859 10644
12984 21432
19475 24930
13402 10993
26776 16997
20609 8325
11483 15327
23559 12315
23638 22528
6035 26480
7790 16925
23463 11161
26221 26225
7022 21701
9017 21426
11157 8576
22952 732
16876 12319
22006 26019
11860 16302
22748 8445
19928 27424
9534 16915
20091 14021
24188 12918
8304 16861
10031 19681
20496 18851
5990 6472
11766 23171
10987 22475
15836 17505
12955 20454
20276 19023
10569 24532
16783 19433
19813 7608
7484 6149
8023 12312
6603 5743
20178 27274
8135 1288
16645 19918
8124 18453
8437 11807
25158 22076
27298 15650
14980 6747
17680 23101
17591 4387
7287 7702
11842 21696
10646 1847
12186 23752
27045 21990
17287 21145
27436 8865
17085 19032
19098 19011
24794 7693
17051 23066
13110 8790
14239 6215
20737 27726
17120 15015
27131 23653
5596 21056
17010 17466
7109 23658
13937 18944
5664 19869
18928 27700
27293 18765
5653 3276
17393 7892
8795 6474
21312 7964
21702 7743
24167 19639
6260 27178
21687 661
9484 22790
20775 13188
15218 6752
23368 3366
18930 3053
25876 23631
17262 27284
13123 21533
19875 488
19998 15131
16536 669
21258 26635
8957 6941
11396 2071
9975 9699
12999 13322
15892 10078
8191 1354
12457 21861
22058 15985
18906 18854
10957 24667
17570 18961
8969 13527
15957 14477
7197 16805
8737 18779
20630 10897
9924 4708
7613 20326
15424 19580
14762 23958
5428 16725
11918 19359
9248 14215
6176 7471
7161 4568
13191 8331
5594 9866
21180 4856
25917 558
7792 27462
5557 4206
12327 4718
19806 14884
5396 12168
13283 79
7222 3570
23208 17116
11077 16875
21332 12711
21267 7219
20679 5566
19835 2591
6233 18179
17235 15033
5681 11517
23848 10092
13462 7072
24185 11028
20187 23081
8435 11717
14541 4666
21826 20507
18776 18673
15278 24766
8240 22750
14597 21265
13534 19372
17222 2577
9927 22186
10887 9052
11215 11141
14327 2146
8996 12198
11882 9901
20209 14139
20677 9319
14973 7024
20773 20431
21347 9312
7583 9597
17790 1163
24495 18518
19621 25391
8821 25190
11899 16669
8739 8639
20779 21892
17539 3363
6224 596
6933 1570
6930 18950
22764 26687
10517 26425
6021 26833
11358 19755
16799 25785
23252 25531
24522 21223
18780 20221
9762 10560
16651 1197
15217 11440
17801 8033
16492 8056
9976 11143
17109 14879
18125 1655
8677 14209
7108 4992
9094 18534
23804 8975
8958 25196
17987 4089
15954 4132
19367 12543
21975 24153
18603 22576
8060 25377
16408 6510
5655 9732
10722 21517
18238 20849
8129 16964
12730 26161
12851 17276
13021 18116
16658 1784
14316 23854
9567 4077
8967 5725
11154 5556
16984 16343
13181 2489
17009 5495
22138 9451
16943 14488
11499 24062
11713 14058
17128 16447
20877 9411
14650 11301
10128 12867
10580 26313
9485 1404
27679 21197
13096 19173
16153 18694
26379 10980
6039 2786
18423 1367
27201 6848
20856 24744
6932 10197
27504 10841
22084 26775
6848 286
8496 2516
24238 9837
5950 18129
17326 15930
7874 2086
17477 21297
12909 18410
22552 2901
21692 16474
15162 24642
9404 11162
15671 12732
8276 26813
15993 25416
6873 24719
16526 14579
13352 3046
9429 11587
20553 17680
17338 15044
13098 22202
11205 7487
26767 15990
25573 22263
18241 20302
20484 6818
23881 6223
19301 3279
8086 12548
16735 12716
26937 4316
6085 12457
16326 6125
17998 3601
7444 7428
8760 10476
14365 23094
21950 1217
16004 15306
10844 18111
10363 5787
22645 1735
15603 22008
21327 25533
13782 16318
6025 26036
21012 23362
8327 18108
14180 3357
11883 25583
26637 12361
14645 4585
5497 13951
16189 4929
13973 6162
17964 3947
5679 22666
17279 16749
7303 18536
20581 1733
15403 25208
26581 17803
11500 27658
20759 20750
17785 17547
25526 19870
12143 27534
6137 19415
10688 15084
11791 21478
23055 684
19819 4702
9296 27639
10233 17726
14386 20153
11038 25047
20042 23990
6717 18245
6218 25548
12853 6866
18202 23941
24069 16576
7626 23617
11996 21846
17148 23454
7160 17462
23380 26367
21475 16052
20754 19789
21232 15746
25704 4745
11561 1813
14350 15049
6726 6929
23750 18204
17387 16689
6419 19630
8565 11693
12961 16277
14420 17841
8261 22251
13894 239
20893 1376
22283 16495
18627 19607
18593 24464
23030 4769
24750 22664
15797 25249
26377 5520
15590 8044
23178 9104
26790 9951
26963 10824
10164 13999
9106 9428
24938 21414
16197 16365
23858 9808
11714 25828
19553 20516
14800 618
16793 2338
15355 17235
24061 12507
15947 6388
16915 8280
8290 1043
10472 2769
14251 17151
15303 21215
7619 16252
13820 218
14798 24423
17313 5958
6690 13338
13916 24427
9451 16836
25322 7182
10681 7950
26717 19292
14511 16762
22346 11171
6159 13160
27349 12027
17614 24209
27587 17898
21001 6134
10593 24483
17744 15790
9778 12682
7170 5683
23074 24663
20050 18315
12648 17846
14784 18757
21558 25132
11048 22009
8309 5264
19619 7002
15452 17346
18479 26293
9508 5583
12323 13584
8046 12068
11837 22314
13039 11564
24852 2920
10956 7209
20409 23305
18869 9510
13345 19382
14104 27411
17346 22215
19920 6524
9966 22743
11735 8005
9963 5674
17831 21045
6664 1433
10647 2222
22235 249
16371 16648
9741 13679
22742 26213
5754 4212
12978 15943
11189 27305
15638 10757
17504 1685
21569 7570
27552 17989
22209 15007
10081 12955
11932 20526
6182 14591
10108 18610
15598 22889
11959 9874
11801 21644
19368 12343
17551 14231
17753 17270
22274 17652
25818 20577
16273 26000
18573 25406
15465 12280
16867 12362
23506 10977
8083 6399
10043 13044
9915 25700
7376 22740
19064 25092
12698 17831
15104 13120
11258 2253
7181 851
16571 24739
17791 19562
21681 18151
20675 14395
18521 3912
11652 12745
19925 1980
16761 7631
9279 5451
21194 25642
9766 353
21813 6042
21889 6893
5957 27351
15585 3125
20938 22233
27447 23901
17893 9686
26763 27188
22908 25265
19581 11822
5983 27555
27682 27249
22983 15095
18247 23879
9758 23745
9000 16377
13650 24629
9818 4690
8682 19296
20128 15659
5862 22055
10738 5134
21606 15209
19792 26592
17040 24622
24546 12048
6098 17842
11011 11308
17025 25683
19096 14624
5878 22358
12389 17393
17637 23198
20525 6901
12951 18623
10032 19988
6908 22654
19032 18935
7114 465
6619 3531
16861 12698
9332 18016
11686 3503
9775 591
21256 9045
21185 15834
8792 24433
9713 7225
21740 27107
21191 4154
8784 3615
5756 12271
21074 21392
8463 23824
22047 21910
6358 10961
16644 19315
17834 15948
16514 14183
14413 16635
19741 14335
21030 7672
17162 1810
6859 9364
14522 22419
15214 11843
27158 11550
8101 5844
25862 9443
17181 20234
11430 8623
10958 17552
8776 17485
13847 23072
22311 12405
17067 2203
10072 26450
25916 21352
21225 22507
22244 19622
7765 24763
21135 23701
11916 12181
24426 5267
12822 18618
18317 18328
18382 18582
16955 26741
7117 8120
17843 9037
24149 19861
12358 17417
16515 1035
23728 23713
21915 16086
14422 1992
8834 13539
14610 26584
12862 1304
5705 18816
15088 25813
7510 4721
5842 19499
16000 4923
19683 24818
9245 18450
10339 20068
23318 25040
10821 22799
6644 5424
9520 25220
24161 6007
11660 22102
7470 24489
14801 1602
14964 1187
10931 21867
10867 4447
17849 9244
16635 8651
24375 264
5837 12947
10469 25963
8354 16375
22315 24096
17268 26269
13952 2949
10269 17741
6596 26227
15065 12106
19785 5013
8416 606
27088 13446
19537 24033
10623 25625
13696 9293
23353 19096
21446 6063
27140 6706
19380 8844
27492 2169
15736 430
17303 23746
21651 23511
13370 4607
20648 1024
24029 21142
16880 21026
9295 25001
9103 19100
6270 7396
10306 1107
17521 4236
6529 8634
17472 16959
25243 282
16868 3760
9497 27407
22830 734
14629 8098
6549 20568
9910 17015
9729 13764
17762 15682
20237 61
21645 19955
20336 7440
13679 6534
19895 21300
5793 27120
14313 6136
20583 19235
21792 1617
24051 8793
12223 8213
9064 5564
18387 13814
24203 13339
16493 23559
23159 22428
23827 5156
5979 24172
11194 9206
5582 22734
12485 5523
17916 21415
17353 13037
7526 20010
5622 16514
11459 9097
17474 14088
21432 21227
22555 23287
22089 867
5890 2710
15322 27431
7758 10170
11224 14165
19461 4837
17131 8567
20251 24604
19578 26723
20293 14523
5618 23294
11592 12416
9293 7814
7316 24500
8052 22490
17424 9420
24142 26266
24151 19643
15561 4499
16501 4351
20768 14913
9197 12579
15380 12191
6391 11271
17597 4787
8338 10816
15396 14694
21897 3938
20430 8165
24510 487
12283 5834
8361 19874
18995 8216
6669 10822
18021 17722
24189 8550
7082 6592
9600 13486
13295 15362
8212 15879
15274 15551
20972 12824
19022 6920
16776 2706
23888 1761
21875 17714
15800 11456
5959 9853
6114 18156
15444 27559
25905 18667
7029 451
16064 11092
23425 14531
9379 12306
27518 142
16108 17919
20142 18527
17900 5778
11636 2472
25768 828
25186 19325
19827 16618
23904 11828
7043 23579
10028 20542
9254 27208
9920 2557
5800 8002
17935 15285
27216 24928
18345 27076
14703 7561
26121 26212
24329 22531
6912 18002
9581 8038
6003 25899
16144 23463
13704 5604
12114 14690
22034 8554
14733 1557
20033 16055
21147 20017
17641 1763
17187 20643
14127 17196
18636 4764
23936 16595
11786 16680
10279 27561
12832 5488
21578 12760
25712 8908
16123 23465
18064 3667
24102 23550
10557 19618
15397 6561
15730 7844
17995 4922
10590 8242
17819 9852
9433 14831
9882 17403
16931 15013
17041 18497
7763 7379
12564 4751
21023 19286
7450 22819
9969 3367
14839 6757
8753 22583
16574 2697
7364 1388
9219 3090
22827 14696
17248 3335
14129 5815
21083 5916
22810 20082
22652 733
13595 22764
9410 26543
21500 15226
7406 18347
13841 26828
12453 744
16875 11859
9539 24086
12026 16710
23131 25663
18346 4342
26662 3013
7766 764
18839 2362
20325 18103
15035 9947
9607 26472
24019 22119
10934 16998
23975 8849
25973 22150
16358 14129
16953 7083
11268 19077
10500 2207
26664 16905
17267 19952
9466 15696
11567 9722
13798 5053
18452 19247
9312 19219
18449 1965
23002 3786
5568 10869
21339 419
7250 7051
13698 26936
23648 20962
14847 8607
12525 21484
18922 18638
19804 11906
19747 18952
19413 7954
8446 12042
21879 9363
13427 19378
10979 26365
21154 232
25028 18092
12261 17849
16694 3185
8123 15369
12759 6600
6110 14554
23272 5362
8019 19373
15810 26045
9141 24091
7678 20532
20607 6263
14203 20558
17090 14644
19460 7009
13074 6532
27727 14345
25236 6301
27345 15101
13368 1983
19723 9429
9653 5154
20077 8194
22360 26961
10901 6674
21155 23277
24050 150
10222 4294
18044 20488
7060 23805
16392 20376
26912 10488
18175 3228
19568 20014
11275 18532
19734 22453
25675 23290
22548 14188
23128 11913
5906 1952
25219 15404
23234 18622
10644 4885
15928 9957
8527 23732
14866 12332
18029 6774
8512 11445
20441 20981
20157 9374
15551 20022
9235 12308
7090 10932
11849 13579
11397 13594
17754 24554
23404 25120
19227 9021
18209 4345
20556 1674
17397 23157
16052 4584
7514 14313
17695 12665
21188 17965
8612 6869
6237 10891
17877 2249
15748 4791
18850 22957
20703 24789
11689 296
11869 21423
13173 5558
18037 24026
10110 15687
17454 3855
10399 24631
18699 16822
19039 329
24392 20309
17617 17165
11528 6841
18180 3336
7476 12120
19056 7423
16918 8662
16701 7808
14397 25475
19300 6690
21469 13478
16067 1081
9946 15655
8316 21949
12273 11104
15386 913
12440 5190
18107 26601
17517 23431
11232 10159
12290 23996
15388 13891
17993 11314
16451 15860
9417 16668
7786 17754
25196 8701
8411 21468
23406 10783
19781 4917
9598 13408
18497 12600
6265 25193
14575 25958
20431 4043
12399 15179
19029 1500
14396 19690
13204 5228
22343 26261
15555 2256
15909 2895
21568 23750
20235 6286
23300 21661
9551 21243
7446 3055
19164 12951
6167 24562
5549 15877
16354 15917
15179 13851
17596 17740
24279 25687
14025 11362
18553 19884
6890 13776
15316 21180
5550 22814
7995 1773
21087 26745
19780 4774
15077 13356
10556 21027
26317 26151
21200 534
20608 16532
15619 6190
22549 20547
16304 26831
6588 6031
6963 2440
15500 16362
12859 14512
7425 2379
15840 18873
5813 13426
17095 11282
22251 19656
22848 13664
25447 19184
6202 7011
7026 9057
6020 18362
22814 24511
20502 351
21130 21413
13160 15232
14375 19217
14095 16978
13673 1175
25670 19290
8238 3742
15202 19680
6421 20230
8143 11130
20638 16611
14672 15254
17325 12893
16095 2426
18053 3643
26680 24229
23005 21666
12561 2437
21335 13600
21380 15314
20739 10652
6195 25917
17718 8693
10103 5873
17623 19921
14840 5125
13766 13758
26683 16216
10040 15918
6263 24976
22970 26384
16241 5367
17673 1731
20204 3880
22216 14717
19702 10337
18448 27343
18118 26851
16979 4448
26654 13279
20916 13227
23387 13042
16056 15833
8584 18474
17063 3714
14907 4047
12588 3953
19921 8601
26167 5239
21691 3116
10757 5231
21474 23909
19576 24499
8166 23865
22347 17925
24132 9044
12165 7555
14611 1397
8434 9368
16177 19745
5713 22491
15448 26749
7631 1701
7289 11431
24091 5298
22625 6104
16003 15108
8268 21385
11381 3310
14750 18941
11276 22891
6059 18443
9628 6086
20804 20244
25801 25038
12423 14770
13517 7587
22538 26397
22163 20529
11890 21860
11130 27226
14292 386
16382 3734
21935 4973
15722 2941
15222 26764
20452 25510
19705 20615
20992 4437
22729 14893
27699 16148
7358 1564
12991 1937
21005 24122
19694 10343
17316 24404
18935 4943
18401 17700
24837 23311
25386 14032
20051 27100
24840 633
15158 27007
17759 13695
6754 4084
13546 7674
9843 25355
16334 3213
7851 17390
16838 3214
6370 1129
18579 10444
6533 17806
14503 17439
11488 5694
8914 26067
14043 23534
19859 5349
16753 21442
23982 21384
17409 11345
12579 26207
19932 20438
19822 21993
12726 8013
9024 7171
20728 1696
7304 3828
11016 19539
19031 23487
9314 3730
13950 19565
23561 26033
17055 4369
7136 12003
11394 12789
17642 1156
16519 24875
27175 11635
16611 453
11767 25156
21846 23200
18565 20004
17487 413
12201 5215
6206 531
13458 22561
7202 2572
24848 23238
8968 9478
19129 20260
15342 17588
22325 1934
10736 7061
22302 2883
24168 20618
25129 10963
20476 25896
10203 15022
20758 16442
9172 26079
18941 8051
15647 23551
22518 5021
27340 23822
12191 12694
21449 14841
9587 18836
13018 3376
18845 16334
24577 709
16399 2504
25347 12431
20550 21135
13662 16538
21277 17183
20059 7297
9194 23986
5678 18024
13163 10741
25429 8531
11608 4850
19459 25155
26839 12902
23812 18023
27702 4875
20589 406
11529 706
20598 14800
9538 15054
20195 26630
9126 6566
7295 19309
10741 22002
25252 523
16112 11520
24118 24647
12744 7305
22559 27410
14557 23964
8542 13088
5567 5371
17179 2860
23408 15171
10210 20088
6088 18658
8335 13325
11954 22039
22850 11170
18631 3626
16353 6322
11439 1133
18039 5727
18444 26964
9119 13942
12742 20329
5841 6246
18569 21605
16548 21096
18404 5846
13382 16292
7640 1645
10165 16736
7482 24977
25389 14568
17159 17287
17638 9165
14852 1752
16683 19398
24806 17760
23161 10349
14873 4703
10988 9005
7825 15057
22702 905
8525 9624
9777 6088
22121 4695
14970 1832
16028 6994
16007 17627
21065 14151
14991 15883
24647 10493
8310 14983
19743 12547
24008 4849
16883 21055
9726 13259
11162 15472
6609 15392
14717 3173
17563 2179
14655 9685
7988 1953
19715 26632
22344 9869
20105 18637
24962 7929
9722 6333
9186 22084
15874 26614
9967 14820
20244 6265
11871 22038
5662 26945
15434 27764
14265 4343
14222 16167
8248 11015
5649 20524
11784 12235
19860 5596
9703 22042
10226 19225
10733 8769
19816 20050
17840 18929
20595 27724
22586 18713
18708 17797
18335 11829
11210 15257
16685 17033
11338 6607
17982 19544
21075 26726
16705 13604
7475 20078
26691 10505
11129 5534
23134 19550
16252 8476
17929 6850
10740 24348
7137 23270
21876 17146
8336 4478
20449 12019
5436 15280
15226 212
13783 15749
18177 8859
6283 3985
21459 27266
10214 22887
16312 25376
9190 22642
19797 18260
27095 21313
10420 10121
5773 20263
17004 10248
8317 10290
12923 26542
22368 23070
20377 21495
17636 23202
14208 17446
9091 25620
10084 2641
12499 15342
19185 18005
18363 15416
18028 4406
20882 5724
8570 19294
10839 27421
17407 26476
8579 679
22736 15100
17386 1291
13017 9326
19259 27663
20840 4155
23108 9266
7919 15508
23019 4479
21425 5426
12881 21548
13848 17
23963 11953
27726 2172
18576 20567
16730 7058
14330 9997
21479 5204
23365 26155
13256 19347
27531 6574
20811 27743
7992 21084
20781 885
9914 22063
6774 14028
9359 18630
22039 21809
12604 18908
20870 13637
17389 9987
13214 17647
11797 22458
14373 8087
20500 1311
8535 14061
14711 7021
11047 7592
8128 7764
7062 16551
22493 23513
8548 5106
8775 21935
12213 7412
11510 17499
20989 23184
8860 12160
12402 25314
25830 2486
9198 4026
22037 12723
6000 26484
17189 12777
12900 15336
8564 18766
23133 24725
8704 6981
19071 23512
5945 12613
16896 15817
26669 11174
26015 6256
10421 5473
10442 22243
21373 15501
7726 12327
16924 18236
14001 7163
23221 21472
8730 24534
9287 26977
13253 13916
17657 1384
7134 27481
19187 27736
5835 3299
5579 16165
19914 11655
23836 3489
9104 10408
5849 16809
15644 13494
15082 14276
16681 11825
9923 24884
27723 9803
20839 17309
20150 16157
15256 8922
23269 9149
15362 26678
21831 8191
23171 2289
10655 13108
27691 9436
8442 16024
13361 22669
9666 27732
6586 14755
10150 21972
14059 24894
15265 6832
16234 21125
18406 12821
21110 25589
12153 751
18986 15453
26357 7231
8754 11268
5840 17193
11604 24641
24100 14863
13777 12843
18488 16825
6617 22530
11601 1689
10591 421
20214 11435
22298 7249
17978 2250
9192 13391
23320 11974
16421 11922
9070 26378
24441 23331
22732 19094
19322 17176
17296 25143
18781 7921
23829 20173
22003 7018
22329 11210
7498 2198
6747 7858
23060 12267
14688 18826
5985 6178
22191 26347
9895 4600
20599 24044
18864 5273
23013 4249
9477 749
13664 20748
8505 2550
11575 7137
15872 10707
22951 9522
19364 17922
17677 3520
19468 18577
25734 7263
8826 4780
8196 23528
14730 2566
5918 9087
24422 16035
16039 16996
20505 11295
15792 24578
15111 16230
21233 9462
6527 25101
22022 17694
16433 2601
7083 16378
23400 19664
20637 12233
19027 1750
12645 16991
8040 6451
16476 10921
20232 24038
10157 1540
18023 23883
21818 11137
20519 2337
16074 26714
14922 27190
16927 21904
17305 22357
18059 3289
19749 7560
19312 3961
11222 16261
7907 1984
6916 10898
21306 14307
22388 4797
19778 16743
9196 25887
14176 11803
24687 23300
10481 2085
18478 16245
17080 12390
26563 21347
6132 5420
21273 15225
10071 22916
7826 5829
22861 19014
15463 14556
16001 14768
24084 14601
19791 18253
24478 25308
14871 25404
26907 27723
8511 25570
6275 10677
20375 19981
13198 21213
8816 7703
21841 14059
15045 5832
20738 5980
8000 11408
6795 7812
18399 20674
9759 880
17352 4402
17029 1048
16710 10759
7299 9517
18273 13660
20566 20988
7315 20358
9384 25084
8633 13796
6870 6083
24680 6849
15464 16823
14439 2911
8395 14245
22897 22196
19316 13972
11838 2617
24209 9261
21912 7658
11802 6049
20168 10059
8827 321
9143 24999
21769 24002
14836 20288
18970 12450
16535 2708
17943 5648
14713 25427
12957 8119
15437 17976
19790 24777
20239 3479
23966 22902
7267 21629
21744 19810
6028 391
21953 20676
14751 4227
8252 10633
10643 4241
9604 15008
16328 19896
21710 21628
20509 23146
6762 1504
18082 23319
15213 23256
7895 22161
12763 11451
10992 10381
8168 10580
8738 17706
23215 11979
7545 26369
9118 13495
23470 7438
13920 14688
22949 20952
8747 18003
6632 15673
11543 15266
7488 6634
23789 22881
20242 21706
17899 14266
9093 16102
22957 9615
23416 616
11227 12872
6231 15529
5836 20647
9842 3238
10948 20904
21016 16208
11847 19794
5987 20346
17928 12237
7718 17448
22537 12078
15597 2668
20226 17285
22546 23857
20438 5449
17127 11223
12241 607
22355 17007
22709 19396
15031 10907
18451 18258
13093 25621
9215 26307
8802 23343
21055 2277
8702 20986
21379 25538
12702 16520
20389 10247
22890 2875
5576 21573
23031 25722
23029 11729
8921 19336
12907 7476
10037 3263
17196 9355
13476 6092
14430 11824
8490 5300
8250 24870
12476 3687
12100 23312
21856 22985
9637 6641
12384 17686
27111 18173
21186 9900
12461 24538
13535 25035
10416 4825
25272 17310
25915 8324
6170 17874
9460 26716
19220 2340
14310 2369
26672 24208
10020 7957
11868 24010
14352 13006
12537 15580
7986 23918
7750 895
22350 16210
22082 11474
9706 26655
22225 23380
20257 23105
23980 21090
7379 25698
7623 15214
22520 27011
27381 23383
6990 16808
23697 23558
24512 22859
26560 6860
16411 13459
15781 4826
24052 1064
6255 7681
18709 15159
25747 23324
26107 2153
8134 10742
11502 8527
11213 23038
21064 21874
14453 1982
18483 5208
16299 11905
6998 5742
17283 3702
9897 9030
21292 6615
18799 15085
17898 17488
21613 9569
23164 21490
9986 17764
13756 11596
14027 22554
24412 27105
20922 18054
7331 4372
18403 21818
18093 6359
18997 6964
6196 8457
11216 10028
14530 22964
6713 5103
26795 7953
17122 2977
6935 8410
9735 20918
22420 20511
15589 7289
20919 19663
20007 19131
16018 20545
16195 12378
16704 4853
7458 26285
14754 5259
5406 27415
13764 23008
16181 11532
26062 3396
8044 20030
12180 1487
15192 25527
5395 19875
18192 2102
14290 18706
9177 5427
19902 3373
22554 21915
8122 22703
8333 22052
19286 12710
17359 713
12207 225
12809 14433
22080 19830
9161 621
6897 19554
7534 13653
6002 20698
6652 21674
9202 20321
9940 7132
19159 15998
25430 9366
11888 12934
22875 22493
13544 8392
22077 3685
13326 17145
8217 12685
19564 15173
22530 2775
15372 13428
16534 17592
18111 23296
14647 97
12359 1114
20708 22820
8498 24257
20010 6300
20002 11934
17314 21681
18981 20974
9965 17937
26389 24873
7063 13728
24331 8841
27480 1289
21778 3858
23497 407
23168 11672
18052 6745
20069 16101
9665 18193
22992 16110
11263 20057
22141 15025
15752 3211
15292 8766
9034 14883
18364 997
19648 16391
5919 11730
8065 14938
10711 9177
7306 8385
14559 23436
17796 2503
24579 1491
9111 24868
9309 25211
23468 8869
10698 47
11199 20220
9746 823
10730 11705
26649 4497
16852 26011
9535 19764
11936 9849
18500 26758
12727 2116
18319 14703
25514 8603
20959 24802
6121 15516
23914 25649
7789 23203
16051 3793
5438 8197
8962 10906
23921 3556
10650 16952
8825 20900
20864 13692
7668 27041
5758 12143
6736 17582
16640 12574
6513 16434
15177 13278
6169 20016
23852 20090
17293 8347
8200 1995
27511 20237
17719 22223
16846 19826
10135 27717
11948 1882
11991 25577
9392 24750
15951 22443
14853 25658
19207 23471
21426 16755
22999 8819
15368 17424
20795 10853
13313 18117
12711 1682
14099 5824
21869 25438
9631 7829
13377 27317
16456 20311
19984 9756
15712 3239
6585 18802
22696 15557
11664 11770
12219 23206
27615 4261
22312 15437
24197 1469
10860 21422
20125 17729
6618 5360
15875 22005
12082 27396
21499 513
6672 9110
12531 8600
21418 14704
19955 483
20518 9553
24262 8505
14496 1545
13457 7617
15514 9047
13806 2444
18322 10043
17332 14870
8590 25928
14986 12301
20246 16356
21149 27038
6844 16026
10190 22153
23210 19271
16105 9485
25793 21514
21073 19995
10039 8584
20311 11972
14663 26568
21138 2000
22007 3245
13325 10872
16124 3408
11424 24794
5584 18309
13187 4058
16764 20805
9328 11209
16646 9833
22673 16380
18465 6501
23420 4775
21969 19960
19332 6165
18313 16411
18143 16491
20273 7988
21026 17743
19275 4358
25938 24566
17295 12350
22166 16994
8545 2660
9301 10970
23614 24164
16942 1122
6993 2931
25408 16487
11163 1028
16219 11416
21914 9334
20510 9689
19973 13337
7648 3260
14521 23664
17512 2393
23953 1877
16986 25356
13358 22777
14410 23799
8935 8901
7353 23073
19177 10361
23924 1132
18486 7724
18835 6346
9695 688
17237 16894
19123 22529
5546 9439
14848 17675
17281 10825
9642 17349
21174 1281
16505 26042
8274 26610
10049 20840
6752 27235
24046 25818
16964 21950
10334 632
13255 24104
21345 7651
18999 418
11031 5207
27056 1443
14101 18329
20488 939
23957 14564
6412 10502
21219 22066
9970 1112
17932 8075
9237 10348
6576 3202
15822 649
15701 11811
18837 23686
10491 4404
8650 7653
15677 26855
27168 4355
24940 18907
24907 15923
14383 5130
21734 1620
7032 16884
17894 19860
16401 21951
23371 3341
17794 5577
13755 22998
16355 3798
12303 5746
23040 27377
5648 16829
22547 25522
9310 17035
19535 4331
5952 3031
19060 6184
6846 13775
20945 11391
23761 9858
6949 3300
7064 12503
21772 20476
23527 14401
19714 6796
21084 14822
6041 2780
20897 15836
18817 26231
20551 8936
23399 3892
11167 898
18890 21168
19721 6819
5569 27698
23274 8746
22677 4039
7853 16321
13169 2879
13981 24574
9282 23613
14860 27403
8875 20121
22351 4673
9660 6460
8507 16120
25597 1790
19782 14653
19035 10415
18048 3521
6581 16433
22531 14446
9105 12289
8725 21109
18577 4990
8757 22362
8920 12282
14975 9022
16850 6954
20659 12573
27512 9449
10812 8968
16826 25986
16338 7662
21886 1303
19432 3385
23987 185
18013 24955
20362 19836
21585 22747
7319 3518
18386 12620
22631 26305
24085 2627
23175 4492
10527 13745
10301 18576
9930 21976
8256 9156
8541 15699
14376 22622
19423 27246
12403 11190
8759 17094
17640 12624
16873 11031
22418 2700
17815 21108
6157 14342
25019 4170
15021 13349
26322 10722
17604 394
17572 12739
15880 8132
21596 17336
15505 20404
17750 27575
21674 25882
16631 15539
17142 886
16168 25903
23084 8251
6875 5555
19208 21511
11442 6191
23099 8470
27571 27373
11839 11093
12146 25912
15860 26233
8379 3234
27459 25286
17729 5100
8160 16942
19417 5782
18371 24006
20743 21070
26265 24459
18563 14809
14914 13603
18917 19993
26161 11196
18807 2401
26643 3224
10723 1324
17859 23280
10902 26013
9662 280
18741 11598
25477 11279
11663 27413
19894 13932
22635 19133
19584 10776
8224 517
19597 7782
22771 9592
6052 11607
5717 18460
22349 11584
19106 1019
11343 25768
26817 18593
7031 21750
25678 13862
6278 6133
19609 440
24200 12905
11833 19375
17114 798
12939 1513
10535 11952
11383 20110
18068 887
21162 18063
8218 6564
21268 6036
8485 17522
17717 24539
10861 176
9238 12578
18802 27427
11851 10845
5941 15491
9020 2226
11993 2610
19718 18234
12422 12806
25953 19588
20576 4880
20863 24827
11324 5075
12085 6330
6422 245
19058 18751
27176 3272
10906 18561
9891 20053
12169 12439
10462 20975
7926 8547
17950 27733
11638 26331
26968 9238
7193 26970
24145 15270
19145 10865
17463 13020
5581 3618
23374 7740
10314 20705
22842 17915
16393 870
10005 9891
18550 9317
26370 4995
7778 17536
15485 25604
13437 14819
14415 15018
27383 20286
13374 24289
6104 26760
11319 5073
25448 26330
9473 11559
20040 2703
27606 27009
9951 13183
6892 19885
25661 27422
10665 7939
8663 5627
23905 13565
8622 2200
14204 4040
14378 13390
8380 2495
12276 27062
24006 11580
6893 20578
14707 13220
19931 22648
19674 26217
20317 17735
18450 8313
21189 24013
13921 2889
16314 25514
6894 12742
13116 193
26813 21832
11022 1601
17423 10039
18225 18469
10570 5838
7191 15375
21322 23773
26440 17360
14807 22386
27479 17883
26722 14101
22865 11018
16933 13499
24058 21475
13833 14888
12535 27754
6854 14136
27506 16873
9035 14472
6273 19455
24016 18613
14697 21814
17462 13948
22809 2667
18846 13771
24608 7799
8440 21493
8919 5174
22236 13518
25403 16083
11368 14686
27264 10315
21971 26991
12401 27388
11284 20183
15769 791
24301 7573
11409 4313
8058 18299
7049 9744
11547 704
23492 26982
9052 27705
7173 20084
6019 5347
14832 21753
21157 12313
26975 24217
25937 7809
7247 5993
7495 26386
19163 24916
6253 11688
12706 26096
14727 22071
12291 9561
19214 24952
7204 3690
10970 18254
17302 216
21555 7295
23188 171
19952 160
18583 14975
16668 17585
23539 10862
19209 21076
16167 23167
14617 10439
10057 19881
23452 17945
22628 19049
19969 18421
18285 9826
7065 27490
21745 10985
6601 3321
26136 12053
26373 12483
14424 22827
23397 9895
19864 21488
20819 26146
12542 11819
6903 7737
5954 20282
21025 14735
19818 12649
14834 27654
12368 1053
17732 20365
20320 222
24717 5352
8360 19298
7175 2244
17558 423
23107 19913
5976 26595
9458 3672
14724 5178
12176 18398
11131 19932
21828 21664
25746 16029
25504 6185
14708 26596
22457 17195
13278 12402
25441 671
15285 19737
17625 18035
18374 25821
19540 23126
8820 20002
25041 12497
22321 2189
13035 15211
14368 18898
7321 15230
6343 18916
16642 14929
25078 4022
25356 17370
14427 23493
22189 16449
23658 16114
11303 16858
5827 11779
14369 2487
10185 15037
26873 17549
17671 13850
26838 20561
19211 6697
17631 15648
25472 12076
8956 18106
13395 23694
20866 6765
12173 19416
10206 2904
22267 26252
23803 11412
6100 14358
16937 3810
21291 27471
7209 96
25201 4341
18542 18310
23401 21758
23209 24611
9801 24273
15858 17705
23571 11711
18349 18709
23170 21471
25267 7543
9018 20656
26996 6325
8756 15425
9131 27684
14791 2960
25838 23232
10966 5379
15817 2461
6796 3012
19957 12628
21868 19172
10907 25820
17832 1326
19623 3075
14621 9382
19599 26708
11578 17113
9968 27656
19297 23598
11736 14961
20670 23719
11399 651
24953 21924
24918 17701
15945 4420
9624 17791
6915 26667
14851 14527
19997 24576
18595 21715
8932 25717
10010 20202
20284 16207
15099 15558
10360 15401
12072 22408
6663 21922
21452 5256
10967 3723
15852 8155
19176 2726
8320 14459
10843 14734
24844 25140
8916 19316
12760 25835
20381 9799
20939 19674
13558 23848
15095 21371
25843 8016
22813 7597
11963 17796
22399 25997
18715 4723
9563 4262
15454 16081
19429 14349
19738 14429
23386 9387
27093 20859
19118 1921
22203 22026
24469 14407
13988 17168
15942 9352
11723 24959
9819 18155
14030 3059
20020 16062
9525 10214
17981 19041
10219 16907
18408 21431
14476 3933
13405 3421
25848 10663
12658 14803
16169 14029
19053 12373
11135 20886
23584 988
7508 25788
16070 5614
27681 11815
22143 27408
16952 723
19606 5922
11261 6608
15406 18663
5838 17186
20349 4919
20654 3154
24323 25176
6955 5237
8817 467
21675 21240
22701 8442
6883 22907
7245 1172
20460 2633
27343 21365
18880 6370
26410 7830
15994 14230
13348 26419
12254 5325
9602 16158
6117 6382
10922 10665
23850 21690
13774 20610
9685 22587
25987 20193
22471 23455
23917 26020
10328 26170
7779 9513
8965 17790
17294 17367
22500 23424
26824 21726
25847 6743
18615 4865
25444 15431
22857 13737
21942 14304
16265 18203
9056 25831
12962 11924
26833 7781
10400 16444
13557 22117
8636 10829
22570 17928
25733 22498
7411 7304
26791 13000
22204 17879
21755 19847
10811 11145
25640 20736
13683 21474
10982 16609
10739 26241
23345 9348
12971 2748
5917 4197
16426 2936
7509 3478
21353 2391
19498 19916
22663 13826
15574 13293
13029 2497
10266 5852
19563 22363
18133 6591
7610 27030
8125 16358
24276 16298
11517 8159
7486 11703
23214 18989
20455 5069
17848 17108
19919 25331
23071 25774
15633 7863
12831 935
17985 27452
22977 1675
11014 1418
16236 9390
13819 25518
21903 10931
24024 23019
14670 12344
22508 24560
19506 1881
16488 4324
6096 15837
25326 3496
18646 25705
6602 13797
8557 20662
25478 17696
8918 7905
12086 4469
13787 6727
22218 19999
12395 18693
22139 1185
21853 598
27505 16899
11787 15093
11507 15149
13822 1899
9475 12167
10062 11101
20872 3546
19033 15464
19668 10419
24703 2242
9925 23612
18969 2912
23087 22335
22295 11773
22835 17511
11914 8272
11818 6130
6199 11217
9060 19425
11971 22072
16114 6978
13486 22447
23053 26915
14395 7876
23036 3878
13466 21349
13082 15605
8698 16002
26311 8574
10241 12469
26274 586
7194 26737
8415 5115
26869 3871
9629 2109
13480 15347
22485 2339
13263 24783
16552 2807
20560 20293
6011 15424
13329 27182
25800 21800
14285 12702
13954 9963
11566 20684
15160 19943
21822 10905
7796 21298
22453 6925
20857 19715
18240 16336
17901 5622
25499 18454
16804 24607
8034 23031
24757 4638
19933 23720
8318 20789
20523 6434
13090 1569
16823 24851
15528 25745
11998 4191
16772 22670
27260 14784
20436 24213
12172 14153
19611 24189
17443 16937
7162 786
12924 7095
7286 12225
7519 23767
23063 6363
11902 9551
22220 20905
18786 27237
21077 21449
12625 6603
13992 12764
18578 17018
21830 6481
14260 7419
16175 20588
11481 8321
21896 24829
19613 6877
14928 15221
10969 27478
26325 22258
7818 27675
23391 19354
16431 470
15323 24967
21028 10354
6119 13067
18337 14244
15751 17684
16837 5737
20421 20426
19820 25373
12063 475
26840 17300
17275 16291
11332 3412
10694 11536
8486 15097
5828 18150
19830 1068
18026 25222
12142 13179
19761 14403
15515 5710
6913 21858
16486 30
13816 23861
21982 20235
27631 3483
9636 3207
7473 18575
19573 938
23890 24070
12589 20281
11968 19594
15718 12099
20650 7188
10077 20704
11226 1370
19571 25030
27748 14322
13176 8450
15455 10631
26022 15317
13649 9690
22597 21160
15854 22811
15802 9550
22118 4949
11138 545
7427 26885
7611 9278
15813 12988
11825 15702
20493 26572
12122 23692
26246 13544
16737 9223
21434 9127
14086 22003
26340 19240
16311 4415
5574 14413
13118 4915
23562 20081
17020 24887
23567 12688
27009 19186
9233 21723
21804 22509
17451 8621
16794 25270
16453 6956
13279 26666
27392 4078
11123 12877
7148 7621
19643 3076
9933 11006
14602 7613
24415 11375
17833 20795
20075 3716
25824 19641
17952 5713
12905 14557
18700 3903
18523 14745
17434 18069
9059 3158
10094 8827
10087 8891
5703 16854
8225 13464
11755 10184
13826 1978
21161 9881
7281 14901
9524 261
10069 14162
8939 20162
11010 4560
22114 19972
25092 20160
17648 25802
16752 4623
20585 19559
9518 23230
14528 5258
7333 12960
13684 1264
24989 8728
22649 26551
22615 8839
20432 921
22774 9074
10196 20192
10133 8342
21936 26955
10059 23288
10707 2432
18061 11498
15554 27641
10006 9186
22376 8642
12833 22656
10708 18987
17856 16845
11348 27706
11823 20757
18714 796
21311 27085
11372 16614
8954 27134
15108 6080
24833 15359
23824 27161
13165 9062
10804 12604
25277 25381
6889 24016
7212 19669
14872 13381
21873 17254
26500 11527
6896 10423
21774 1421
18219 5924
8566 15897
9605 3482
11479 3294
8709 6279
23908 1737
8708 19071
26588 25454
5761 17991
17008 9992
19967 13801
17252 12510
22488 11489
25434 27283
11669 26556
25911 15234
26994 6093
27407 6423
10428 17966
18239 25853
13825 26263
22192 18626
14838 26730
16802 12803
7624 15616
17674 5606
13878 25710
10311 20322
23759 18120
11120 10994
23797 7380
14929 6109
14977 5262
10677 6724
15330 1336
24853 8487
7680 19250
14346 24079
9657 21914
26343 27169
21641 25988
18508 11619
13719 14321
20704 9036
9691 2335
23284 12646
26255 9482
15729 9614
27535 6131
18766 3981
25058 14813
6103 15632
10670 16507
18713 22784
13481 18730
19009 18486
24326 41
24682 25131
7171 4332
5944 13842
5575 8357
10826 12993
27282 20120
14151 8147
15842 14234
13294 22085
23630 18240
10820 25423
7317 9554
8966 18798
8403 23357
15492 21340
13638 5736
13040 21943
17371 13581
22823 17278
10972 22707
13930 4716
13293 2383
20351 3140
24712 26434
16340 1235
27057 22929
7223 6411
17110 20517
8944 14740
15115 19363
20090 15967
10775 17629
10652 24646
12248 21356
15893 26440
21305 14524
11306 18355
7112 15639
8526 14092
7244 2546
5993 4457
22693 15471
15757 12018
25935 6854
25502 16490
17210 3114
19102 26633
20664 15343
6013 15674
12257 14881
12614 26143
18623 2219
8815 242
7528 25168
7774 2341
22281 23116
16079 5487
9622 6695
24250 18690
15232 14811
9615 25398
15520 21314
24729 25567
11136 855
27659 1254
26321 1996
8621 15671
21020 11993
22093 16003
9616 10784
8259 7618
15348 15932
8372 15896
19941 14294
24664 26006
7503 1875
12902 889
11698 3442
8173 25655
13709 15486
18235 12983
16527 25485
27540 17422
8560 9139
21747 1680
26572 23195
14927 14166
21906 25169
21898 19788
22862 23446
9917 2876
9806 8815
21669 21131
10672 936
8715 9232
21433 18366
11201 15713
7178 4954
25109 20555
19534 7823
17921 21749
7273 22771
16907 9252
14332 21350
21815 24311
7033 26396
6888 12232
14429 10394
16040 18291
14380 959
7278 15721
21739 20638
6606 7306
8913 11712
27354 7531
8840 25091
21729 8354
5948 26653
7344 14111
10129 10720
9921 5527
24585 1577
13210 20483
15809 14164
7521 9558
15097 26557
27069 9889
11463 15562
21805 26057
15067 11481
7812 22434
19824 4955
14544 2833
14354 11839
25202 14392
26528 11407
10120 15751
12893 17299
24355 27638
13655 9611
6880 10692
10886 11251
11730 25027
8460 8511
20286 16967
22743 18104
21419 1321
27532 3419
18099 20617
25943 22265
25545 15155
27203 3995
5437 1787
26526 8259
12567 8517
26237 17373
7455 2122
12635 1208
9128 3846
21572 2202
5583 24228
9529 2252
5475 5825
23259 22717
15228 15882
23929 26491
11091 5402
9226 4491
11046 7528
25320 7854
8362 4587
6816 15891
8911 9120
11875 26376
21088 17040
6010 18968
11961 9817
23653 4808
25379 17639
9585 25898
17493 4138
23768 26196
15717 17562
7518 14383
23510 19227
16275 13699
8912 18307
18390 17419
8522 17319
19954 9277
6914 4978
14048 7562
27388 27505
20009 15709
12413 1835
7046 19333
26100 14258
7058 12891
21668 14296
23177 18734
19930 6896
7629 10366
16212 7330
6996 5547
20862 5693
22874 4408
5768 11871
18703 5171
16768 27260
14144 13057
5719 8848
11737 27060
24454 19418
7051 15944
20044 11402
22127 9034
10305 1412
7771 7660
18212 15561
10277 8563
16409 1329
12775 6856
9639 9035
16500 14361
22305 26928
8634 26455
11331 22724
6342 24867
12181 24644
11076 26781
27351 18337
26443 24848
11987 4054
23704 19877
21142 27031
24936 12086
27735 20079
12835 26670
27279 9919
15978 12179
13810 3388
26612 14970
23950 24424
12512 11748
22319 14698
14335 9612
9575 17660
7291 17723
13416 17816
13267 23829
21802 17739
16096 10934
7525 3771
17659 20682
16264 24467
21808 8236
23339 5335
14608 2288
19152 25732
14220 11978
14704 27259
22252 17016
23361 23747
21767 25612
8192 5702
10685 21186
23549 3765
22938 26432
22826 4909
25203 1586
15354 22131
26910 19484
24366 4869
20116 15987
7172 5437
18536 26860
13367 15395
7045 20980
24928 9549
13636 20548
17440 9762
25716 9571
19438 7318
7040 14920
14689 24603
20344 14547
21226 20355
23690 2918
27060 11627
12035 703
21436 19475
12642 24944
12289 12318
23236 18189
15958 11436
16650 7278
19172 8406
10534 12500
9618 15307
13998 9102
5936 24127
26402 17960
12141 14676
27425 25210
26283 9793
17489 23994
22167 19245
9479 21050
19821 10750
25127 23891
5586 2865
24659 25153
8408 1260
7585 15779
14255 19265
21850 14580
16779 13719
6651 7230
8853 13335
5663 8126
19979 11868
11534 21590
15062 21710
25006 9701
12380 5994
12335 2223
23786 20989
23805 19031
9804 24741
17115 10770
27292 6543
5977 21446
18265 1309
8020 9324
11071 2919
14367 18554
23590 8774
7159 14875
20252 1942
25567 9481
20947 12972
24114 2455
27074 20850
9100 15188
11671 13194
19812 2104
22562 4126
9457 1451
13347 12310
22481 14691
10356 13705
23931 1173
5766 19224
26981 24081
7414 811
14142 20694
7811 15235
10641 2183
10974 7640
11819 1783
24678 8919
11531 15753
20136 3974
25662 1214
11964 5038
9247 23392
24600 11704
17508 20436
12916 18218
17812 1910
22014 13248
17795 24367
9027 2044
10649 22079
18466 15892
11717 16766
12379 5907
11915 17750
23894 25727
17621 5166
12417 19093
23514 7550
23569 5192
18112 24957
10394 18183
20445 17884
11862 8128
7418 22270
20755 14729
17485 22424
21042 25275
22207 3868
14269 10702
15391 12785
22279 13647
23749 15294
22802 15624
20266 23802
12188 21165
27655 11011
20118 1437
8188 23113
8456 16840
9542 21510
14010 7329
8961 10024
27625 22344
22053 16178
24535 16010
16274 13140
11960 4583
8731 2346
10959 20969
20167 12494
19404 7977
17152 8782
23410 11653
27589 10700
9859 12691
22928 4158
21648 6709
12883 14829
11762 17253
5673 6173
12295 10333
23440 25676
26099 1325
17629 27168
19962 7937
10008 17068
14576 14270
14307 5372
15499 7314
16503 6056
12565 27127
6877 5080
14737 25087
23920 13441
18342 14670
21547 20305
14470 25243
8559 253
9692 21295
13804 2588
22805 7811
21701 3049
10686 1416
26021 1642
23543 21381
20836 26172
26714 24186
12827 1584
16935 23477
11744 25914
12325 2675
11141 26661
11090 23651
23935 4784
13837 27664
20095 16273
13032 16771
24785 14181
25723 25006
24328 19899
8843 20367
8963 20771
13934 9098
27059 3610
6009 16460
15768 5505
24569 5582
12829 1004
7684 11629
10127 13955
10671 24374
26138 14142
26337 23721
25215 6529
17835 22623
9022 16432
5588 10352
27581 954
20765 4348
19231 14569
11505 7335
12740 14775
9515 23853
11393 20708
6001 26433
24982 4339
15173 276
16375 1939
25588 13015
16726 681
13394 3261
16425 23406
19260 19678
17425 13155
19670 1951
5684 4535
7055 22801
9456 24814
12394 4099
6748 21221
14275 18526
21317 10166
23995 23025
25582 1501
15995 5528
17340 11956
13728 3016
9045 6516
19833 21770
14636 23393
14519 10359
23057 27293
19137 16501
22324 9749
25025 6305
13928 7806
16749 18970
25436 6024
18206 13748
15601 20925
24034 6670
5955 3769
14146 833
19108 2427
14694 25378
15178 12808
22232 7901
16847 6210
14967 15333
6286 5632
16288 17855
12555 17305
7761 4664
20314 5254
11650 24432
5676 4496
12387 26116
12523 3592
7929 20797
9158 21773
20008 22791
9057 6777
18742 13113
7186 21171
9954 10082
25273 17085
27288 16701
18244 25889
16583 11689
15681 18468
11020 27391
15243 8060
13259 27137
7203 2560
12699 27358
8630 17095
9856 14912
26305 6538
24083 11621
17731 1015
20156 237
12526 24995
24817 24656
23299 16599
13311 427
5999 12309
23979 23411
5757 5819
13092 19676
21385 19230
9980 7359
18757 23071
12898 4440
18380 12171
6874 10478
6531 16989
9467 22823
14102 15794
6623 27130
7110 24842
26134 652
20521 5926
23330 18581
19731 7005
13827 14409
22529 27646
20318 20535
23446 18902
10232 7324
22619 3655
15814 6780
21720 10839
12058 27465
13877 17311
10885 25078
19017 13715
20464 2679
12481 18612
13724 13164
13085 19802
10678 1660
19025 18599
10022 20734
14776 19501
24915 9609
20698 5090
14049 17571
17240 10981
17838 22800
25473 14741
24060 8907
11707 4667
16664 1852
16684 16803
22165 17622
17136 4598
16520 13063
10819 15865
26546 2623
17102 6789
15134 18399
24370 11052
18308 11533
10317 16824
26211 11611
16988 7449
16695 18838
11513 10583
25373 3401
12913 6442
10050 16693
16263 6688
7077 14625
19363 526
23663 27499
26335 4066
15577 5471
21354 6374
17342 25214
18284 15220
12582 6488
18017 25819
16879 12959
22004 25305
13031 20239
25108 5592
13403 15960
8424 1936
11640 844
15934 23818
5968 24726
8053 16920
17439 361
12960 21819
9912 2605
11121 18279
21261 16817
24460 615
13355 20384
17308 21998
24805 6099
24708 13750
16185 12763
24079 5194
24561 17388
13424 3752
12210 10269
12776 22704
14111 21462
16379 17860
13162 19914
13218 16663
16670 16995
12336 18420
12953 7679
7227 3138
10909 19194
17685 5423
24740 2007
24759 14146
9241 5453
15450 503
22773 14389
18775 1167
27484 16613
27323 18025
17173 15432
15036 25111
26980 14198
20337 18711
15502 21406
25200 11754
23359 12144
12147 17232
26490 15091
14985 27224
22065 14885
23777 19517
9931 26513
25511 13612
27565 9607
19204 11961
24021 24308
24099 5917
16803 14985
6277 303
23684 10398
24862 354
7166 9810
11970 23985
24383 17405
6107 19072
22744 13002
6591 18991
24515 9121
23247 25251
11951 18545
7423 6942
12758 19668
11050 1478
24346 9623
11729 5536
15687 14057
12237 25667
5771 3236
20861 2778
9578 14445
8856 6882
6780 12826
25697 10254
23535 17458
18022 3910
14126 25109
13354 14943
20544 18662
15337 4162
9612 23724
10669 20453
12377 13613
23526 26873
14103 8733
5764 12722
13023 5108
10240 16649
13172 26617
19339 23032
15940 6213
6904 589
6344 9235
27265 12571
16190 20665
13656 25780
10132 13708
7017 6282
22910 17655
16120 16931
14646 18583
9809 22302
26449 1458
7767 6966
8830 21376
26931 24280
10001 18266
21819 8466
24970 6148
22259 10541
10336 14440
24668 10729
27337 21159
10357 22787
5661 2302
7421 7489
12622 3658
12761 25733
11270 16786
10564 3317
22632 13918
6257 7139
7164 8189
17417 5553
14338 2762
10343 9448
15268 23915
15738 20563
10397 23404
23834 2541
9715 8054
23643 22932
22891 4257
13341 26548
11356 3386
6584 15734
13372 3037
6753 22894
17860 15198
18530 11275
7452 4684
16582 12779
14225 6694
10448 9427
26565 12693
26166 1791
11323 319
7296 18201
19666 24907
14577 12962
20109 8373
20696 25491
25059 3887
13117 10719
11666 19760
8359 26138
15818 16325
7749 16013
13845 4970
7554 25428
18454 17020
22605 8712
7609 22581
17430 8532
15050 11352
12472 26879
9252 27231
17336 5296
6179 14851
15753 16221
9048 6549
6750 22446
5984 18248
19219 15312
20891 23059
18144 18572
14051 21700
21187 7434
11751 27285
16260 10670
19659 18048
19544 1073
12723 24906
21262 8991
25523 18062
19370 10457
23986 17136
20223 21519
13346 4870
12954 5823
16389 12557
22175 15928
10271 16400
22667 10133
22920 11177
10751 23826
13459 16326
18220 26335
15414 8151
16905 1717
15657 3897
14748 20731
23184 7774
15915 19035
13164 17543
7053 24283
8047 19900
8915 1729
10923 15560
15122 2011
23537 1459
21580 17153
23194 27270
7497 10389
22309 26986
20875 13967
10488 6552
9050 25920
10260 6587
13296 5675
12563 5861
26044 14035
6583 8328
21365 25044
21009 3516
12700 5315
11955 1296
9610 381
11225 16484
10866 6323
14813 16961
23064 23932
12689 26043
16622 14123
23375 21902
9013 6562
5781 12201
16513 6842
6599 941
7087 26846
27104 12151
27115 2447
24048 8881
23736 2143
7502 24372
13497 27603
22334 3084
19128 16065
18298 12340
27433 1622
23382 20822
11480 10608
24601 13545
24746 16526
14579 21317
16624 7080
12256 5479
6163 1867
19104 22780
16652 1887
9025 4846
13500 15229
17161 12060
21472 11870
19826 10459
25045 10458
7504 5794
24814 23372
16417 7124
23393 8700
19622 19293
11045 7016
25470 5095
13509 5000
19975 11438
11078 17644
13708 13052
6899 26618
26614 18551
9327 17519
12385 5764
7290 25257
12253 7513
21032 8616
24153 5015
7176 11683
11651 16332
21034 12384
19299 10379
23018 2849
10406 19447
22126 22296
15333 22127
10937 882
13342 19603
8629 5433
22687 21201
6589 11805
7061 22923
22502 23785
10352 13364
12548 4326
17534 24711
18562 14708
5463 9760
5728 8006
7596 15024
6116 2746
13911 24066
8716 27679
16941 21961
17435 357
18173 643
24849 918
18527 552
24544 702
18961 18835
13616 5751
13016 11926
15935 5972
9023 15398
12516 16464
20533 21639
16564 14910
22950 8583
23507 23191
12517 14118
22435 279
22708 1808
5946 3874
7996 24933
18071 20961
11816 7848
12150 17677
26537 4559
5994 9898
23505 23250
22510 22785
26760 1199
8459 13670
6600 23779
13499 11287
15607 2106
20122 23594
10978 10471
8439 14599
26077 13366
6399 2691
25709 134
8011 9595
26564 17255
12850 508
11649 1930
9255 26700
21909 17504
9229 13312
24836 10008
25624 24807
6628 11072
12221 24317
22772 7795
15435 16204
8989 23049
9257 18985
23605 24295
9527 12776
26544 16896
18520 23472
18381 16476
16969 12904
24542 10855
10561 27213
9656 22621
16922 3602
7517 14371
16216 20215
10490 806
24382 12043
15726 4123
19144 23170
22982 1094
19882 21119
9350 27695
13072 12607
7625 22402
12950 23475
24882 23610
14687 26577
23919 18276
9454 21263
18200 9365
8970 17509
8844 26887
10467 26993
15827 4604
18632 8807
13588 12216
22442 5507
21631 26996
6851 2434
5439 5468
21150 11239
20327 12885
12778 16641
11538 6101
26578 10821
17229 5399
18976 15458
7386 115
19295 7515
11668 6732
17927 11791
13193 259
7604 25354
16537 12848
6216 24394
27261 17406
24322 17170
17922 766
11142 22445
24093 7820
19050 8917
17781 3191
11807 13095
8959 6619
12255 21698
22669 18959
23238 13221
16213 8676
13889 7087
19618 16503
11861 2144
11692 27464
20923 20394
20363 22274
12161 12200
16948 7998
25251 5624
9227 6003
9944 24990
11438 19933
23665 7056
11935 3306
20960 16404
10124 25636
7971 25026
13020 11192
21266 5235
20048 5163
8041 25294
25642 23989
19602 602
21562 22866
8185 23945
22174 24011
8665 11024
23629 23364
25530 15723
24311 19061
15066 777
5669 19304
20709 22817
7989 21751
15649 8020
5660 16037
10330 22182
26970 13433
8991 3837
12363 26621
15087 9091
11953 7821
11560 13694
9004 24633
23369 6046
17253 17810
23061 4971
23265 18325
7238 25099
23291 3008
11519 4347
8999 4453
6101 14543
16936 15123
17125 3371
12972 20799
5844 15839
8036 2693
7500 22286
6095 4813
12013 2773
22276 11927
13938 24569
11493 15870
27249 21960
14401 25043
24586 6955
9102 7235
23918 5308
22419 14859
21944 14420
10667 2723
22609 6720
7759 18832
18416 6016
7990 18187
12350 19949
14630 9191
8554 26134
13828 6903
17874 4843
10014 4366
9259 13466
8668 19249
22122 445
7366 8092
7687 11743
25901 8232
12940 16189
8793 6664
10674 16235
17414 15197
16985 1644
21340 10187
25240 20296
14685 12773
23012 21322
15611 23179
26397 14458
18323 7686
6673 21515
14513 24619
5873 16724
19663 24195
24017 11273
14509 5522
21245 878
10452 26911
6624 19528
8909 14175
14166 3133
11112 20906
9582 4887
10533 1098
7300 18815
14692 1890
13654 7067
6405 11105
24160 5193
16990 2296
19471 20863
11137 13208
11059 25217
6165 23868
13167 10901
7542 17617
13025 23412
9584 8878
13884 3740
17144 15785
20154 27183
16766 21387
9062 27069
13292 9646
17660 15062
9550 3082
27742 21140
10256 919
7312 12165
17945 27523
27287 15767
14353 13686
8033 29
6895 1587
10493 8941
12769 1480
15054 17533
10648 23923
7103 26348
18745 16723
25508 1625
27680 22275
12640 13611
16049 614
16832 14681
21780 8192
6900 26506
13033 6535
13891 13434
26897 271
24959 11205
19046 11761
7169 20649
27066 12463
8165 21290
24025 2378
27677 6225
15801 18969
22889 7541
11789 17921
26687 6135
8239 24198
17158 12568
23709 21258
6855 12468
10268 23485
19828 5847
12437 19165
24669 21663
14425 15945
13291 9172
14808 26646
6833 595
12882 23082
23747 294
23491 5708
9705 4799
25449 27154
15820 12485
6836 16386
13510 801
21391 5641
11950 14117
20504 9099
22422 20067
6597 15941
17668 6629
26956 5387
10639 25838
27741 1170
27301 9627
13138 2344
19109 25930
9156 8732
13216 14905
10477 541
21878 22741
23182 17786
19936 8853
20089 7226
16932 16423
13967 16228
11231 25978
7240 14815
7308 3028
9959 17106
14040 19264
12741 14015
10236 2136
5680 20257
23832 22624
15608 1007
16287 25402
7019 4577
8421 25842
13620 16589
15116 20470
24575 9917
7266 17737
14342 22770
7686 7529
8623 21550
26789 27053
21072 21872
7311 17284
19504 13599
25994 15845
11230 21933
20443 11855
13019 24797
18012 20852
9001 1492
20497 2951
11017 16142
19117 27124
11049 6307
27214 5369
23117 11873
17219 19567
19285 16226
22043 18360
17814 7611
6885 22613
14058 13652
22543 6635
17666 12375
18548 4309
8097 16351
10118 16751
17775 6750
17620 13572
7469 4848
26133 17091
21586 10309
16394 6729
13856 20790
16071 11430
22287 21518
17627 9163
21963 22118
10653 153
7582 23959
6922 479
16291 6470
17412 27288
23674 13210
11921 8868
8419 12632
27524 20722
8045 11165
19869 20602
25794 12283
17828 22091
22040 1481
9684 7771
17961 11800
21350 6239
11200 18498
27475 18837
17350 7649
8865 8957
18729 3960
20716 17021
19810 12999
5441 6618
19554 19338
10990 26677
24082 12588
17784 12105
15941 14654
15422 27303
16554 8323
10235 27461
23090 11097
15806 1363
9449 12847
10393 10168
10794 23089
7553 3057
20907 1793
9901 9718
22684 2446
14441 6367
22931 24468
15772 6550
26559 1489
23891 21061
14883 4001
18015 7984
20070 3339
19615 15065
9231 4509
22922 23645
24111 12907
13227 7385
20571 2825
17701 7807
24134 24349
7119 462
26328 17263
7479 5274
14085 18981
14917 3144
8489 11063
9659 18294
22330 23751
26481 25751
9053 20114
24146 4051
8839 604
22233 7093
9953 12170
17345 122
10537 1385
13553 1853
20880 17768
24489 13430
22690 6682
23807 13734
11945 7031
9261 4704
6902 10878
17232 7761
14308 26071
21634 17251
7096 19362
10679 13867
23423 25319
21098 10596
10973 18046
25173 22255
9627 16653
8555 4740
11726 11164
11484 21631
12970 24337
18126 15063
21849 9197
13769 24994
11752 10773
6604 13877
6022 906
5674 12961
21033 16608
9614 8940
25462 26701
25717 3612
5834 10320
6249 3284
10911 15523
18300 16038
27064 4299
22297 16568
8937 23774
7183 7941
12886 23899
14693 9305
11203 466
9513 10319
25361 6441
26613 8275
23541 14155
8824 10097
15456 11395
17499 17501
11054 21534
26245 20041
10495 14769
26922 12839
25792 22264
10126 8672
19566 18876
23319 21553
23394 6744
22746 8739
14862 27369
18160 12825
10278 14679
24821 10744
20671 8131
24688 6126
14691 9710
9989 14588
11052 2048
12810 866
25809 4034
19839 14573
14504 1804
16166 15444
5996 25492
10871 8812
8432 15936
7993 16107
23633 3654
20146 158
12807 23103
13809 22355
27599 2810
22269 1846
25748 20440
7512 23340
11734 23050
17469 24364
19369 16856
17544 25961
7313 3622
19706 20642
18674 2184
7893 8316
9748 17559
27250 5261
6674 5638
11193 1883
7682 20882
26695 14034
25515 26740
16817 26598
20538 3054
11497 12000
24774 14675
7602 2725
9678 24706
8925 20540
8831 12795
12774 10854
25475 23798
10192 2246
13691 23896
7908 2175
12478 15466
16780 20826
8109 3636
6756 25021
17658 16892
24472 1923
5435 14971
17776 9356
7264 21983
5839 18485
9686 19962
11894 15377
11326 15475
11841 2498
12641 7571
9934 13770
16550 5065
11941 18465
17494 18021
12294 12470
12736 16675
23482 9250
22824 22048
25533 12933
13097 3800
14767 20664
19840 18994
21753 9840
14598 7948
24532 2197
8022 25453
11264 3861
11881 9109
16187 14207
6830 8967
16390 16763
15400 25801
21843 11599
22494 17964
16329 4957
14442 12771
9225 17292
12968 27447
18529 7505
17667 21889
26871 14849
16240 5560
24618 11488
9847 24101
25000 22759
11695 11720
19808 13921
12268 21580
8940 2303
10816 26634
8990 3645
24178 9966
11555 25365
17870 2348
17369 20919
25795 21609
8714 24668
27621 8452
23983 20699
23237 7887
12884 7671
11591 3318
21646 536
8986 11135
16923 1446
24914 6179
11478 9616
26093 9438
13268 21587
17634 7269
18844 14619
10657 16617
23279 6638
22333 2587
24143 21654
12956 15775
11972 26842
23162 12009
8422 23705
22117 2574
25872 4735
21715 5728
7618 4679
14333 6875
21091 24059
13375 15010
15571 25782
26128 2004
19560 7363
20672 7875
23413 1767
19455 2276
7513 25052
7104 6813
20929 20946
17793 16796
21271 17610
6118 6416
9005 23106
14942 23347
23746 21302
19111 213
9154 5752
9711 18323
7220 24935
8376 2646
9482 19940
22721 8974
15542 21653
25381 4525
15971 2704
13250 15777
16576 5181
7490 495
11874 21957
22886 3043
15592 8475
20963 17226
14283 21891
23596 10574
11765 1249
7506 5719
11496 20967
26151 21561
7054 11026
22258 11982
16066 10625
14457 17444
17182 19082
18509 27196
20627 7212
19244 996
21204 5816
19377 1558
19739 21588
11300 21551
10750 7452
20045 25651
14514 40
13643 200
10223 26022
12185 15243
20751 27497
25610 22651
9568 2801
12638 16926
13119 18897
12931 7874
11817 8404
22767 9178
5775 12792
15745 2828
14537 10735
18011 21434
22947 6498
19744 6960
21216 3729
9681 9911
13287 13614
13048 10927
13788 9520
7242 6859
24444 12429
25883 7667
27753 4130
10204 22254
21836 16154
8402 24099
17779 15805
7487 6098
17770 15969
21495 19799
10027 4125
7179 18058
18803 13501
24251 16739
23143 94
12164 17973
12607 21479
26202 3631
27183 26778
24095 14159
14992 22385
21250 18356
16165 6377
16115 5301
25951 8378
15688 18044
21368 22701
17146 7699
26732 21939
20732 26747
10504 22523
16570 11602
19409 16340
7569 21486
9523 10341
27584 4516
23911 20339
19923 12347
9519 22904
16575 25490
20602 25862
20915 21716
22028 25368
27652 9384
11239 26892
16954 19007
6406 11937
8762 25967
22147 5368
16743 10428
23529 25348
10307 5188
19841 15781
7404 22194
8056 20135
15734 13480
19764 298
20584 14871
11267 18672
22187 2937
25503 20385
24398 20236
14468 8110
8850 19628
26877 22875
6661 16999
14938 4599
13189 5457
8263 24462
13280 26163
22253 26823
22852 22858
12001 520
7120 22059
20151 22865
7966 236
8943 19608
17391 15789
12483 7161
14918 23112
17250 10638
27661 5760
15833 9202
26000 10929
10803 13371
25532 7584
10048 26242
10016 22516
19935 14452
23823 6988
10930 14511
14028 17128
6667 22966
22423 4876
11741 24991
23870 21161
10441 26585
6056 20764
25080 8644
9468 446
14337 21506
25758 23192
21247 25909
22437 21323
9036 5885
11803 17072
10900 20043
20366 23449
9764 2952
21010 25338
20621 274
17431 15029
10353 8338
26052 26782
20428 17668
27051 6862
25500 12689
6782 2149
11879 1006
25647 13377
17915 9811
15223 27074
21605 17820
12530 10789
21071 27177
22366 13266
23378 16800
24550 22123
11171 8715
20712 2273
12885 22854
26842 23276
25749 21680
16785 25123
17675 10411
19750 2851
15901 20310
13171 7120
19291 25004
7824 15434
16504 18264
18482 7506
21512 10589
13513 23387
25949 21388
11266 27160
12980 17517
20208 12911
25832 16239
18161 1598
14747 25199
8977 18911
9679 22511
21101 3017
18198 18972
6837 22191
22268 1651
26299 20397
7800 13411
9929 24117
24421 22269
26636 14746
7507 17154
9932 13154
12748 26589
25351 15894
17145 3270
18968 26530
18974 2110
11486 3476
12427 1258
8140 20076
12233 26436
20955 1668
13071 17242
7515 25628
23853 6672
22819 26998
5468 20910
9455 8840
17696 7045
8740 22692
8647 347
5683 21981
26241 26566
9839 11662
21048 1475
23046 7252
25360 13656
22686 4636
16679 3266
7131 19287
9774 256
20395 16746
12101 9406
13413 6575
15895 21911
10912 12189
7346 4619
25551 7709
13027 22566
20446 22306
6008 18781
7184 7208
7225 17814
12187 25332
19320 5735
19454 23662
15997 20473
10125 5858
10894 26357
16035 17312
15715 19289
13034 24809
23745 27728
16745 15122
17797 22163
22394 12478
11648 25668
17536 7944
15673 27435
6018 5546
10228 27103
9553 24012
9644 22913
25083 16943
20996 16209
14112 25443
14403 3488
20562 18945
10123 14934
13604 6303
21703 21470
9014 15995
23187 22312
19393 24920
16615 7327
13599 12851
15851 7427
13252 20943
13206 15640
19015 9107
22396 1647
8945 10710
8874 16799
14794 18653
19082 10937
27302 23425
10829 7294
22120 19262
25850 20932
24270 4513
12643 17732
10882 10894
9688 23933
6522 24381
10642 20570
10412 21238
24857 13996
17778 16005
17555 12657
14669 25540
6197 18169
25101 4139
6886 18676
25721 10383
23003 4926
13817 238
9015 24466
15829 18736
14140 9466
10583 7907
8917 2123
19492 1555
13929 3225
8711 9201
19730 10454
21754 11186
18983 10143
6598 11289
25257 18114
14079 15965
7020 13062
21503 3391
21727 1748
5590 11963
20210 7129
6051 334
6749 12016
14461 3715
10476 20038
22996 14334
8811 27003
10501 11877
18357 3096
17686 17212
13024 23298
26503 12558
9228 12491
8371 19581
13261 11102
12544 9401
24388 17240
21252 15288
11969 21416
23059 22401
11788 20553
10061 17269
8632 8322
18226 5189
6014 18652
24695 27697
17599 21019
21673 9140
10625 1638
7067 22539
21653 19720
22651 2494
26648 17817
11389 16642
20971 19880
13585 7609
25166 7741
9983 3692
13808 19374
20206 19148
16367 11586
15949 8524
13680 20955
9949 26040
25738 15780
6879 2124
25481 26628
11161 20576
9896 3794
18678 26420
17129 5859
7155 14522
24762 1719
11388 12111
10977 6874
19529 5909
10122 6977
7531 20520
13552 18868
11159 24626
10780 103
26508 1125
10092 4621
14819 14238
12629 22211
22499 15258
15398 14014
14739 12177
25275 6456
9526 19814
11116 26848
7078 494
23632 19578
11140 24540
12729 16804
5729 27442
11347 10388
12947 11229
11335 25342
12914 14567
12400 4072
10340 19769
16818 18691
9242 25414
13364 17454
24660 7723
21051 8606
19317 1041
18561 26832
25957 3036
21040 7015
10964 3026
8955 14719
24067 2331
19120 24934
9632 3774
10018 2204
23430 5059
24295 18535
23776 12912
7341 21315
12441 17003
8580 16558
11878 400
27558 6737
16415 20742
25244 17169
15737 20280
8627 22838
25856 13017
21948 13772
20357 26087
26089 25749
27500 15479
18253 24721
25599 8846
10346 20608
5776 26540
13966 4465
15925 15731
13953 24116
24870 10680
10299 1300
7111 25856
26170 8464
7900 11674
7324 16247
7276 26713
10976 4580
7802 7767
14092 13222
5716 20872
18373 23125
9918 6372
12708 21066
21640 24506
19675 21640
18243 11821
12209 12279
11728 26767
7544 7391
10007 6855
15853 1395
13900 7474
21783 2942
14993 20637
20012 7303
7105 13237
12676 22168
21397 17530
7472 15850
11795 24355
20413 15773
14259 2549
17074 26470
22448 332
17746 3841
7817 22882
19358 18132
15964 24901
6348 27725
5912 5290
26117 13934
27593 12974
10658 5475
24901 6742
26059 25396
22636 20342
21857 18760
16565 19438
27272 10662
12003 7416
26208 19403
6770 26129
18566 17891
5558 21335
12875 2622
27731 1319
16068 10115
11474 2797
14497 2507
13720 25195
24793 20666
10581 15279
24796 1754
18834 22308
5759 15153
21918 16015
25993 18956
26315 13697
16376 14140
12033 14751
8374 17261
23604 5998
5589 9724
21894 14836
17147 25521
26406 2270
19470 5531
19660 10737
25464 7221
26742 16783
17233 4720
27338 10256
6175 14715
23268 19944
14712 18967
9800 23549
17309 5567
23249 19812
15165 21211
14874 25790
5782 13378
25002 644
16444 5151
15262 6525
6026 12182
22755 2113
18299 1248
10300 18495
10576 21865
9028 3544
18481 18770
15229 26770
13744 3073
12410 21597
22815 5777
13682 11857
13730 3280
13356 24872
10023 18436
23048 3137
26497 23382
20024 16864
19807 6290
13014 7197
6106 24825
27750 16096
19142 11764
25976 21437
12704 19951
11446 7435
10401 14909
23453 5989
8064 12580
24939 4835
14207 23718
12382 26402
6403 23304
16251 20194
19178 85
11958 21321
16619 23133
21320 27536
9532 24545
6925 19481
20586 14714
22157 26458
12823 10293
11716 14040
26573 14665
27028 15339
11262 19543
19707 20168
7494 21440
7603 18605
20492 15907
24274 27676
8417 12937
21600 18788
26633 2645
15513 12001
26197 25049
8146 18655
24223 15217
10883 23441
13260 2752
8938 17189
8030 9524
25657 25320
26075 24572
26821 1950
18701 22779
5585 14904
9478 8079
25413 5338
12623 9082
25419 24970
25081 23212
7798 5001
21238 11202
24691 25619
11579 7033
26441 24183
14267 2076
5780 16293
17436 21427
21251 8335
14113 3358
14302 23564
10045 14315
6771 7600
21827 22162
7095 27028
25498 15476
17130 4067
9469 8140
16616 12817
19392 13807
19372 10585
24957 16426
11489 19176
23720 1131
24978 12997
24372 17317
22624 3560
7816 12721
25017 23272
18221 484
6779 9583
19980 26853
13686 14972
12121 5160
19371 12513
12557 6662
23793 10814
19672 27532
7823 3986
23520 20728
17999 23510
11549 27533
5671 22690
9047 15373
14686 1110
17919 23156
11073 20784
19282 17569
27067 12094
24902 25189
10338 13615
23444 16323
24869 6839
26599 23644
21412 23821
26376 11620
11422 22145
24681 7222
8926 827
25074 27308
13013 2469
14256 27286
7228 13199
15105 10881
11111 5635
7288 17476
7463 21163
25344 275
19023 25413
25919 839
15970 17869
10009 26008
24133 8633
19200 2254
11464 21508
25138 9582
15990 2471
7819 10009
27683 3235
8492 17297
25539 12398
21921 20249
10832 27662
27493 2955
10245 20658
10302 967
27177 16147
12624 25706
19616 21132
20941 18794
27412 12908
23668 1399
22414 16744
22099 22021
16617 12364
27162 26408
18782 16682
10840 14808
27361 27751
27234 26309
24468 10251
16076 395
17204 3905
13738 8842
17106 26005
26336 16492
13735 10022
19716 26373
14221 25607
12889 3853
11546 17905
23298 27290
19502 11032
12737 14668
25636 24421
25319 15538
15739 26363
11733 26412
13639 8834
15821 26429
27579 3785
13453 26763
12190 9816
27763 23570
5580 19980
27632 17641
25572 8910
7489 13171
24196 2360
25292 444
13814 27699
18767 2571
17813 6518
8404 8490
19507 23535
9098 15182
11110 5432
16412 18819
22432 21917
20801 19411
18027 10947
16020 26734
26257 3811
14394 9340
16489 14861
20740 13375
21770 24830
8226 7453
10618 20626
16928 22560
23593 11745
15221 6631
12732 10653
14830 16033
17530 156
23609 22319
15461 18449
14223 10497
5659 25585
7249 15148
25182 148
5850 11929
17810 18368
10234 15064
10993 2128
13775 17175
10325 3091
24665 8375
15981 6642
20808 7034
27116 24586
12333 24865
6662 13439
17857 6847
10873 5037
25362 3954
19575 3922
11524 19400
23257 20587
25283 18824
21508 27278
24949 3707
23515 6767
12174 6702
24063 13526
23671 14272
10575 17605
9236 9147
23660 7828
16061 15154
26348 18303
27335 4786
17885 19310
23991 3616
10478 27566
21916 24908
26387 1279
12556 7055
11974 3380
19501 5409
19318 26048
24116 24166
17730 12524
12203 735
14778 13286
13443 19752
13802 20297
8750 502
7493 20395
26185 14584
25904 8704
20673 9586
25886 26154
15056 18461
21282 21885
10093 18590
13000 4489
12521 19727
16757 2929
27190 20915
11545 20371
17516 10974
11535 15874
14833 19667
26371 4801
11013 26399
6670 2950
19756 677
24951 14023
11694 11150
26982 23098
24026 3963
7814 177
11056 11487
20411 27382
23846 26054
7830 8039
10249 5572
16117 19301
15521 27652
17817 8071
25111 23924
11923 4284
21013 2782
26088 17649
20964 3429
26846 10104
13989 1341
24018 3528
8883 10600
12779 13838
26600 4110
26459 19658
13914 10274
25199 17795
10121 11128
14254 244
16904 19573
19558 8489
24969 1204
27454 9601
24565 944
13188 24996
12560 21225
10403 10913
14469 22155
10413 23055
22392 15436
19600 11263
9422 19079
14746 8065
14815 18829
10989 24812
12768 15136
13184 23218
9645 18385
16620 16232
16069 27451
10088 8145
12834 12317
27145 15484
6959 18262
22400 1690
24518 8240
17201 11144
18634 2643
18430 12487
10715 19324
23707 24291
24636 8619
26518 18140
15491 2868
10004 3770
23461 24551
15950 20769
10675 5016
25421 12008
6340 4334
18513 21871
25144 24612
10891 3732
24790 18393
13935 25478
20702 15644
19671 21083
23563 7861
20023 13640
27564 18820
26849 4446
15407 5343
10091 772
19341 6174
10313 2309
13663 6343
25653 23776
22446 25062
25893 8498
19658 27191
12217 18437
15879 7142
11476 5084
26625 2307
10857 15190
16157 27636
10089 23906
19067 27760
24655 12337
20328 13348
13121 13224
7522 22380
8021 26709
13186 16078
12038 23503
25179 11742
12123 12963
27291 23953
27102 15938
9714 20498
25925 4304
7269 7626
7456 12010
26832 9933
13414 4246
11051 25883
8558 15911
16106 21031
16244 12664
23469 3006
8643 21991
7628 471
21181 9737
21883 23258
16805 12971
19086 4498
10276 5608
13070 24581
6671 10698
17700 1407
24854 6533
15476 23529
27110 16000
20965 19482
16767 164
25885 13230
13400 2089
15793 11997
11821 6741
12349 4763
14690 2381
15960 23903
25609 25839
15103 16310
20717 27122
23611 17524
22915 20641
16748 5152
15460 10158
27344 18298
16380 4012
12179 23369
23574 12196
11929 24187
10055 13841
26374 1065
23607 22172
13931 25462
25858 6648
22528 9075
16229 7480
8931 23316
18814 6075
17099 8163
20192 1245
12929 8585
10971 19817
24826 10475
15727 18549
8491 15170
25616 26439
19654 15027
6772 8879
7347 5431
7168 20433
14512 13103
11516 1244
12376 3901
14303 5676
13026 24042
12479 4482
23942 11280
8941 25364
13140 16039
27005 13482
10562 18118
12524 22903
15519 9000
8038 17733
10980 5995
24273 21279
13811 9778
23264 5421
17105 19242
26972 9148
17564 26144
27710 3259
27329 13837
13373 8150
18651 15776
18309 17850
11019 14982
25003 24386
16998 8175
15208 14574
11973 22991
12653 16436
20800 26575
13813 5289
27297 9179
26681 25494
25377 13453
12692 22040
17768 7456
14543 19713
25024 4271
25206 20752
26463 12079
24937 27371
11753 12526
23223 4493
20450 14515
13685 10140
23821 20564
8519 5519
19213 14026
24371 21139
11015 18858
13440 1548
13465 14474
11053 15905
12894 7548
24671 25145
8375 22082
7282 18957
24992 23053
11373 7983
25564 25677
18524 13654
19223 1865
10316 10519
8838 8942
25209 6344
12948 24796
13015 26533
14305 7028
12824 7853
18960 23423
12222 2884
18469 1946
26037 6969
18913 1745
26551 17005
14287 3599
19430 2403
24493 63
19870 16169
17132 8414
14545 25811
6882 16790
18756 5476
13518 24544
25295 18828
18321 13560
17975 15483
8845 26085
13623 7924
10443 22939
26467 4287
12175 6119
7163 26190
23008 3092
11822 19261
25945 15798
10695 20971
16403 20354
17837 10919
20632 6289
12370 14607
16047 25444
18205 20271
18204 11053
27224 13289
19262 2624
26704 17955
21964 13570
16293 26388
22780 11245
26003 15239
11940 25185
13482 5243
25374 1771
23651 7394
14071 15612
10823 12342
12418 24833
19175 5444
6592 752
10444 12255
24932 27394
15805 22122
14325 18982
15943 26871
9889 12504
18276 11682
15826 17329
15423 21390
23201 6138
23672 11876
16080 4481
11554 18609
10825 10911
15504 19625
21355 27557
14501 13669
15780 14700
14622 21483
26297 19201
14677 4527
25228 12246
20522 4907
7803 18557
24520 20842
25626 23770
13741 22392
11756 11860
15269 20174
13624 17867
18421 22585
18952 8778
11939 22620
14729 19478
20247 16646
24606 19125
6675 15518
23928 21268
12969 14903
7342 13197
16268 6444
25223 7387
24496 19950
13422 19883
22001 7401
24737 21195
12177 692
13396 14647
8405 7890
15754 18456
26086 14821
18571 24420
10322 4762
12559 8582
20611 18943
24319 19612
22061 20331
15453 15741
20448 13781
23705 6986
9638 653
13073 23740
26141 16164
7097 15621
26393 12734
12631 11687
23971 26647
11391 2430
27410 27608
20931 1216
5762 9483
9633 2684
13731 16251
7492 26527
26781 15658
22896 15405
11179 22824
23774 5382
19168 16515
26087 23361
22377 1532
16243 21150
25169 19050
27225 19003
15803 19963
24539 13343
22085 2470
26735 557
8666 25370
8869 27635
24241 18550
24667 22054
13803 25059
8373 3282
19121 3925
15782 22782
9019 24473
11653 12052
12670 10011
7831 17387
25400 19901
16765 24788
11178 12899
13353 9271
24492 1860
27466 1634
5765 27542
7804 26755
14306 26895
16747 19352
7272 25179
10090 23377
9021 25440
17239 874
15013 12348
7770 11942
10237 15626
24391 7763
13737 1683
27499 17500
21690 5962
9617 19458
16773 18051
7496 17716
27161 23878
6219 21591
26444 20832
10502 383
18266 20691
24588 24017
24572 1031
14631 563
12733 18378
21549 22719
23204 9631
24446 22197
26909 20827
16214 13150
13262 2299
9765 1631
10106 22324
19545 21041
12480 7261
12808 23225
20346 9011
17104 24383
15563 7407
10447 25572
18975 23461
22176 13884
24726 14176
13801 14637
20466 14988
25249 533
19907 8836
11564 6152
8431 11428
23760 8446
7241 19613
27393 2282
12518 27645
10358 27707
17809 20154
11055 7086
15758 2084
15284 8641
18344 27714
19703 1721
12739 1831
11012 17761
20514 672
20850 19697
17088 15602
20465 13148
7219 17663
14835 11332
17230 18560
10047 19476
10489 2500
22622 689
27719 1781
17670 23015
12522 6486
12031 27092
18758 7123
25737 16388
26169 22832
10875 21025
20319 182
23243 7718
27757 6360
27339 23618
5682 4796
12469 3209
7167 23574
20345 3437
10884 13412
24908 13860
18341 15804
13882 24390
16441 24618
27210 14033
7813 18543
27513 1483
10267 15727
26513 12977
19677 10380
7339 17767
14726 19579
20347 6422
27745 10258
14623 16456
11553 26234
13641 10774
23686 308
19090 4114
23277 9392
16618 9678
16842 20171
16119 22368
17902 6652
5592 1373
12734 12193
21618 4414
19324 19644
25378 19687
26919 8726
24747 18931
12747 9168
6909 9173
22188 3129
8971 6509
27674 7538
12244 9814
14793 10390
22178 4428
15576 20787
12511 6678
13725 27715
13637 8343
15459 7432
8035 26053
26210 16349
12170 19718
25234 24416
24944 27615
11563 2685
16709 26624
11654 23153
24380 267
10056 287
8930 3486
20624 5646
12510 21464
8039 12592
17584 8735
10250 19314
13284 7004
10872 11497
25560 5199
26058 14150
10341 4750
9030 5136
22211 6807
24987 21555
8851 477
27637 11433
25652 14297
13177 10070
24302 25985
7147 6110
11922 4928
16262 21040
10870 14865
24935 18457
18531 10223
6783 8667
6898 20129
16230 5051
17968 11727
19394 11077
16490 27633
14398 13917
26804 6730
20106 8803
22958 3215
14958 20381
26067 428
6884 23004
18730 7899
26810 8043
8433 22325
25839 16175
10793 7323
17852 23892
8667 24516
19938 15470
9625 3751
19236 2054
11357 12339
11792 8417
26746 24351
13137 8160
24692 5670
11594 20024
8425 14862
22378 15410
7805 18937
22571 13787
22672 19282
8028 9983
26607 26549
16950 16392
8126 11270
12514 4553
27252 24520
9006 135
16186 1922
6523 15162
15728 22126
20068 12367
10265 4836
16162 4480
23512 20978
6834 20781
9658 4166
26857 18125
13635 24407
12246 11129
19441 3119
8420 15303
21694 11347
22352 8595
7685 7239
17847 4346
18114 10031
26597 4305
25802 13839
26382 638
9002 26934
7809 10564
26585 24978
26875 19199
9683 14955
24923 21524
20574 15898
15740 2678
16215 10494
25282 2595
7928 16489
14173 12998
8378 19763
24056 14086
15493 18160
14336 17138
18407 17102
17682 19865
25153 26627
25837 26676
12715 18529
16723 26449
12030 12047
10254 23080
26386 18684
27154 26130
8933 8413
11436 7706
27280 22488
22323 20259
18522 9981
18598 25371
19536 23811
13556 15963
22197 18128
10407 21288
21502 5003
24993 22224
22224 27612
16669 5630
14467 15227
26591 26684
26421 14068
8381 1954
11975 3348
15631 15124
11018 26086
14989 5704
20770 20112
19484 12423
16073 2443
23606 16846
20697 7596
16795 27273
16183 27618
15643 11835
10453 13405
7810 19841
18828 5759
24955 8559
25437 8721
9857 24801
23554 14008
10876 26135
9258 4639
5666 25461
15349 12376
12178 14119
8800 13385
25566 15537
7165 26103
26594 7193
14227 9875
27317 23876
27212 11278
10617 3682
25631 9225
11863 22834
11938 19098
7243 20406
27312 26512
12373 9523
14083 10526
17113 1839
7226 5116
10003 25629
26116 9759
24640 17583
18139 401
6751 19473
25726 26878
14406 5691
25713 21940
10361 27553
23933 18885
25030 1365
22534 15106
19173 5113
11739 9634
25343 17019
15973 27677
13815 27192
7248 21401
17873 22421
10095 22178
5473 2397
26881 13854
6905 27279
25769 21261
18604 13299
11362 22360
19384 10657
20511 25648
12735 1396
15230 9313
24367 14314
26545 20770
15616 19991
19143 9234
11731 15754
21089 5292
10335 15295
16283 11767
10451 20044
7797 5359
19879 9739
23488 9801
19440 17053
20287 5288
12369 11831
15977 14587
25318 21060
12364 15282
12251 6764
25757 3320
16121 915
21838 6187
12892 24089
14500 9210
12621 23974
21541 1613
12392 18785
11330 9088
25054 18579
9603 8913
20307 4263
10975 18776
12381 6658
15301 11856
27081 25840
24876 6589
27568 6838
11333 18320
22239 26235
23093 11706
27623 21460
15989 17308
11772 7554
13821 11043
13818 27049
17231 8892
27619 6111
21318 6171
12357 27337
18712 16342
22926 24949
7157 17314
21159 25904
20592 2121
24752 20562
23467 9113
6784 20283
12383 5212
27663 25147
19373 11623
7246 21851
20838 8918
27629 23143
13468 22249
20970 25787
10827 1684
12183 2474
26757 14262
22201 8599
24291 11452
5477 15167
26615 8663
16686 13508
22656 27018
16391 6245
16081 25707
26471 3365
17478 3205
16231 4951
15756 16333
26976 16402
18336 19349
12362 11342
14725 6306
22475 22429
21058 21022
14820 23267
15804 1447
19653 12857
24514 17026
27754 1514
8377 7253
14606 10826
9626 25512
22146 7798
12482 22174
9026 18793
19405 15910
24980 13100
13767 21926
26431 27489
16292 12535
27178 19666
19205 8796
23220 8138
26418 11320
22052 9267
11346 27365
15409 14414
25878 18073
17203 7845
18140 24398
22261 2619
8928 25916
7799 25504
25593 22698
13139 17465
5949 19894
13876 13756
15309 11341
8401 16161
12393 27036
5760 8768
13441 4456
22916 17456
27646 2468
16788 9534
26595 14771
24464 84
25453 11323
6024 14484
26685 1519
17070 8506
13824 252
26818 5818
12575 18256
14488 6913
11441 4888
23498 20072
19024 8125
18535 17275
9712 3188
17465 12927
24827 8326
24214 2956
27150 14487
24741 19707
26864 6
9201 27362
11593 13176
25997 6938
13965 25650
25970 25178
7491 22303
27316 12570
6590 16522
19937 8479
24448 23228
13489 6139
20326 8306
7925 5327
7420 19848
6017 6586
25298 6302
11515 21522
12371 24847
25825 8284
14153 25114
26308 14341
12391 11916
15101 15135
20935 10053
27038 23210
25805 10820
9220 7576
17959 22260
9680 11677
11088 13301
10242 9386
7621 17209
15815 9929
16813 13198
20041 9867
27613 20294
7543 157
27455 5986
24423 27165
16623 20094
10309 20880
12880 12768
27406 19858
11740 4588
25213 16885
24877 19150
20530 12883
26744 19053
25051 16893
13913 15238
16452 2671
21014 12577
16553 5599
16048 7071
13739 4023
9619 23886
27139 6268
27527 7417
27151 22519
11672 9555
25112 18358
23809 22212
26533 11211
10312 25868
13519 11631
27701 5734
25933 11361
9728 2894
22076 2611
23292 10347
25552 24822
25042 10728
13142 10711
14941 15715
18464 20690
12372 10222
24108 23917
9704 21497
14138 3806
23845 18235
27386 22043
14673 15813
15503 16665
10454 14120
26401 5447
19942 13651
12804 4820
10792 6999
13334 2695
19664 27233
12722 511
25306 3788
18918 22100
16762 9545
27704 4558
17663 8964
21139 15183
25913 20679
13272 758
17188 19057
21983 17514
11743 19970
9471 11708
19811 18933
10324 24780
12326 26479
18338 3201
24654 20
22505 1864
10261 10010
26320 3964
7987 13987
24044 21697
25398 5513
21981 8298
14184 10033
11160 27045
13224 24998
16917 20368
13750 27239
25710 11454
14087 11719
22913 18568
23367 9150
13733 3337
14407 22165
10303 16656
7829 7227
24699 13392
25435 24272
18293 7766
25736 4061
25496 14572
12515 24702
26313 17470
8645 5585
20634 10554
16184 8180
24249 23599
10107 7397
26029 27319
26547 21105
26408 10595
15462 11062
24420 27298
15979 509
25232 6601
12998 10486
20169 22505
13421 16215
6781 15625
10011 18445
11927 1994
19878 15956
18348 4141
24351 15851
11732 2512
8037 5246
7927 25888
22431 5856
5747 15934
20701 19545
13721 9519
10239 22193
27221 19470
11551 27044
23477 6857
10945 8530
7772 25488
26507 2117
13180 17380
24723 24754
9682 2389
8646 21087
26153 13799
19325 8932
12348 11397
13786 6713
27238 25077
26435 16471
19943 18628
25221 5741
8664 24129
11351 19757
17018 20430
18264 6776
23239 3907
6785 22259
20152 22652
26412 17339
14426 23633
23414 15827
20690 22564
14149 20574
14304 18395
20849 24900
27320 11099
27752 3406
13010 1502
23976 16177
17875 10751
17967 13546
27346 18595
25060 26454
13141 21089
18142 2831
9234 25519
11177 23159
21588 23921
15494 11406
24264 4862
12849 14498
8147 27727
8031 11261
12618 24761
26874 1551
11174 8334
14224 24083
14270 17602
24395 12769
25705 7285
11352 25448
18881 6626
25087 1603
24408 365
15356 3816
13398 18423
22759 14732
11903 21235
25964 11249
11272 20452
24745 15066
13917 10279
13265 7851
17211 7736
13722 11920
26396 23679
16549 25229
26941 7262
26673 17798
20548 6655
18167 1550
13812 23415
10272 15823
17202 17200
13621 23800
20001 13489
14171 22284
21990 9600
18558 13202
27227 11191
13943 23660
18720 12017
12138 16414
27494 879
26048 26756
18760 23975
26828 12753
13734 25477
13886 22230
18296 4634
24467 19657
18725 6039
25605 370
27257 4200
8952 18488
19091 13298
20196 1436
27415 5789
15282 16425
11349 8528
11355 16561
25152 9078
25100 5025
14578 8990
24157 16267
27696 10922
11176 19698
12137 18951
20646 26312
24300 27201
24480 23447
22747 25606
19136 19786
10255 17483
26261 9068
26310 23275
16082 9789
20918 26221
27075 19421
24373 17779
25230 12738
10359 5652
26171 26462
18295 6369
25126 25324
18586 6599
11354 1082
19124 6027
10247 24961
25983 4642
20388 26169
24975 9039
19251 21128
8768 14960
21136 18238
26448 356
19871 24371
26369 11070
8927 4165
11041 443
12247 6585
12198 19854
11577 19120
18998 13281
12036 26153
12351 16430
21635 22237
25950 10368
14944 6883
14152 1257
27554 434
24231 14380
16388 10525
15310 6493
19189 18562
18761 17554
26583 5018
12338 19953
22075 24714
8029 21458
21443 23836
17014 3291
24152 22313
7195 8751
17448 7753
13890 21978
25405 14229
16809 1076
11548 26428
21962 18601
18759 22109
18532 2074
14540 20308
6911 7040
14150 14077
14502 13162
21724 14563
20368 11789
26702 5898
21782 24225
24385 10046
25963 1278
27609 26091
15972 14627
25999 5658
12812 20074
20606 10726
27195 14594
14405 3243
19395 8637
23500 20489
24911 13791
10892 26066
20824 23988
21148 14203
25649 3879
10054 8205
23388 962
25431 1611
27597 2390
12171 1914
17466 2938
25183 11869
20559 11218
14960 9154
6659 5173
26655 25051
5670 8664
13080 5242
11089 316
20372 16848
5940 14076
9448 25933
11118 5072
25898 9781
25896 17490
24545 3077
13598 16879
13597 11121
25339 21172
22142 23009
11521 5396
11859 10518
11928 25681
26023 14372
26974 14671
17918 9143
13880 23464
19439 15926
23887 15334
22168 4507
24581 13214
14141 26120
13881 21204
24909 6708
26302 5598
14675 16278
18484 15872
24843 7644
26983 13388
23969 27577
15014 13663
11754 901
18659 10129
21496 13585
15807 10712
18818 14833
27370 17011
12654 27328
24432 17657
20910 9647
20087 5681
25118 25906
23203 22449
26405 2552
13336 6945
17908 7027
13618 2872
26519 24508
24771 13994
19160 24903
17081 13421
19842 16012
18547 11676
12513 9605
11021 5070
25547 7516
6658 1256
14624 10915
18487 13859
27495 19489
13454 26951
10104 25525
24912 8129
8770 2206
5763 24478
24267 25824
27496 18345
20803 902
25914 8333
11924 27730
22770 14608
21471 12527
25142 20594
13209 11846
27664 13345
19234 16372
25454 14749
10046 25551
10270 15036
10947 18899
13079 17460
16926 313
14943 9161
17107 12794
10824 17873
25556 24893
13732 6146
18138 12766
21244 17555
10326 13403
15042 11625
12197 6759
20799 19008
11725 18464
18343 24567
13264 4250
22513 26874
7776 4357
26634 22896
26140 14235
26427 14846
24280 4713
19817 15325
16758 17682
17380 18847
13892 14566
21127 24092
10244 11686
25291 2632
25426 11573
18605 24365
27079 20085
27318 4590
22758 1037
15300 3996
14706 26414
21539 15454
12167 25578
26204 16658
13401 559
24482 19210
11183 22960
10323 6419
25595 16393
8626 3564
21707 3394
26024 21856
24117 18217
5675 24701
20653 817
12218 3505
16961 8348
14963 15421
19503 20108
15496 3034
21666 22763
11926 2569
22243 3068
13393 8041
25184 27621
26670 17438
25724 15119
14777 10057
26715 27640
26582 15186
19646 3725
26213 23871
20626 12650
20993 14005
12756 16225
26351 5731
24306 21192
21992 12069
18294 7054
16313 21117
9099 18656
5476 14631
14940 19673
16906 18435
18369 2896
24666 27078
27357 13577
24289 10809
24296 14889
12671 27040
24288 7140
27310 3882
11104 20584
24523 18496
16910 22320
26823 16191
26593 27144
15706 18269
23141 11125
15102 12622
13596 22527
16276 14004
16075 9796
12168 12759
20881 24658
16787 21208
6289 11666
27332 3481
27666 12133
9470 10607
9232 13537
15495 21650
18141 18045
14268 14669
22331 9813
25806 15630
12471 15110
21877 590
23490 4948
22273 9373
21991 10417
11119 17800
18950 1643
23698 20768
22796 23213
14499 15493
26101 19714
13423 13213
18137 10676
16058 12704
27266 24100
12731 81
16078 19466
11550 18306
16625 8526
11988 17540
19174 17009
23726 19876
18014 27596
23843 20727
16284 5277
26162 25493
27503 5149
27241 12786
10946 21107
14299 9610
17970 20607
22978 12281
22623 10161
26385 20755
18669 10666
26947 11504
5685 17167
14417 4537
13269 8118
19055 27378
23493 16438
27061 2592
19398 378
13589 8167
12615 8185
17601 2683
26236 12680
24571 22199
12811 16237
20131 20320
6290 15503
25013 14687
23501 11123
18724 14434
22136 13031
20197 13181
26632 26002
21384 18043
23641 23247
12616 23957
8808 18905
14939 17205
21658 16385
9447 13549
11233 22271
25406 21855
8026 22573
13406 1021
8929 7642
13944 12603
16172 16320
15041 22730
7775 12725
14055 1609
13723 116
21864 23376
11771 13071
10053 4504
24401 5410
14266 5354
19230 9503
18728 18844
11353 21074
11724 27110
27379 27123
27121 25885
19532 27387
24739 15368
16812 4016
12334 490
27734 3086
16555 16737
13629 3190
18256 14257
24526 21057
24704 15575
10248 17616
7196 10577
27525 22282
8032 3352
19319 15689
15283 3606
10105 15126
10362 16344
15625 3122
15709 14489
25086 16878
11908 594
22700 7204
26747 22917
22705 19634
8042 1126
21860 13953
11830 5220
15043 10678
26175 12472
21662 19556
22199 5456
25561 15679
24122 11671
5779 27632
19396 11482
20369 11991
20418 16104
26004 21043
24713 15447
11042 9416
10263 27601
10310 687
21538 4896
10243 11383
20691 11111
17205 4082
22581 5009
20374 26094
24508 8282
6292 16812
10944 19408
21993 2542
20462 25064
25352 17059
22429 14217
17585 24201
20699 13929
12354 13782
10258 16243
19530 9275
26324 14397
12140 22185
24829 17450
24406 24269
27507 15962
12347 15738
25134 11459
24310 5066
20313 27367
16233 7951
22190 6593
19089 20119
23897 2152
14959 1379
27650 9767
26203 13165
11039 6973
12468 14469
15236 14121
13726 1907
19246 11502
27034 18142
11044 11073
19641 12945
8807 10122
17461 14589
13584 2483
19326 10588
19006 14233
15624 21206
11271 22633
26478 1610
24735 15387
17651 19303
13399 13204
11040 13192
23927 16014
19636 14423
17654 17595
18170 18995
25683 14789
10890 20224
22580 10733
12352 5579
26806 5659
14226 17590
8235 3780
9446 14742
27219 624
12139 18831
26465 17758
16368 4804
11708 23748
17015 27643
24593 2637
20506 17055
25071 22451
27671 1
16811 12677
26144 13914
12337 24144
24528 27757
10052 24877
13009 18597
23077 8707
24967 1497
19531 24749
11590 16876
26055 18390
12467 14450
24324 13800
25692 15346
6288 17084
23508 4468
23113 15904
21021 21450
27209 23199
21536 18744
21731 1863
18121 1215
15061 1181
24710 11749
11770 13978
26228 10105
26674 15283
14216 25803
17969 21987
10259 10562
27578 1692
13270 8762
11910 949
20315 14636
23619 26070
18149 17698
18166 20839
19263 5750
21733 21645
23618 25901
17974 3713
18876 27253
8025 5027
13619 14369
18672 8780
8806 19986
20188 10152
16173 19696
11925 13642
25755 10693
20700 25844
7085 26427
16841 24475
26468 20515
10297 8239
20132 6647
23620 20625
8027 3399
12353 26651
20370 1001
24121 18863
12617 27034
11043 2881
23504 23344
19883 10096
18292 19327
18208 27117
20666 22963
21337 9626
27572 11484
8859 7687
26868 27549
12620 7113
26005 514
8809 24058
18670 24570
10051 21035
14002 18487
27166 6259
19397 12140
22217 19193
26610 16420
11700 11286
21537 24234
19472 14747
19696 4071
20722 17900
6291 8548
18877 3862
15194 14986
18671 20380
19473 15168
24856 10982
20071 22479
11904 14549
12506 10326
11706 20272
19697 6693
24419 16455
26464 23077
27165 27350
21338 26381
12507 14309
8857 1560
12619 25313
20928 6053
11709 9977
22972 21226
11704 7657
25075 12369
8998 17567
27191 25192
21038 25411
27325 21232
11703 5975
21260 11751
11909 13566
26206 5195
11705 1042
26755 17909
25133 13665
25691 21977
11701 2235
19746 26076
11702 17294
11907 27248
11697 12810
19548 24322
27633 12601
25506 18992
26754 18872
19546 20514
19547 2457
