0 18090
1 3783
2 3152
3 1209
4 3902
5 5232
6 14856
7 9389
8 12166
9 1318
10 16415
11 20949
12 11679
13 9425
14 5703
15 16666
16 18717
17 15692
18 6220
19 27347
20 179
21 19135
22 10025
23 17661
24 1016
25 11678
26 15577
27 7938
28 9372
29 2581
30 24929
31 19236
32 25792
33 17173
34 3748
35 26465
36 11844
37 26137
38 22372
39 25670
40 2473
41 2063
42 4628
43 14562
44 7345
45 26272
46 9285
47 9496
48 16255
49 25777
50 1825
51 10859
52 21837
53 2618
54 12357
55 25258
56 2087
57 6357
58 1346
59 21828
60 14081
61 20142
62 15189
63 257
64 528
65 8491
66 16922
67 16397
68 10235
69 26776
70 9224
71 12964
72 10576
73 13631
74 2524
75 19553
76 23350
77 11066
78 4048
79 13138
80 5161
81 9138
82 8238
83 23735
84 24455
85 10146
86 12671
87 21853
88 14405
89 6820
90 24854
91 15482
92 19423
93 19708
94 13254
95 15264
96 6773
97 21806
98 7494
99 11473
100 22609
101 26259
102 18270
103 18167
104 14832
105 13617
106 8196
107 24171
108 13003
109 16819
110 3941
111 27209
112 17907
113 23691
114 1193
115 23104
116 20675
117 23744
118 21014
119 21622
120 21942
121 24587
122 23950
123 22431
124 22988
125 5391
126 9243
127 20845
128 2419
129 617
130 3641
131 25307
132 9083
133 11879
134 11126
135 19590
136 408
137 2290
138 3736
139 15150
140 26888
141 11333
142 23328
143 13437
144 1106
145 16564
146 18840
147 9736
148 4602
149 23780
150 17845
151 16685
152 14422
153 2462
154 1667
155 15799
156 27048
157 9265
158 17386
159 24494
160 4303
161 22756
162 16767
163 24537
164 27309
165 19462
166 25086
167 13543
168 26282
169 16155
170 23466
171 14629
172 3970
173 9884
174 3019
175 12195
176 23588
177 7310
178 14535
179 6639
180 8837
181 20873
182 4329
183 24691
184 24202
185 2720
186 9338
187 16031
188 27097
189 17839
190 16628
191 16929
192 10591
193 14963
194 6996
195 8993
196 5445
197 2558
198 17119
199 2529
200 12365
201 5633
202 17427
203 11262
204 15976
205 16562
206 9930
207 16374
208 10404
209 3374
210 20443
211 4129
212 22810
213 18555
214 16631
215 10308
216 19074
217 7668
218 9788
219 22649
220 7855
221 26681
222 3200
223 3115
224 25845
225 19064
226 17808
227 18570
228 5881
229 6159
230 9048
231 24448
232 20660
233 26127
234 6379
235 25088
236 1251
237 24582
238 10959
239 13871
240 26160
241 4364
242 11932
243 12967
244 628
245 2729
246 22510
247 24819
248 12240
249 6022
250 24477
251 2959
252 15714
253 11421
254 16297
255 27479
256 12686
257 23494
258 13638
259 22241
260 10740
261 27272
262 1205
263 23309
264 9509
265 23253
266 17770
267 3217
268 22968
269 5357
270 24435
271 12207
272 9092
273 23239
274 15072
275 19357
276 15308
277 18701
278 24740
279 5711
280 26296
281 5570
282 27072
283 8822
284 27346
285 1357
286 21400
287 9115
288 7579
289 8032
290 13363
291 3181
292 25183
293 3778
294 9694
295 11460
296 20189
297 11949
298 16023
299 21467
300 11317
301 2361
302 13070
303 24690
304 22361
305 24031
306 14830
307 13635
308 27269
309 2382
310 8111
311 5626
312 8361
313 25421
314 5279
315 10960
316 7616
317 17236
318 3254
319 26866
320 5211
321 13619
322 10721
323 2165
324 16194
325 15052
326 3911
327 26898
328 20933
329 9946
330 27121
331 16145
332 24399
333 21316
334 13026
335 26800
336 431
337 24715
338 23209
339 11692
340 19731
341 2408
342 5780
343 24696
344 27220
345 9922
346 3220
347 4017
348 13852
349 17213
350 8546
351 19684
352 11567
353 16559
354 12858
355 13055
356 6059
357 9079
358 8029
359 24441
360 16734
361 6009
362 4827
363 6975
364 18688
365 24334
366 15974
367 3384
368 6373
370 25201
371 12174
372 23180
373 14794
374 19169
375 26683
376 43
377 15079
378 23040
379 20047
380 20269
381 3287
382 4160
383 11064
384 22417
385 22532
386 10863
387 730
388 17878
389 8068
390 20864
391 17548
392 11491
393 3863
394 17105
395 6090
396 24210
397 16704
398 21065
399 3065
400 27372
401 13481
402 21136
403 22540
404 5952
405 2045
406 23450
407 16643
408 9303
409 17435
410 3525
411 8736
412 8366
413 4451
414 17067
415 13507
416 23581
417 13588
418 21937
419 13416
420 11893
421 11179
422 15165
423 12219
424 1462
425 6890
426 17280
427 16134
428 24580
429 25213
430 19620
431 2916
432 24456
433 10175
434 5209
435 10514
436 13314
437 18317
438 3526
439 3988
440 4693
441 10617
442 24278
443 23187
444 17757
445 3269
446 86
447 447
448 16977
449 17594
450 15880
451 8748
452 1143
453 25287
454 3127
455 9511
456 20212
457 15050
458 20573
459 24924
460 26636
461 10778
462 21880
463 11065
464 10207
465 2827
466 16070
467 18565
468 10369
469 15496
470 3168
471 9659
472 21183
473 25623
474 13922
475 23687
476 7945
477 13879
478 4443
479 22546
480 23374
481 7777
482 3000
483 19526
484 10141
485 20116
486 8003
487 23949
488 24327
489 26975
490 13039
491 6197
492 26482
493 1874
494 17184
495 26308
496 27148
497 6380
498 27267
499 12401
500 25435
501 4403
502 5303
503 970
504 20015
505 25890
506 22235
507 20480
508 861
509 1999
510 24652
511 14792
512 18786
513 4208
514 5128
515 10374
516 21207
517 1535
518 18098
519 12590
520 5896
521 10512
522 11003
523 19636
524 129
525 1057
526 27672
527 8050
528 25508
529 3833
530 5118
531 4413
532 25019
533 9871
534 23699
535 5532
536 11902
537 22418
538 20899
539 7553
540 3349
541 4831
542 1743
543 7883
544 2767
545 25107
546 11943
547 18702
548 10552
549 2917
550 21581
551 25500
552 18122
553 11048
554 6366
555 16872
556 18332
557 8372
558 1975
559 10850
560 8116
561 15600
562 23057
563 25558
564 3124
565 10240
566 22677
567 1335
568 5562
569 14914
570 8080
571 25447
572 600
573 15381
574 22912
575 12473
576 26854
577 23216
578 17330
579 24863
580 10176
581 2148
582 10446
583 2502
584 24904
585 243
586 17824
587 3559
588 16983
589 501
590 21218
591 3608
592 1240
593 6409
594 5390
595 4157
596 15247
597 2630
598 682
599 5552
600 1387
601 25124
602 3322
603 1425
604 4935
605 2267
606 18489
607 6692
608 1192
609 15795
610 3251
611 830
612 3660
613 26900
614 23946
615 10723
616 10761
617 5040
618 13506
619 17071
620 25977
621 4035
622 27315
623 13587
624 20136
625 18539
626 19030
627 22647
628 19276
629 16050
630 15975
631 25240
632 26526
633 21952
634 9848
635 15134
636 27023
637 15038
638 20177
639 22978
640 17302
641 1886
642 15034
643 13321
644 6843
645 21476
646 3630
647 8168
648 26389
649 11973
650 27588
651 25128
652 26933
653 1549
654 20351
655 1322
656 22138
657 11721
658 3165
659 16702
660 17670
661 2467
662 676
663 20362
664 7206
665 10587
666 21114
667 19600
668 19569
669 18775
670 7563
671 11994
672 3704
673 8989
674 25256
675 24693
676 2984
677 22533
678 12399
679 6476
680 27136
681 20825
682 25264
683 12846
684 13590
685 25588
686 16163
687 8495
688 15443
689 7634
690 10089
691 10125
692 3826
693 3784
694 2216
695 19170
696 19384
697 26342
698 3859
699 14713
700 7906
701 6637
702 16634
703 16984
704 15691
705 10647
706 12564
707 1906
708 22206
709 25358
710 18244
711 15854
712 14279
713 23680
714 11892
715 7544
716 13310
717 4020
718 17710
719 2986
720 5413
721 202
722 7877
723 14896
724 8657
725 26377
726 17827
727 22007
728 25115
729 8264
730 273
731 15364
732 7859
733 14443
734 19842
735 17245
736 14326
737 17539
738 4108
739 4894
740 2561
741 25415
742 22166
743 13627
744 12446
745 11001
746 11330
747 20531
748 3791
749 14353
750 4814
751 14674
752 4582
753 6953
754 12250
755 18163
757 19740
758 19099
759 1210
760 24402
761 1340
762 5419
763 4014
764 27576
765 6967
766 4686
767 18707
768 16975
769 11385
770 2435
771 22471
772 17885
773 25757
774 18748
775 4291
776 1203
777 18822
778 17051
779 16338
780 8112
781 1159
782 20481
783 128
784 812
785 627
786 24799
787 10268
788 18964
789 9892
790 12655
791 24962
792 15096
793 26044
794 13457
795 27180
796 26657
797 27016
798 2933
799 25634
800 17813
801 13018
802 15009
803 24680
804 14506
805 5448
806 10598
807 25659
808 14138
809 16970
810 13610
811 22231
812 23887
813 17580
814 26953
815 20959
816 15393
817 10441
818 4281
819 17772
820 3095
821 7568
822 12863
823 6898
824 2386
825 12733
826 12816
827 7308
828 15290
829 22604
830 5197
831 11525
832 2395
833 25224
834 12026
835 13997
836 22558
837 11453
838 18510
839 15286
840 10801
841 8994
842 14148
843 21006
844 9568
845 1424
846 10322
847 22588
848 8670
849 9958
850 24400
851 18654
852 20726
853 27510
854 6617
855 16049
856 1189
857 20096
858 17520
859 20222
860 20097
861 1186
862 4065
863 19365
864 2760
865 8943
866 20824
867 13232
868 21250
869 15164
870 13813
871 6107
872 26208
873 20444
874 14648
875 4657
876 12082
877 25509
878 18301
879 24236
880 26092
881 12608
882 16370
883 25353
884 27241
885 10882
886 21841
887 18809
888 27102
889 10452
890 6041
891 22731
892 18079
893 7520
894 24613
895 7775
896 16638
897 2193
898 8235
899 25318
900 6103
901 25045
902 12629
903 1457
904 15512
905 27381
906 12335
907 23190
908 24927
909 26507
910 14764
911 3420
912 22833
913 4950
914 23843
915 5965
916 2068
917 21649
918 12840
919 25800
920 20330
921 2210
922 7077
923 20232
924 18578
925 7260
926 20780
927 585
928 19459
929 10856
930 14997
931 26989
932 19311
933 16383
934 10364
935 324
936 7804
937 10708
938 3005
939 304
940 22030
941 14726
942 23233
943 22927
944 14125
945 19083
946 8137
947 11159
948 2761
949 22954
950 15315
951 6565
952 667
953 10804
954 15631
955 3277
956 24336
957 22351
958 26896
959 27475
960 1460
961 9965
962 16025
963 14508
964 4238
965 27143
966 9367
967 21634
968 1911
969 24968
970 7138
971 20671
972 24125
973 3199
974 9533
975 20696
976 5079
977 9228
978 12459
979 1681
980 2315
981 25769
982 23577
983 11409
984 8088
985 22995
986 15403
987 5935
988 2842
989 27755
990 7029
991 8659
992 8402
993 20209
994 2213
995 20678
996 892
997 11081
998 26332
999 9636
1000 17474
1001 12873
1002 410
1003 19129
1004 19340
1005 26558
1006 10213
1007 1706
1008 22846
1009 27145
1010 13359
1011 7549
1012 7728
1013 9162
1014 2871
1015 14053
1016 20070
1017 19097
1018 23325
1019 4315
1020 13373
1021 3462
1022 1250
1023 18896
1024 2734
1025 12611
1026 6787
1027 15104
1028 6365
1029 16756
1030 23771
1031 16130
1032 13811
1033 18962
1034 20424
1035 18050
1036 12467
1037 18531
1038 10194
1039 16982
1040 363
1041 24097
1042 26061
1043 14347
1044 10130
1045 5516
1046 1284
1047 17118
1048 8007
1049 14526
1050 22742
1051 12113
1052 24233
1053 10017
1054 4275
1055 5937
1056 11571
1057 6278
1058 4393
1059 23222
1060 21938
1061 26536
1062 26229
1063 7425
1064 21727
1065 27436
1066 12436
1067 1949
1068 27466
1069 4668
1070 25160
1071 25233
1072 10763
1073 8648
1074 24487
1075 6701
1076 18698
1077 24176
1078 20533
1079 17296
1080 5518
1081 4803
1082 6624
1083 12139
1084 6755
1085 15113
1086 4461
1087 5791
1088 7103
1089 5375
1090 8645
1091 3849
1092 12703
1093 16111
1094 21850
1095 26271
1096 9637
1097 8955
1098 20216
1099 21925
1100 18078
1101 10848
1102 13556
1103 24684
1104 20580
1105 27318
1106 519
1107 9295
1108 8792
1109 2562
1110 9423
1111 24130
1112 5948
1113 12687
1114 13438
1115 825
1116 18887
1117 317
1118 7469
1119 25236
1120 21001
1121 1411
1122 21267
1123 15335
1124 13575
1125 5812
1126 20098
1127 26965
1128 3589
1129 16557
1130 2441
1131 16268
1132 1467
1133 5569
1134 4805
1135 8485
1136 19574
1137 6990
1138 21073
1139 17880
1140 12887
1141 1297
1142 18681
1143 22000
1144 27480
1145 21124
1146 3558
1147 10629
1148 2294
1149 17673
1150 1588
1151 20609
1152 2314
1153 20947
1154 5117
1155 3939
1156 11423
1157 18692
1158 1069
1159 2636
1160 6317
1161 16314
1162 27651
1163 7185
1164 21002
1165 23371
1166 20911
1167 21133
1168 16541
1169 20735
1170 23041
1171 24047
1172 1408
1173 240
1174 23578
1175 20247
1176 6230
1177 17805
1178 24419
1179 8978
1180 9651
1181 26407
1182 25995
1183 4652
1184 10790
1185 17159
1186 8536
1187 8883
1188 25090
1189 14074
1190 23619
1191 1854
1192 21289
1193 53
1194 1488
1195 13105
1196 24913
1197 8440
1198 23572
1199 9564
1200 23665
1201 7632
1202 6663
1203 15465
1204 15598
1205 797
1206 290
1207 15195
1208 4758
1209 18604
1210 1160
1211 13760
1212 1524
1213 4705
1214 6671
1215 3670
1216 26805
1217 16424
1218 24738
1219 985
1220 26547
1221 16089
1222 5682
1223 8581
1224 20858
1225 27185
1226 18438
1227 3782
1228 6982
1229 24018
1230 7088
1231 15610
1232 15477
1233 17690
1234 683
1235 22994
1236 24395
1237 4911
1238 10918
1239 15635
1240 9461
1241 11618
1242 15585
1243 15739
1244 6578
1245 18219
1246 25880
1247 22067
1248 7315
1249 22218
1250 5723
1251 4629
1252 19978
1253 62
1254 18825
1255 3240
1256 16217
1257 6932
1258 26028
1259 7035
1260 3809
1261 10480
1262 26967
1263 7803
1264 10055
1265 8134
1266 12970
1267 13529
1268 26561
1269 4742
1270 16379
1271 233
1272 24088
1273 14931
1274 499
1275 8861
1276 22736
1277 2411
1278 16941
1279 22686
1280 25323
1281 18300
1282 7902
1283 18620
1284 5721
1285 3333
1286 7701
1287 15504
1288 16671
1289 13598
1290 11055
1291 12827
1292 23542
1293 6462
1294 3444
1295 6206
1296 4183
1297 2534
1298 2799
1299 24495
1300 14130
1301 18370
1302 4866
1303 1669
1304 25564
1305 14090
1306 2067
1307 11057
1308 17904
1309 23399
1310 21205
1311 8884
1312 9174
1313 19238
1314 27683
1315 1987
1316 20393
1317 8889
1318 19509
1319 24361
1320 21251
1321 5554
1322 5147
1323 1439
1324 6114
1325 8217
1326 13522
1327 3894
1328 21286
1329 22157
1330 3232
1331 18175
1332 15382
1333 3271
1334 17672
1335 17546
1336 21907
1337 2677
1338 6340
1339 10797
1340 17708
1341 712
1342 16981
1343 6465
1344 16269
1345 15130
1346 15002
1347 3109
1348 9993
1349 13628
1350 23385
1351 20711
1352 19606
1353 7495
1354 2308
1355 21610
1356 16916
1357 7082
1358 25033
1359 26059
1360 16504
1361 16542
1362 18042
1363 24270
1364 20838
1365 26529
1366 22181
1367 9424
1368 13768
1369 6324
1370 21033
1371 25816
1372 87
1373 15771
1374 535
1375 26979
1376 14354
1377 15349
1378 5726
1379 5155
1380 17233
1381 21839
1382 3886
1383 546
1384 18031
1385 26786
1386 18047
1387 12488
1388 15092
1389 6826
1390 10879
1391 6568
1392 14513
1393 15724
1394 8653
1395 3614
1396 27207
1397 19215
1398 27568
1399 9095
1400 13131
1401 1188
1402 8722
1403 6885
1404 8188
1405 3032
1406 21793
1407 20667
1408 1286
1409 16170
1410 2163
1411 25268
1412 4549
1413 14667
1414 14991
1415 5240
1416 14375
1417 6965
1418 6047
1419 4024
1420 4189
1421 17225
1422 20032
1423 2899
1424 9755
1425 20307
1426 2870
1427 20779
1428 24113
1429 15667
1430 6555
1431 16640
1432 27200
1433 20226
1434 13383
1435 15502
1436 21556
1437 26690
1438 26560
1439 19
1440 20403
1441 18934
1442 4095
1443 14280
1444 8952
1445 23161
1446 13924
1447 27504
1448 17886
1449 11928
1450 27647
1451 6800
1452 12801
1453 9480
1454 14899
1455 16304
1456 553
1457 19306
1458 23518
1459 14778
1460 27059
1461 6070
1462 18686
1463 900
1464 18290
1465 27242
1466 1269
1467 2676
1468 14765
1469 17080
1470 15378
1471 23984
1472 25432
1473 25938
1474 11968
1475 186
1476 14733
1477 24771
1478 187
1479 10304
1480 20218
1481 13483
1482 9683
1483 18407
1484 22898
1485 21859
1486 9770
1487 10566
1488 11914
1489 25791
1490 27150
1491 2417
1492 6381
1493 16011
1494 56
1495 15028
1496 19686
1497 16407
1498 18733
1499 4586
1500 23219
1501 21989
1502 10522
1503 16788
1504 4272
1505 3745
1506 6453
1507 4864
1508 27485
1509 20390
1510 26710
1511 27581
1512 13511
1513 15048
1514 14882
1515 10675
1516 13735
1517 4389
1518 7716
1519 14945
1520 3918
1521 22121
1522 26280
1523 4986
1524 21599
1525 820
1526 26098
1527 23885
1528 350
1529 23459
1530 15663
1531 3074
1532 14823
1533 26334
1534 19907
1535 17589
1536 3135
1537 17343
1538 3600
1539 3870
1540 14737
1541 3852
1542 1926
1543 4900
1544 15726
1545 3387
1546 5927
1547 21009
1548 10007
1549 25979
1550 14430
1551 24593
1552 21608
1553 13547
1554 20624
1555 12089
1556 4946
1557 20934
1558 17625
1559 8763
1560 23123
1561 12087
1562 9824
1563 7177
1564 11507
1565 27437
1566 13443
1567 24591
1568 12552
1569 6338
1570 4159
1571 24558
1572 13591
1573 544
1574 14190
1575 22534
1576 18625
1577 22665
1578 5868
1579 1834
1580 10949
1581 19443
1582 5365
1583 26065
1584 7947
1585 20960
1586 23092
1587 19902
1588 23866
1589 10612
1590 2096
1591 22693
1592 6544
1593 26174
1594 7816
1595 26180
1596 3739
1597 6792
1598 25535
1599 23433
1600 24601
1601 8757
1602 13995
1603 5698
1604 1824
1605 10690
1606 11403
1607 6668
1608 25772
1609 23107
1610 18015
1611 6785
1612 10798
1613 23264
1614 6361
1615 2334
1616 4944
1617 1960
1618 9469
1619 26302
1620 18288
1621 18037
1622 928
1623 26262
1624 4728
1625 18475
1626 12850
1627 4964
1628 17467
1629 9502
1630 11630
1631 26487
1632 19058
1633 9876
1634 4890
1635 23135
1636 8838
1637 876
1638 15485
1639 18452
1640 19583
1641 8787
1642 7352
1643 24387
1644 26113
1645 9776
1646 14666
1647 14195
1648 3554
1649 5968
1650 2653
1651 12855
1652 25580
1653 3449
1654 8407
1655 6577
1656 25151
1657 8880
1658 22876
1659 5226
1660 18387
1661 9654
1662 1338
1663 9043
1664 25311
1665 11508
1666 19614
1667 9361
1668 23381
1669 926
1670 15899
1671 8504
1672 17676
1673 4904
1674 1788
1675 12605
1676 1687
1677 3120
1678 22600
1679 21774
1680 9825
1681 12303
1682 9656
1683 10951
1684 5499
1685 16098
1686 2482
1687 15032
1688 26583
1689 2241
1690 794
1691 16525
1692 26620
1693 6350
1694 7796
1695 16018
1696 23666
1697 10734
1698 3111
1699 3663
1700 2425
1701 5895
1702 15020
1703 15236
1704 24417
1705 13040
1706 18922
1707 24342
1708 2657
1709 83
1710 22350
1711 16146
1712 18319
1713 592
1714 26631
1715 14411
1716 9236
1717 5905
1718 17471
1719 9552
1720 4297
1721 3680
1722 8336
1723 15983
1724 11990
1725 1636
1726 25291
1727 9855
1728 22143
1729 10356
1730 8931
1731 19332
1732 24765
1733 16422
1734 24757
1735 27175
1736 25464
1737 18528
1738 11180
1739 20419
1740 2902
1741 8388
1742 25369
1743 21909
1744 3904
1745 22520
1746 4681
1747 22499
1748 2155
1749 27324
1750 20132
1751 13372
1752 16565
1753 5496
1754 22535
1755 5678
1756 26641
1757 19638
1758 27142
1759 17257
1760 5879
1761 14977
1762 17031
1763 23674
1764 7656
1765 6579
1766 11940
1767 17866
1768 27507
1769 16219
1770 11590
1771 107
1772 7042
1773 17564
1774 22983
1775 6829
1776 26521
1777 1828
1778 12075
1779 9839
1780 6700
1781 1360
1782 2878
1783 22343
1784 7867
1785 18072
1786 10208
1787 9969
1788 12095
1789 25476
1790 6435
1791 22949
1792 17227
1793 229
1794 22247
1795 15408
1796 23571
1797 3973
1798 22388
1799 2359
1800 6273
1801 26503
1802 2083
1803 23047
1804 3538
1805 9733
1806 3025
1807 19281
1808 23286
1809 1259
1810 18963
1811 4976
1812 12555
1813 2036
1814 13209
1815 13606
1816 26834
1817 13116
1818 9343
1819 17901
1820 27115
1821 9417
1822 24856
1823 16674
1824 27622
1825 20739
1826 22825
1827 1806
1828 21179
1829 19355
1830 21633
1831 7491
1832 12636
1833 4127
1834 5370
1835 147
1836 14946
1837 14426
1838 22359
1839 17632
1840 9183
1841 21007
1842 2559
1843 6408
1844 6831
1845 5319
1846 26468
1847 11037
1848 24111
1849 21817
1850 25053
1851 27756
1852 23714
1853 8346
1854 646
1855 8122
1856 8683
1857 21399
1858 23046
1859 863
1860 4541
1861 7201
1862 11841
1863 4019
1864 1115
1865 16399
1866 7725
1867 24620
1868 1485
1869 24169
1870 2774
1871 24389
1872 18400
1873 3746
1874 24951
1875 23627
1876 13592
1877 9815
1878 10200
1879 4573
1880 22485
1881 9682
1882 5877
1883 27079
1884 42
1885 17792
1886 24816
1887 17576
1888 24888
1889 4318
1890 8011
1891 22586
1892 2422
1893 12538
1894 22765
1895 13016
1896 8652
1897 24074
1898 14548
1899 19269
1900 24828
1901 10697
1902 12323
1903 20655
1904 1619
1905 7638
1906 15043
1907 281
1908 372
1909 15546
1910 11235
1911 1136
1912 15515
1913 21190
1914 6389
1915 11228
1916 15481
1917 21110
1918 7526
1919 10234
1920 12141
1921 18020
1922 18341
1923 4101
1924 22057
1925 3523
1926 8770
1927 8220
1928 14538
1929 27661
1930 4086
1931 16466
1932 15262
1933 17822
1934 1640
1935 8223
1936 9728
1937 18350
1938 16238
1939 21530
1940 8896
1941 14412
1942 23830
1943 16667
1944 12239
1945 5510
1946 19629
1947 19105
1948 12910
1949 18077
1950 8983
1951 767
1952 11147
1953 7207
1954 11285
1955 13145
1956 18335
1957 14565
1958 17137
1959 6962
1960 20370
1961 16556
1962 1615
1963 10581
1964 24745
1965 25726
1966 1805
1967 769
1968 25691
1969 13195
1970 25310
1971 8428
1972 15319
1973 25626
1974 6584
1975 24709
1976 6019
1977 14163
1978 24700
1979 17654
1980 9593
1981 22625
1982 17104
1983 12805
1984 15701
1985 1698
1986 21703
1987 22367
1988 18039
1989 15629
1990 2543
1991 3749
1992 24743
1993 10460
1994 19598
1995 26247
1996 7437
1997 25692
1998 25752
1999 11610
2000 24170
2001 4098
2002 12074
2003 6270
2004 21810
2005 9105
2006 7586
2007 16591
2008 12531
2009 23413
2010 12869
2011 7463
2012 24163
2013 18285
2014 22830
2015 7574
2016 7274
2017 23840
2018 23960
2019 4060
2020 5404
2021 6310
2022 25042
2023 21262
2024 13217
2025 21852
2026 15735
2027 1383
2028 19274
2029 10923
2030 1230
2031 4833
2032 1213
2033 18833
2034 8359
2035 27271
2036 4237
2037 18147
2038 2808
2039 26387
2040 21482
2041 18476
2042 2236
2043 17541
2044 23476
2045 17060
2046 7339
2047 11213
2048 19244
2049 4725
2050 22706
2051 17194
2052 2488
2053 1840
2054 16099
2055 18097
2056 21843
2057 11396
2058 25556
2059 15925
2060 8391
2061 7192
2062 19702
2063 746
2064 27277
2065 1880
2066 16534
2067 25303
2068 1320
2069 24575
2070 7577
2071 6226
2072 14152
2073 71
2074 23856
2075 8571
2076 20601
2077 9648
2078 10685
2079 11698
2080 24275
2081 13458
2082 11405
2083 22395
2084 121
2085 3550
2086 9122
2087 20115
2088 10768
2089 16543
2090 20429
2091 10537
2092 4444
2093 2101
2094 8093
2095 22044
2096 1305
2097 26284
2098 8436
2099 11851
2100 17181
2101 5281
2102 297
2103 3721
2104 8028
2105 3856
2106 23432
2107 14774
2108 16360
2109 27056
2110 952
2111 1879
2112 16329
2113 15548
2114 14542
2115 15792
2116 17340
2117 784
2118 24767
2119 2640
2120 21312
2121 11119
2122 25950
2123 16196
2124 8929
2125 14348
2126 80
2127 12437
2128 1747
2129 13082
2130 10957
2131 20669
2132 25656
2133 27448
2134 21272
2135 9072
2136 2070
2137 20830
2138 5019
2139 2450
2140 19685
2141 18732
2142 920
2143 16971
2144 15241
2145 20898
2146 3495
2147 13732
2148 12498
2149 9697
2150 549
2151 26607
2152 27238
2153 8605
2154 12199
2155 18192
2156 3795
2157 17759
2158 13861
2159 27702
2160 16691
2161 5299
2162 1967
2163 9152
2164 1348
2165 19925
2166 78
2167 7475
2168 355
2169 15797
2170 13648
2171 16446
2172 26519
2173 5679
2174 13471
2175 11334
2176 13110
2177 8610
2178 23099
2179 14355
2180 19437
2181 14300
2182 16470
2183 11588
2184 18514
2185 19610
2186 19055
2187 22364
2188 13938
2189 521
2190 881
2191 20998
2192 2982
2193 22977
2194 25724
2195 7880
2196 25765
2197 24266
2198 8210
2199 22089
2200 2817
2201 25335
2202 19027
2203 17192
2204 17628
2205 7411
2206 18949
2207 22918
2208 7735
2209 2861
2210 25984
2211 24762
2212 7131
2213 10930
2214 869
2215 12304
2216 16305
2217 12812
2218 9241
2219 4502
2220 16567
2221 22643
2222 27644
2223 4707
2224 13182
2225 2823
2226 23240
2227 22053
2228 16233
2229 1553
2230 12767
2231 2301
2232 3649
2233 10760
2234 5172
2235 13423
2236 6089
2237 20672
2238 6716
2239 21106
2240 10506
2241 13676
2242 17593
2243 15193
2244 14561
2245 15083
2246 27297
2247 9715
2248 3701
2249 19923
2250 3979
2251 2115
2252 19604
2253 21868
2254 12544
2255 11529
2256 13180
2257 2022
2258 15970
2259 23481
2260 22268
2261 8930
2262 2333
2263 3801
2264 3216
2265 18558
2266 11647
2267 17420
2268 18645
2269 24945
2270 813
2271 22856
2272 2972
2273 27338
2274 6979
2275 17933
2276 13059
2277 12040
2278 23289
2279 16452
2280 10673
2281 14646
2282 6935
2283 1976
2284 16575
2285 8808
2286 5539
2287 17172
2288 1723
2289 18726
2290 22435
2291 27517
2292 18036
2293 17062
2294 19516
2295 12729
2296 11864
2297 26189
2298 23397
2299 15354
2300 6563
2301 26608
2302 6878
2303 9378
2304 23265
2305 25923
2306 2182
2307 473
2308 10594
2309 5600
2310 21734
2311 26694
2312 22525
2313 27325
2314 24648
2315 72
2316 15133
2317 11837
2318 10857
2319 284
2320 10599
2321 20495
2322 8105
2323 13125
2324 1556
2325 14663
2326 6758
2327 12355
2328 6597
2329 16069
2330 12809
2331 10668
2332 8383
2333 15859
2334 6071
2335 21210
2336 15087
2337 9650
2338 20055
2339 14376
2340 1957
2341 25471
2342 24482
2343 19905
2344 1011
2345 12612
2346 6646
2347 13034
2348 13239
2349 23565
2350 9219
2351 10755
2352 11826
2353 26112
2354 26294
2355 20706
2356 19857
2357 1445
2358 21307
2359 18177
2360 20939
2361 3657
2362 21420
2363 17397
2364 23337
2365 16597
2366 21181
2367 14611
2368 24211
2369 4045
2370 1471
2371 17556
2372 19122
2373 7409
2374 24938
2375 9738
2376 16151
2377 3844
2378 6315
2379 15670
2380 21743
2381 22809
2382 6292
2383 1389
2384 13832
2385 1423
2386 5610
2387 4015
2388 10885
2389 6348
2390 8900
2391 12152
2392 24840
2393 21382
2394 5020
2395 7857
2396 22557
2397 21187
2398 5590
2399 8857
2400 23457
2401 18571
2402 14858
2403 14576
2404 10650
2405 21738
2406 23274
2407 799
2408 15422
2409 17333
2410 18381
2411 21702
2412 7678
2413 11987
2414 25482
2415 24624
2416 23034
2417 18874
2418 16469
2419 10179
2420 16443
2421 8997
2422 4462
2423 22925
2424 10928
2425 23869
2426 1417
2427 26588
2428 9998
2429 16390
2430 1413
2431 26477
2432 26097
2433 19409
2434 23005
2435 9419
2436 19043
2437 23875
2438 14329
2439 8781
2440 8237
2441 24860
2442 4483
2443 27010
2444 15954
2445 24712
2446 24947
2447 3537
2448 3850
2449 23401
2450 12417
2451 5241
2452 16152
2453 7590
2454 15449
2455 4100
2456 15125
2457 8260
2458 22171
2459 18644
2460 25108
2461 26742
2462 22081
2463 18592
2464 15634
2465 9676
2466 16327
2467 24241
2468 18735
2469 10373
2470 26014
2471 5122
2472 8534
2473 4142
2474 8589
2475 2218
2476 27336
2477 7739
2478 15708
2479 6943
2480 23245
2481 18814
2482 13078
2483 942
2484 3492
2485 17162
2486 17613
2487 6391
2488 6495
2489 26794
2490 15321
2491 25187
2492 10812
2493 12554
2494 10570
2495 22487
2496 20777
2497 10229
2498 2327
2499 17180
2500 9118
2501 18741
2502 22847
2503 24988
2504 20593
2505 9398
2506 10999
2507 26865
2508 8828
2509 26514
2510 11592
2511 7903
2512 18374
2513 10686
2514 6458
2515 1118
2516 25449
2517 23672
2518 23845
2519 21407
2520 25317
2521 7362
2522 25630
2523 5057
2524 4328
2525 5168
2526 8833
2527 17122
2528 9181
2529 27005
2530 9103
2531 1945
2532 25058
2533 2639
2534 2278
2535 23127
2536 26244
2537 21660
2538 17793
2539 11380
2540 10563
2541 17968
2542 12969
2543 23420
2544 14876
2545 15574
2546 4013
2547 22034
2548 1277
2549 10292
2550 22116
2551 12147
2552 4773
2553 11513
2554 4459
2555 19968
2556 22710
2557 27473
2558 3594
2559 13971
2560 8507
2561 2965
2562 25646
2563 2981
2565 5788
2566 5512
2567 9872
2568 13488
2569 9584
2570 12299
2571 7624
2572 27065
2573 23841
2574 13644
2575 3375
2576 21836
2577 6234
2578 19472
2579 224
2580 21418
2581 11545
2582 22806
2583 6258
2584 13267
2585 19486
2586 14435
2587 724
2588 20504
2589 6181
2590 22107
2591 10139
2592 9528
2593 23011
2594 20313
2595 6715
2596 8650
2597 26905
2598 15051
2599 6889
2600 20420
2601 14045
2602 4747
2603 2527
2604 20333
2605 14046
2606 24678
2607 554
2608 7831
2609 20410
2610 4905
2611 22459
2612 5428
2613 11133
2614 5718
2615 8825
2616 21898
2617 25754
2618 8172
2619 27626
2620 9024
2621 16516
2622 14388
2623 18251
2624 2364
2625 22213
2626 15326
2627 1198
2628 7976
2629 3991
2630 23139
2631 25934
2632 9565
2633 23326
2634 13094
2635 7530
2636 694
2637 11989
2638 7415
2639 24915
2640 4733
2641 22261
2642 1665
2643 6208
2644 7158
2645 11386
2646 19381
2647 12832
2648 16932
2649 24004
2650 18764
2651 27563
2652 18682
2653 45
2654 8579
2655 4484
2656 25962
2657 24107
2658 16797
2659 11891
2660 25397
2661 24161
2662 2199
2663 10316
2664 11605
2665 9222
2666 3585
2667 18544
2668 4861
2669 8283
2670 1087
2671 9962
2672 3779
2673 17449
2674 17413
2675 22597
2676 9842
2677 15487
2678 9820
2679 17667
2680 17838
2681 1534
2682 564
2683 3441
2684 18157
2685 4609
2686 22591
2687 8229
2688 21678
2689 26858
2690 24585
2691 27244
2692 18081
2693 2716
2694 25486
2695 7972
2696 24975
2697 8104
2698 27146
2699 8162
2700 19627
2701 8497
2702 13452
2703 21692
2704 9050
2705 26535
2706 337
2707 8332
2708 18239
2709 6176
2710 17231
2711 27737
2712 18875
2713 9984
2714 6182
2715 2856
2716 1444
2717 17624
2718 27051
2719 3535
2720 15806
2721 10532
2722 15494
2723 4080
2724 22689
2725 23963
2726 14709
2727 2616
2728 25182
2729 21838
2730 15098
2731 15019
2732 23379
2733 11827
2734 27470
2735 24876
2736 8764
2737 8339
2738 14785
2739 7064
2740 24687
2741 15649
2742 18209
2743 16730
2744 19323
2745 16741
2746 23292
2747 7754
2748 2358
2749 13870
2750 16264
2751 11958
2752 20292
2753 8542
2754 26954
2755 22222
2756 16924
2757 12995
2758 3983
2759 8553
2760 19700
2761 23538
2762 16195
2763 23881
2764 22837
2765 896
2766 26827
2767 18231
2768 16531
2769 18431
2770 19166
2771 2651
2772 12187
2773 9016
2774 12288
2775 25937
2776 18683
2777 5012
2778 25241
2779 18705
2780 2530
2781 1301
2782 6147
2783 25197
2784 3255
2785 20785
2786 13284
2787 18869
2788 7468
2789 21220
2790 15940
2791 8184
2792 21528
2793 2809
2794 24493
2795 13045
2796 92
2797 11183
2798 23090
2799 722
2800 27311
2801 8478
2802 1141
2803 21429
2804 23864
2805 27118
2806 16437
2807 14907
2808 27693
2809 14622
2810 8821
2811 17000
2812 8241
2813 9655
2814 6203
2815 19203
2816 5064
2817 3966
2818 17272
2819 19535
2820 26949
2821 7073
2822 25460
2823 19350
2824 25987
2825 25097
2826 17486
2827 20509
2828 5031
2829 8484
2830 4378
2831 20870
2832 5639
2833 15931
2834 482
2835 22568
2836 12023
2837 9371
2838 3030
2839 6993
2840 26368
2841 2229
2842 14533
2843 11230
2844 21403
2845 3648
2846 3464
2847 18107
2848 17990
2849 14437
2850 2898
2851 25070
2852 24614
2853 2570
2854 26839
2855 22311
2856 21332
2857 2665
2858 18093
2859 19218
2860 2753
2861 2540
2862 14743
2863 17748
2864 11095
2865 9938
2866 13093
2867 19851
2868 2755
2869 20979
2870 22376
2871 5991
2872 2120
2873 19976
2874 20103
2875 3334
2876 188
2877 5549
2878 25191
2879 8577
2880 10847
2881 15495
2882 12980
2883 7115
2884 1049
2885 16097
2886 12148
2887 65
2888 13305
2889 11975
2890 3436
2891 24294
2892 22013
2893 23268
2894 13061
2895 4878
2896 21102
2897 12658
2898 6269
2899 8441
2900 4276
2901 4438
2902 9242
2903 19012
2904 20623
2905 20518
2906 3193
2907 4055
2908 13362
2909 12107
2910 19263
2911 1369
2912 1378
2913 12833
2914 17001
2915 17736
2916 26481
2917 10593
2918 10538
2919 15524
2920 23536
2921 19141
2922 5700
2923 22803
2924 4822
2925 9846
2926 20003
2927 19541
2928 17534
2929 26431
2930 13960
2931 15971
2932 24672
2933 26922
2934 4473
2935 25539
2936 8677
2937 15417
2938 311
2939 16870
2940 18388
2941 22010
2942 13233
2943 3311
2944 8888
2945 7629
2946 18611
2947 8023
2948 2451
2949 20815
2950 13730
2951 2231
2952 13755
2953 12948
2954 1025
2955 21659
2956 21547
2957 27687
2958 11034
2959 953
2960 9200
2961 18792
2962 21535
2963 20907
2964 23002
2965 23442
2966 5601
2967 1898
2968 12992
2969 8614
2970 5836
2971 13774
2972 3382
2973 25022
2974 20999
2975 11131
2976 16787
2977 14205
2978 2612
2979 958
2980 17688
2981 23395
2982 13072
2983 2478
2984 10767
2985 6221
2986 20042
2987 27093
2988 7610
2989 20800
2990 1077
2991 20414
2992 25329
2993 26179
2994 15782
2995 6651
2996 4376
2997 11796
2998 973
2999 19341
3000 5509
3001 21036
3002 10239
3003 25624
3004 23971
3005 20544
3006 8299
3007 113
3008 9972
3009 26728
3010 13167
3011 8363
3012 19019
3013 9971
3014 13873
3015 4435
3016 25206
3017 5781
3018 66
3019 10422
3020 22961
3021 11583
3022 1646
3023 22842
3024 13923
3025 21604
3026 2002
3027 11181
3028 23451
3029 9262
3030 4439
3031 11714
3032 13032
3033 21931
3034 13454
3035 4401
3036 9341
3037 14558
3038 25325
3039 20316
3040 11555
3041 21466
3042 5747
3043 2615
3044 288
3045 5706
3046 12004
3047 25878
3048 17550
3049 19724
3050 13685
3051 7962
3052 15261
3053 11585
3054 1544
3055 26339
3056 26594
3057 26148
3058 10830
3059 1438
3060 7778
3061 22552
3062 27055
3063 1372
3064 619
3065 5738
3066 6814
3067 8109
3068 27433
3069 18458
3070 11203
3071 25399
3072 4770
3073 20471
3074 6432
3075 3241
3076 3753
3077 13292
3078 8209
3079 24774
3080 1974
3081 1833
3082 12263
3083 11733
3084 16505
3085 20929
3086 23000
3087 18327
3088 16980
3089 8108
3090 24481
3091 15231
3092 11650
3093 27333
3094 8926
3095 19577
3096 4417
3097 19106
3098 7625
3099 12635
3100 20464
3101 24167
3102 5580
3103 89
3104 5947
3105 23649
3106 20994
3107 910
3108 8624
3109 13788
3110 13461
3111 8984
3112 9090
3113 13397
3114 2829
3115 9006
3116 23638
3117 9395
3118 1096
3119 2644
3120 24858
3121 19092
3122 22900
3123 19725
3124 27748
3125 6821
3126 19520
3127 24686
3128 20579
3129 5270
3130 21827
3131 12746
3132 22895
3133 25212
3134 14927
3135 19337
3136 8069
3137 25328
3138 5185
3139 12751
3140 27605
3141 13470
3142 17076
3143 17953
3144 9703
3145 11762
3146 27565
3147 17535
3148 13355
3149 17902
3150 25316
3151 1386
3152 5230
3153 3664
3154 25284
3155 13717
3156 18762
3157 14062
3158 18018
3159 21764
3160 14575
3161 2050
3162 16187
3163 22033
3164 15876
3165 27414
3166 16498
3167 16740
3168 21896
3169 10340
3170 22410
3171 10004
3172 12403
3173 12642
3174 8027
3175 15756
3176 415
3177 22921
3178 24476
3179 11368
3180 1546
3181 7298
3182 3117
3183 2069
3184 15199
3185 11759
3186 16006
3187 358
3188 22559
3189 4360
3190 19080
3191 9001
3192 26289
3193 2585
3194 5765
3195 12888
3196 26041
3197 6834
3198 22016
3199 4710
3200 17063
3201 22489
3202 1811
3203 20595
3204 27578
3205 7773
3206 2060
3207 7904
3208 12274
3209 23693
3210 8519
3211 4131
3212 26310
3213 16211
3214 23783
3215 19335
3216 17917
3217 23115
3218 16602
3219 16440
3220 19206
3221 6235
3222 18202
3223 21028
3224 16308
3225 24132
3226 9865
3227 16061
3228 8759
3229 2631
3230 15828
3231 691
3232 21116
3233 17028
3234 17958
3235 715
3236 12726
3237 25255
3238 15446
3239 15764
3240 9507
3241 19394
3242 23670
3243 3107
3244 17190
3245 16636
3246 21623
3247 22132
3248 21994
3249 19721
3250 3042
3251 9010
3252 1090
3253 4760
3254 8816
3255 23323
3256 4655
3257 24145
3258 26869
3259 10745
3260 8017
3261 19956
3262 11309
3263 14494
3264 24267
3265 17428
3266 25632
3267 15522
3268 25139
3269 1670
3270 16027
3271 6790
3272 9188
3273 6733
3274 937
3275 1869
3276 2737
3277 22461
3278 17755
3279 9532
3280 24359
3281 8340
3282 13672
3283 14157
3284 23531
3285 26571
3286 9862
3287 15042
3288 9129
3289 16590
3290 15320
3291 14826
3292 11945
3293 5840
3294 8737
3295 26753
3296 1009
3297 26580
3298 12215
3299 3029
3300 21012
3301 18232
3302 12389
3303 17912
3304 26947
3305 20751
3306 7485
3307 23939
3308 7840
3309 5291
3310 20631
3311 6102
3312 8649
3313 5775
3314 12341
3315 9116
3316 17823
3317 2535
3318 3275
3319 6299
3320 10449
3321 2033
3322 23091
3323 15248
3324 2751
3325 16350
3326 5093
3327 25321
3328 4648
3329 3343
3330 22723
3331 7684
3332 22873
3333 17545
3334 7276
3335 8592
3336 24862
3337 19088
3338 4632
3339 25479
3340 6623
3341 16795
3342 27527
3343 9882
3344 19386
3345 18415
3346 22184
3347 11776
3348 20917
3349 17463
3350 13905
3351 21811
3352 21613
3353 11744
3354 2717
3355 3674
3356 8231
3357 26409
3358 3345
3359 9413
3360 3015
3361 26919
3362 9940
3363 14000
3364 20657
3365 33
3366 15611
3367 7288
3368 3829
3369 12374
3370 934
3371 25576
3372 23897
3373 1677
3374 13849
3375 4544
3376 5341
3377 24451
3378 25737
3379 16401
3380 8225
3381 8203
3382 10451
3383 25555
3384 21979
3385 27230
3386 17434
3387 7135
3388 2802
3389 859
3390 6679
3391 23419
3392 27392
3393 1908
3394 10639
3395 2834
3396 17332
3397 27268
3398 8315
3399 24305
3400 21255
3401 27113
3402 3477
3403 23341
3404 4966
3405 1648
3406 27457
3407 23131
3408 15807
3409 13288
3410 26211
3411 18889
3412 6283
3413 18305
3414 12940
3415 23006
3416 24240
3417 25375
3418 10849
3419 12791
3420 4860
3421 3885
3422 7106
3423 17763
3424 16496
3425 11379
3426 26525
3427 3192
3428 7498
3429 2428
3430 16499
3431 1801
3432 12203
3433 19631
3434 26350
3435 10232
3436 26864
3437 16948
3438 7878
3439 16462
3440 19111
3441 7521
3442 1273
3443 6401
3444 11915
3445 4737
3446 17908
3447 3078
3448 25259
3449 9494
3450 5384
3451 4777
3452 18866
3453 21583
3454 24344
3455 25347
3456 26395
3457 4539
3458 7615
3459 19548
3460 2518
3461 12324
3462 21306
3463 26724
3464 5218
3465 1029
3466 25122
3467 25419
3468 6846
3469 17376
3470 22627
3471 16059
3472 2508
3473 7849
3474 18507
3475 15026
3476 25430
3477 23935
3478 15842
3479 13785
3480 15357
3481 22766
3482 22705
3483 26077
3484 22956
3485 5860
3486 7010
3487 18348
3488 23663
3489 6205
3490 10496
3491 10264
3492 19711
3493 8832
3494 2145
3495 9479
3496 24792
3497 23262
3498 4547
3499 7841
3500 8472
3501 18925
3502 2859
3503 18026
3504 23764
3505 4939
3506 7036
3507 20018
3508 15589
3509 9579
3510 7136
3511 1516
3512 14290
3513 5153
3514 6707
3515 19017
3516 3409
3517 6327
3518 10626
3519 22688
3520 7727
3521 19048
3522 25614
3523 9729
3524 6198
3525 26719
3526 2159
3527 24050
3528 2962
3529 9067
3530 23568
3531 22334
3532 10409
3533 4336
3534 5697
3535 12536
3536 6429
3537 7826
3538 21485
3539 6248
3540 21072
3541 7466
3542 10843
3543 7860
3544 19488
3545 8477
3546 4963
3547 13876
3548 2921
3549 27159
3550 17480
3551 13250
3552 26320
3553 20061
3554 22200
3555 10238
3556 11858
3557 2458
3558 9077
3559 7166
3560 11023
3561 11462
3562 21404
3563 4135
3564 19370
3565 12084
3566 4645
3567 21156
3568 15281
3569 4050
3570 5784
3571 12441
3572 10687
3573 26224
3574 27314
3575 5219
3576 18095
3577 24325
3578 6666
3579 461
3580 4228
3581 24136
3582 19775
3583 13677
3584 7959
3585 22538
3586 12176
3587 8243
3588 17089
3589 25146
3590 7581
3591 25389
3592 19339
3593 10499
3594 10764
3595 9119
3596 26108
3597 6940
3598 1220
3599 22383
3600 14799
3601 15438
3602 12796
3603 22615
3604 21094
3605 15216
3606 19496
3607 8948
3608 425
3609 14398
3610 25085
3611 25457
3612 4960
3613 8568
3614 27257
3615 4818
3616 7569
3617 17407
3618 16785
3619 12455
3620 7210
3621 21032
3622 6155
3623 11874
3624 23962
3625 2905
3626 11845
3627 8731
3628 25718
3629 10699
3630 5889
3631 15825
3632 21567
3633 15412
3634 13933
3635 3455
3636 18641
3637 3285
3638 20178
3639 12589
3640 26538
3641 19728
3642 17351
3643 1915
3644 11478
3645 2992
3646 24177
3647 7500
3648 18621
3649 19285
3650 5297
3651 8521
3652 2325
3653 12916
3654 6502
3655 26729
3656 15313
3657 16019
3658 5845
3659 22248
3660 6393
3661 27261
3662 22051
3663 550
3664 10654
3665 15617
3666 16583
3667 22848
3668 20688
3669 8886
3670 17362
3671 6590
3672 16940
3673 18377
3674 138
3675 5707
3676 4741
3677 4561
3678 3250
3679 26337
3680 14853
3681 17182
3682 24019
3683 21870
3684 3273
3685 6740
3686 18791
3687 15623
3688 3223
3689 4243
3690 23907
3691 5631
3692 21194
3693 16607
3694 4488
3695 450
3696 7215
3697 8302
3698 21956
3699 23791
3700 5597
3701 3393
3702 537
3703 6150
3704 5458
3705 11809
3706 14748
3707 22919
3708 4592
3709 480
3710 20614
3711 7943
3712 10190
3713 27264
3714 22253
3715 12788
3716 26825
3717 4562
3718 17494
3719 10060
3720 3134
3721 6497
3722 7176
3723 14067
3724 13234
3725 15757
3726 1410
3727 3830
3728 10838
3729 13639
3730 16463
3731 8960
3732 18974
3733 8885
3734 5322
3735 9677
3736 20763
3737 15409
3738 27741
3739 13633
3740 26606
3741 3757
3742 16181
3743 26638
3744 15418
3745 6808
3746 10952
3747 15613
3748 11977
3749 21656
3750 10716
3751 21869
3752 10344
3753 5287
3754 8052
3755 21720
3756 3668
3757 16816
3758 5339
3759 17468
3760 18322
3761 761
3762 20455
3763 20592
3764 3450
3765 15450
3766 4893
3767 4244
3768 27674
3769 12119
3770 13380
3771 11357
3772 6061
3773 3971
3774 15810
3775 24313
3776 2690
3777 10779
3778 14919
3779 1359
3780 24182
3781 23632
3782 19389
3783 25292
3784 8287
3785 24222
3786 24880
3787 25436
3788 1705
3789 1237
3790 22430
3791 25734
3792 2481
3793 1693
3794 11664
3795 19223
3796 17065
3797 3102
3798 1201
3799 11970
3800 24769
3801 10516
3802 27006
3803 1231
3804 7331
3805 24039
3806 9450
3807 25740
3808 1520
3809 18133
3810 26291
3811 2758
3812 14707
3813 7757
3814 3840
3815 14921
3816 23834
3817 22170
3818 27088
3819 10547
3820 24997
3821 6466
3822 16241
3823 13977
3824 4503
3825 13316
3826 22399
3827 2647
3828 16016
3829 13552
3830 18316
3831 8851
3832 22397
3833 5864
3834 6718
3835 17120
3836 17940
3837 14660
3838 23697
3839 3414
3840 19387
3841 7356
3842 18409
3843 22354
3844 4792
3845 20745
3846 10732
3847 5280
3848 169
3849 8971
3850 17223
3851 1629
3852 16022
3853 25281
3854 16530
3855 23601
3856 3563
3857 7993
3858 2765
3859 24315
3860 16770
3861 22618
3862 12876
3863 10371
3864 25640
3865 7969
3866 13512
3867 4987
3868 1567
3869 22371
3870 16330
3871 3178
3872 14410
3873 14545
3874 7591
3875 19795
3876 26200
3877 26366
3878 15662
3879 23024
3880 23842
3881 853
3882 1562
3883 15840
3884 12404
3885 20565
3886 2103
3887 16830
3888 22252
3889 10414
3890 19477
3891 24149
3892 18084
3893 3572
3894 2995
3895 19540
3896 4754
3897 11351
3898 23145
3899 14585
3900 7731
3901 24425
3902 4380
3903 655
3904 23562
3905 25855
3906 9452
3907 19056
3908 3023
3909 20903
3910 24798
3911 2932
3912 25532
3913 25736
3914 4578
3915 24465
3916 2026
3917 18041
3918 991
3919 14025
3920 1623
3921 14311
3922 26358
3923 1236
3924 24
3925 7695
3926 8176
3927 12046
3928 3237
3929 16223
3930 14083
3931 26850
3932 2412
3933 20287
3934 23023
3935 13168
3936 3598
3937 3577
3938 4375
3939 23039
3940 15685
3941 25671
3942 20990
3943 4505
3944 8181
3945 13272
3946 15762
3947 22293
3948 26418
3949 26323
3950 6351
3951 6392
3952 8969
3953 10186
3954 21082
3955 24403
3956 16488
3957 17631
3958 10484
3959 21944
3960 7589
3961 8384
3962 8036
3963 11560
3964 16418
3965 10950
3966 5749
3967 6461
3968 18821
3969 13463
3970 1100
3971 8500
3972 17957
3973 5901
3974 26539
3975 17131
3976 5910
3977 2005
3978 27227
3979 10108
3980 16963
3981 2629
3982 14365
3983 2099
3984 19566
3985 19024
3986 26574
3987 27680
3988 20417
3989 20892
3990 24084
3991 11269
3992 24831
3993 10431
3994 6881
3995 27634
3996 7768
3997 18440
3998 19288
3999 11518
4000 11067
4001 15903
4002 26141
4003 2016
4004 19367
4005 21592
4006 11670
4007 27474
4008 9403
4009 6944
4010 9588
4011 1641
4012 7246
4013 20185
4014 21417
4015 26791
4016 11861
4017 7008
4018 20389
4019 10171
4020 6180
4021 8789
4022 19927
4023 22326
4024 4506
4025 27416
4026 7351
4027 1521
4028 7870
4029 9421
4030 18139
4031 22851
4032 1440
4033 573
4034 8713
4035 6598
4036 3149
4037 17591
4038 19280
4039 12412
4040 3262
4041 25561
4042 7496
4043 6527
4044 22746
4045 24529
4046 24109
4047 20383
4048 24559
4049 12922
4050 4643
4051 21833
4052 26611
4053 13083
4054 4204
4055 25827
4056 3817
4057 8533
4058 10864
4059 21815
4060 25926
4061 16779
4062 5245
4063 464
4064 21166
4065 8425
4066 9974
4067 11769
4068 4855
4069 11947
4070 3727
4071 14902
4072 13555
4073 4021
4074 18223
4075 4199
4076 11766
4077 3530
4078 12692
4079 4068
4080 1753
4081 5007
4082 1339
4083 15242
4084 3041
4085 18606
4086 2824
4087 7019
4088 4941
4089 4000
4090 1630
4091 6395
4092 5373
4093 21921
4094 10144
4095 10069
4096 8658
4097 4234
4098 6748
4099 8048
4100 12490
4101 11266
4102 18001
4103 16703
4104 19818
4105 9537
4106 4921
4107 8725
4108 16713
4109 6490
4110 1512
4111 18552
4112 17951
4113 1522
4114 15384
4115 26314
4116 19395
4117 11437
4118 24434
4119 4771
4120 16266
4121 25560
4122 18471
4123 20628
4124 17751
4125 8169
4126 19683
4127 21621
4128 16623
4129 18629
4130 17819
4131 24114
4132 19295
4133 6506
4134 14316
4135 9410
4136 11816
4137 6823
4138 4285
4139 1490
4140 27099
4141 11747
4142 26451
4143 7104
4144 8706
4145 13763
4146 2154
4147 8437
4148 24710
4149 13830
4150 19557
4151 9747
4152 16598
4153 12807
4154 18537
4155 3529
4156 25100
4157 3252
4158 19522
4159 2034
4160 24555
4161 11801
4162 9297
4163 26819
4164 14219
4165 19906
4166 37
4167 11642
4168 6739
4169 6281
4170 2010
4171 220
4172 12475
4173 8882
4174 15909
4175 8798
4176 13256
4177 14950
4178 21636
4179 3735
4180 3574
4181 11777
4182 25970
4183 25470
4184 1905
4185 13819
4186 11582
4187 21792
4188 10511
4189 17453
4190 27503
4191 13671
4192 13477
4193 4614
4194 246
4195 20597
4196 5808
4197 23138
4198 18909
4199 3876
4200 25952
4201 16007
4202 11311
4203 4845
4204 12442
4205 16382
4206 7342
4207 27125
4208 5541
4209 26405
4210 25807
4211 19640
4212 3575
4213 18668
4214 7094
4215 19010
4216 12063
4217 8374
4218 19785
4219 19662
4220 25118
4221 23507
4222 15380
4223 23458
4224 768
4225 13460
4226 15949
4227 21558
4228 12090
4229 26843
4230 1347
4231 5184
4232 27539
4233 19107
4234 26779
4235 9942
4236 7358
4237 21412
4238 9033
4239 5766
4240 5385
4241 8488
4242 19153
4243 17978
4244 19468
4245 18492
4246 4174
4247 10597
4248 19342
4249 21310
4250 17432
4251 17115
4252 13533
4253 16629
4254 5306
4255 13084
4256 907
4257 2305
4258 20458
4259 2484
4260 22094
4261 18312
4262 19758
4263 2056
4264 7170
4265 17316
4266 18396
4267 17712
4268 26868
4269 21992
4270 21980
4271 3498
4272 6141
4273 23499
4274 24148
4275 22987
4276 22582
4277 8767
4278 11215
4279 26637
4280 8850
4281 14442
4282 6844
4283 7196
4284 18241
4285 24661
4286 27666
4287 14615
4288 19524
4289 27032
4290 11594
4291 10942
4292 10671
4293 1738
4294 2185
4295 9563
4296 8042
4297 34
4298 12363
4299 16679
4300 13440
4301 18004
4302 7580
4303 17049
4304 17279
4305 23306
4306 16544
4307 7461
4308 26725
4309 23173
4310 21624
4311 23164
4312 7645
4313 18304
4314 23755
4315 16258
4316 9015
4317 8626
4318 6910
4319 10291
4320 6541
4321 6959
4322 12656
4323 14509
4324 11199
4325 4746
4326 10811
4327 13630
4328 13767
4329 23010
4330 10114
4331 180
4332 10188
4333 8301
4334 4534
4335 25025
4336 13476
4337 8570
4338 11883
4339 7680
4340 12787
4341 19221
4342 14470
4343 1862
4344 367
4345 8572
4346 6295
4347 4556
4348 9484
4349 24055
4350 25230
4351 5492
4352 17252
4353 14390
4354 5329
4355 3627
4356 25860
4357 24736
4358 11318
4359 6168
4360 12434
4361 19878
4362 8799
4363 8950
4364 5984
4365 14894
4366 16536
4367 8173
4368 22176
4369 17260
4370 24912
4371 23317
4372 4691
4373 22550
4374 10753
4375 4883
4376 22409
4377 27709
4378 15556
4379 1837
4380 10730
4381 20225
4382 24682
4383 4731
4384 5191
4385 4647
4386 711
4387 7457
4388 26524
4389 6520
4390 2521
4391 4118
4392 21016
4393 13184
4394 22173
4395 19422
4396 27713
4397 21361
4398 6610
4399 20743
4400 12456
4401 22056
4402 16554
4403 25584
4404 18088
4405 20012
4406 20299
4407 11799
4408 26565
4409 1971
4410 20506
4411 4279
4412 6347
4413 26360
4414 7958
4415 6972
4416 3004
4417 25608
4418 11154
4419 13216
4420 6243
4421 20469
4422 15901
4423 11359
4424 13013
4425 6424
4426 19845
4427 10127
4428 15902
4429 15889
4430 8783
4431 16412
4432 11957
4433 18521
4434 10971
4435 18870
4436 9132
4437 20170
4438 15973
4439 23763
4440 538
4441 14962
4442 5619
4443 18074
4444 5826
4445 16769
4446 7966
4447 9765
4448 19214
4449 10429
4450 27379
4451 3776
4452 13158
4453 26837
4454 11084
4455 18787
4456 21804
4457 27380
4458 6504
4459 18647
4460 17669
4461 23121
4462 16045
4463 27729
4464 16090
4465 27322
4466 3331
4467 4379
4468 15706
4469 7022
4470 4044
4471 18724
4472 18480
4473 6074
4474 8873
4475 13118
4476 24392
4477 6513
4478 25701
4479 11371
4480 16123
4481 344
4482 4169
4483 13387
4484 14721
4485 2505
4486 25945
4487 26656
4488 19646
4489 6576
4490 18308
4491 10310
4492 20219
4493 16700
4494 965
4495 18126
4496 8419
4497 11005
4498 18573
4499 966
4500 13089
4501 4717
4502 21769
4503 8556
4504 26987
4505 18504
4506 23516
4507 6397
4508 3346
4509 17459
4510 9418
4511 10110
4512 21712
4513 25595
4514 25392
4515 7144
4516 17558
4517 27327
4518 19505
4519 26375
4520 5588
4521 642
4522 16408
4523 10523
4524 19500
4525 20977
4526 12461
4527 12242
4528 7156
4529 2517
4530 16841
4531 7756
4532 23704
4533 19527
4534 27071
4535 1055
4536 320
4537 24778
4538 10645
4539 7268
4540 19823
4541 6163
4542 18466
4543 8863
4544 27502
4545 3700
4546 3854
4547 22982
4548 5913
4549 26924
4550 19584
4551 4352
4552 608
4553 9591
4554 18586
4555 1287
4556 27412
4557 23321
4558 16173
4559 11603
4560 17783
4561 12214
4562 13773
4563 24881
4564 2131
4565 7715
4566 14047
4567 17246
4568 9787
4569 9310
4570 328
4571 4298
4572 5416
4573 7885
4574 14202
4575 5729
4576 5045
4577 13374
4578 19300
4579 22796
4580 10420
4581 20188
4582 20176
4583 22035
4584 27255
4585 11468
4586 26906
4587 2897
4588 2979
4589 12662
4590 8743
4591 22675
4592 16353
4593 3410
4594 23221
4595 7126
4596 22752
4597 9358
4598 6212
4599 14366
4600 16094
4601 23505
4602 4151
4603 19161
4604 2804
4605 23981
4606 23215
4607 23817
4608 9663
4609 25553
4610 18700
4611 25974
4612 13583
4613 17704
4614 17734
4615 9408
4616 2939
4617 9212
4618 17345
4619 25731
4620 20616
4621 12222
4622 5883
4623 701
4624 18121
4625 18289
4626 9360
4627 5085
4628 20361
4629 17013
4630 23637
4631 17350
4632 1310
4633 8215
4634 12322
4635 21198
4636 21291
4637 1712
4638 12136
4639 10945
4640 3088
4641 10555
4642 24204
4643 12202
4644 20008
4645 7719
4646 2943
4647 27400
4648 7982
4649 11079
4650 4581
4651 22478
4652 16596
4653 23029
4654 1298
4655 7824
4656 21831
4657 10978
4658 6170
4659 4239
4660 10914
4661 13616
4662 15743
4663 20554
4664 21669
4665 12045
4666 22012
4667 13887
4668 18984
4669 5378
4670 5223
4671 14319
4672 9926
4673 1892
4674 18134
4675 13399
4676 13629
4677 20122
4678 16477
4679 26552
4680 7931
4681 26193
4682 10083
4683 3532
4684 15935
4685 18649
4686 4096
4687 18948
4688 24135
4689 24843
4690 3474
4691 20689
4692 555
4693 27752
4694 60
4695 2709
4696 1563
4697 16041
4698 10482
4699 26508
4700 22755
4701 22974
4702 5722
4703 23895
4704 19073
4705 12381
4706 890
4707 21453
4708 26260
4709 27128
4710 16733
4711 15703
4712 25511
4713 5761
4714 8193
4715 760
4716 6200
4717 16650
4718 11836
4719 1878
4720 16661
4721 15544
4722 7392
4723 14555
4724 3927
4725 20360
4726 8749
4727 18185
4728 22448
4729 17210
4730 4270
4731 11450
4732 2553
4733 17074
4734 3967
4735 25180
4736 13417
4737 18881
4738 1429
4739 19971
4740 25226
4741 10858
4742 529
4743 12430
4744 10632
4745 13674
4746 14492
4747 14277
4748 13984
4749 22149
4750 14465
4751 6145
4752 6426
4753 16139
4754 20490
4755 12985
4756 8716
4757 5407
4758 12731
4759 22061
4760 12227
4761 13146
4762 14144
4763 7547
4764 22874
4765 18425
4766 13816
4767 7932
4768 8130
4769 10553
4770 27696
4771 10694
4772 522
4773 14237
4774 16625
4775 6946
4776 8697
4777 1293
4778 14236
4779 3547
4780 13076
4781 716
4782 19151
4783 26939
4784 27058
4785 9905
4786 12251
4787 19879
4788 13331
4789 3020
4790 19490
4791 16307
4792 11303
4793 1653
4794 6485
4795 9775
4796 21364
4797 14838
4798 13029
4799 620
4800 9920
4801 5238
4802 12116
4803 15864
4804 18675
4805 21614
4806 19185
4807 5537
4808 20344
4809 25617
4810 15705
4811 2243
4812 6949
4813 13525
4814 3781
4815 22064
4816 2985
4817 25312
4818 23524
4819 5260
4820 8569
4821 659
4822 20718
4823 2944
4824 10510
4825 26123
4826 13958
4827 16906
4828 12333
4829 13175
4830 26777
4831 24521
4832 22180
4833 26336
4834 330
4835 22722
4836 1224
4837 4059
4838 838
4839 3813
4840 13196
4841 5863
4842 9126
4843 23194
4844 13762
4845 6237
4846 5035
4847 17944
4848 23560
4849 3212
4850 824
4851 4701
4852 21722
4853 26780
4854 7388
4855 16528
4856 15166
4857 8845
4858 6329
4859 20266
4860 23676
4861 2600
4862 14994
4863 11752
4864 24388
4865 1238
4866 6704
4867 26913
4868 3899
4869 21241
4870 9226
4871 12261
4872 19485
4873 20033
4874 14253
4875 6115
4876 11038
4877 19555
4878 22058
4879 26265
4880 13550
4881 16539
4882 2413
4883 7758
4884 11896
4885 18976
4886 7133
4887 24911
4888 5542
4889 22470
4890 8784
4891 23255
4892 17829
4893 15365
4894 26243
4895 27515
4896 4533
4897 8146
4898 3182
4899 5623
4900 12874
4901 19852
4902 645
4903 20435
4904 24309
4905 6336
4906 6661
4907 27210
4908 23022
4909 25660
4910 15758
4911 12706
4912 4682
4913 19054
4914 2892
4915 22164
4916 21149
4917 20164
4918 5311
4919 22850
4920 3105
4921 3686
4922 22860
4923 8794
4924 20158
4925 26204
4926 20058
4927 8775
4928 12349
4929 21730
4930 24098
4931 20803
4932 19977
4933 5086
4934 22632
4935 8893
4936 1633
4937 13474
4938 23922
4939 629
4940 1127
4941 19998
4942 20039
4943 27275
4944 17078
4945 18990
4946 18113
4947 19654
4948 26055
4949 10622
4950 3118
4951 4371
4952 8001
4953 5914
4954 16862
4955 19412
4956 10628
4957 22990
4958 9468
4959 24645
4960 12253
4961 3416
4962 21269
4963 4576
4964 12741
4965 19254
4966 15578
4967 11214
4968 4840
4969 10992
4970 2114
4971 15302
4972 9291
4973 6447
4974 14635
4975 2173
4976 11950
4977 14519
4978 3824
4979 2220
4980 5839
4981 1604
4982 26093
4983 4427
4984 17992
4985 9208
4986 18405
4987 16337
4988 10034
4989 17544
4990 6794
4991 13925
4992 4997
4993 13519
4994 15718
4995 23075
4996 22209
4997 6011
4998 3931
4999 21052
5000 14981
5001 12397
5002 5392
5003 22892
5004 17320
5005 23314
5006 4977
5007 15366
5008 22663
5009 17495
5010 1857
5011 4660
5012 19205
5013 24253
5014 7422
5015 19730
5016 2649
5017 11236
5018 22232
5019 14877
5020 7603
5021 9531
5022 6558
5023 417
5024 17381
5025 20201
5026 3415
5027 15707
5028 24519
5029 15665
5030 23352
5031 23444
5032 7769
5033 13354
5034 17088
5035 19432
5036 1105
5037 5331
5038 5336
5039 25336
5040 6058
5041 11980
5042 228
5043 19076
5044 4292
5045 366
5046 15572
5047 1901
5048 25793
5049 765
5050 20104
5051 3104
5052 2038
5053 3812
5054 14651
5055 16645
5056 2922
5057 9786
5058 20213
5059 12599
5060 2105
5061 11971
5062 3913
5063 27063
5064 5906
5065 25327
5066 9180
5067 14816
5068 18490
5069 21691
5070 18548
5071 16639
5072 10307
5073 26658
5074 995
5075 19946
5076 1484
5077 8689
5078 1473
5079 17368
5080 24597
5081 8320
5082 19272
5083 22935
5084 25944
5085 6120
5086 933
5087 10788
5088 2491
5089 9042
5090 3754
5091 2869
5092 13835
5093 6067
5094 7895
5095 23928
5096 13567
5097 14031
5098 20945
5099 15356
5100 5250
5101 9935
5102 3872
5103 14320
5104 20204
5105 27551
5106 1896
5107 25487
5108 21789
5109 2935
5110 911
5111 20396
5112 11013
5113 27114
5114 27604
5115 411
5116 20976
5117 27488
5118 22762
5119 24035
5120 26579
5121 5899
5122 4920
5123 826
5124 20425
5125 8171
5126 14127
5127 11946
5128 3044
5129 24846
5130 24282
5131 16828
5132 7211
5133 8709
5134 10602
5135 13418
5136 25723
5137 1511
5138 6836
5139 9985
5140 16197
5141 18678
5142 12320
5143 27234
5144 8976
5145 13043
5146 10956
5147 20634
5148 20020
5149 2280
5150 13329
5151 4216
5152 12033
5153 17653
5154 6782
5155 3493
5156 7451
5157 18511
5158 6418
5159 5236
5160 17638
5161 1539
5162 16517
5163 4767
5164 25385
5165 22347
5166 2157
5167 18214
5168 14368
5169 11716
5170 12112
5171 26164
5172 14105
5173 14583
5174 19804
5175 4574
5176 12505
5177 3582
5178 8480
5179 27352
5180 27073
5181 165
5182 9821
5183 22574
5184 6414
5185 18275
5186 19507
5187 22501
5188 162
5189 14439
5190 441
5191 20983
5192 8249
5193 1275
5194 8394
5195 2608
5196 10030
5197 25956
5198 24759
5199 11220
5200 27597
5201 6085
5202 4266
5203 13497
5204 4176
5205 1503
5206 13865
5207 19251
5208 21658
5209 2415
5210 24882
5211 21512
5212 23137
5213 2531
5214 11090
5215 6998
5216 22867
5217 26149
5218 18207
5219 2225
5220 4240
5221 24460
5222 25394
5223 26286
5224 26219
5225 19130
5226 23496
5227 9354
5228 10517
5229 1932
5230 21079
5231 27217
5232 17247
5233 18346
5234 18472
5235 15400
5236 4932
5237 12022
5238 6540
5239 16913
5240 22608
5241 22279
5242 7332
5243 14948
5244 20913
5245 14936
5246 27344
5247 7293
5248 27426
5249 5793
5250 15292
5251 26808
5252 1355
5253 21000
5254 21733
5255 26862
5256 20253
5257 963
5258 17283
5259 15615
5260 15069
5261 11842
5262 4445
5263 7479
5264 2699
5265 9248
5266 11002
5267 15843
5268 23152
5269 17107
5270 3226
5271 846
5272 19675
5273 1194
5274 12204
5275 4008
5276 2523
5277 14317
5278 15570
5279 7097
5280 15942
5281 12762
5282 7912
5283 1498
5284 12699
5285 3580
5286 12780
5287 17981
5288 26680
5289 25664
5290 11312
5291 13431
5292 14199
5293 8708
5294 1688
5295 10302
5296 448
5297 27067
5298 18281
5299 23003
5300 12720
5301 18061
5302 15690
5303 15388
5304 6077
5305 16909
5306 21612
5307 20951
5308 26032
5309 6511
5310 14854
5311 25755
5312 17693
5313 13673
5314 9393
5315 17746
5316 7343
5317 13824
5318 23819
5319 8245
5320 27535
5321 24981
5322 17029
5323 2463
5324 17452
5325 7582
5326 14478
5327 11477
5328 10605
5329 18
5330 7122
5331 9669
5332 24048
5333 27511
5334 7243
5335 13023
5336 7714
5337 1282
5338 13574
5339 17185
5340 12044
5341 25563
5342 18391
5343 15857
5344 8309
5345 7646
5346 17399
5347 23596
5348 24606
5349 9613
5350 2711
5351 23257
5352 1038
5353 4411
5354 14283
5355 25964
5356 24735
5357 7599
5358 178
5359 4436
5360 21182
5361 23555
5362 10464
5363 21559
5364 3351
5365 8398
5366 5500
5367 22403
5368 2672
5369 20028
5370 26416
5371 27468
5372 19820
5373 7930
5374 9847
5375 4163
5376 14483
5377 24436
5378 18729
5379 10157
5380 15563
5381 17508
5382 17709
5383 25121
5384 4398
5385 6649
5386 3930
5387 21134
5388 21451
5389 10131
5390 6786
12408 26893
24456 10515
17093 21499
21839 13442
5956 19320
19598 25498
10807 5647
20437 26319
14824 11420
17743 26278
11711 23336
7807 3500
25918 13769
7963 24155
23217 18101
5481 11638
20300 46
24053 14626
7140 7628
19906 6985
6819 18115
24899 23163
22613 6312
24963 22494
7348 18292
25891 13404
8862 13913
18656 11581
12016 19647
18620 12128
8520 13596
11082 12257
17405 14351
27387 20854
12838 14495
13310 8494
12979 1166
16781 22315
10744 13733
10086 27101
6541 5983
15761 18800
8671 8988
24503 3448
6965 9125
27728 20478
26482 8198
25808 26984
21604 2385
13431 6611
21553 1920
7314 7987
9606 22938
6362 9625
16865 12130
10554 18502
25354 13700
9007 24332
13408 5102
16485 10047
7365 16324
14952 4306
12015 26750
6148 23373
8298 22124
9444 25579
11023 15407
22247 10206
22895 18718
17452 20940
13752 19917
16662 146
7230 19237
7844 5921
9432 6689
18227 15277
7429 21157
9286 14482
17315 21638
8885 25420
16706 16774
24490 6341
6547 917
8399 27501
11844 25125
19028 27404
14526 10536
23206 6122
7567 26840
9608 19791
27284 22317
7079 11231
13113 25209
17712 14739
22879 8805
11321 27356
19946 77
27638 17291
10376 13963
21762 2914
20165 5112
14549 23862
8205 15622
18439 5489
18087 4936
18281 4277
13972 14213
5689 19801
6534 22828
14901 23327
13852 20685
20407 3278
6371 23611
5482 20923
8175 5356
20086 19248
13332 13586
7715 6547
22968 16753
19787 12616
27100 6417
11676 16726
16992 10995
24057 26197
17507 9530
13380 8149
24112 25879
12050 26645
25760 16633
15457 2877
20469 14632
16210 17523
11420 16172
7833 12957
15629 26785
12787 17979
6120 12864
19256 10149
15580 11343
22733 21285
23475 7749
19424 23803
21951 26173
7881 26257
9400 17455
14471 773
22856 13365
5897 2368
6701 6897
22051 15337
14031 13157
6125 8089
14667 23416
26530 1722
21000 4394
7573 8906
16005 4149
10470 818
22370 18646
16629 17241
16429 14544
11407 5381
6953 20377
17678 8481
12397 325
14257 5141
14124 7514
12976 10370
17016 22190
15581 23930
10186 10466
18597 15169
7863 73
21965 10138
27380 1595
9588 7191
12322 17135
10474 3052
15910 9566
18098 5961
12446 5504
22144 25852
14170 25711
9114 1969
22812 11283
14867 14449
12672 2969
19016 20828
21080 18076
5433 16524
18201 9031
23882 9084
21352 10305
7839 2178
7126 7470
15381 12713
14572 14867
25304 6355
25854 12714
5628 18714
20364 3515
11256 13122
15864 2698
7237 23911
13213 25869
12487 4589
14523 5744
6440 4867
20191 6332
23534 13903
16158 25010
19543 13149
27686 27616
14121 10042
6386 8182
9990 10407
6689 17703
8726 11556
9752 771
12753 15832
8467 17075
23240 16482
22885 4550
18271 5517
8322 13874
16125 3003
19270 9204
6654 24165
17692 7519
17907 12093
6323 11524
16306 8219
5774 15207
16613 25219
18688 6068
27259 26944
21284 24140
14826 19006
20662 6772
16133 4258
24080 16546
27189 19441
12021 15329
7983 10495
6577 1728
6279 15244
22441 9397
13473 8934
5799 12080
23868 7810
15183 24015
13838 420
20570 25405
6521 9302
25829 22579
20878 3132
16702 13163
7864 13219
21220 12394
7189 1161
22526 7542
21672 3808
12130 18993
20926 16789
21995 17353
6228 3994
16474 1409
6431 15844
26057 25847
19330 10546
26520 1574
26524 6828
21679 15490
26880 24608
26505 18750
6858 12928
13893 8760
8540 18998
22042 7232
26574 22612
15264 8538
17803 3665
13923 19739
25428 14149
17028 26117
6320 25024
26989 21509
18826 6375
23676 8082
9579 21167
21341 21143
23799 25279
20834 26917
9956 21339
7471 21113
16131 20186
17071 5068
7581 1779
15870 3597
16090 15683
12488 24218
11024 27354
6635 22619
12803 721
27523 6342
17094 4521
27375 21341
12388 20496
21728 7813
6498 27070
17007 25417
23752 3354
17764 1509
19043 22077
22288 11740
23900 22753
10503 16082
13351 1165
11252 10866
23454 22110
26900 20196
6463 9945
10429 17030
11887 22135
14875 19420
23954 25993
18353 292
9817 19926
5971 11554
24012 17010
18411 1900
5721 12576
15390 9988
15703 14278
7981 13091
20383 21786
23542 6963
7903 15541
21458 12986
23157 27627
23876 4213
14019 17752
26882 23942
24015 1158
23603 22776
14659 5498
20281 14753
20158 11981
19767 18699
17418 14578
13446 13419
17822 4933
9490 12681
21712 5955
17595 15742
22909 11071
26570 20530
9159 26931
14039 1758
23693 26248
18749 21374
14262 14520
5509 22601
10961 12058
21234 20993
5992 22674
17137 17507
8936 5768
15000 8310
22722 5902
27416 14020
25329 2838
5542 8754
24023 8628
21522 9668
15007 4252
11344 1894
15350 971
24126 12515
22558 23095
8690 4025
9982 762
6435 23100
5492 1353
11103 13369
6023 198
23483 27593
7559 11736
8752 9065
18377 24683
6980 5088
5715 6515
21417 9643
5798 24112
21447 13099
12010 22547
7866 8867
7951 4998
27120 26185
20617 13201
7558 20820
18409 1150
24748 6997
18080 23259
27096 24681
19038 19494
20419 22751
21358 15411
24047 3706
9871 26441
27549 19126
20141 24640
26244 5036
18004 1124
17366 7143
12133 12784
22592 23910
22795 4806
6335 14947
26863 25349
12982 3257
6075 10221
8765 6021
25440 17338
20359 7178
7255 19746
7869 3703
19519 24504
5696 19036
26314 5689
9547 7839
21989 6384
20037 24527
9720 16688
21486 2177
7546 7102
26661 10019
15073 21765
13470 23905
10188 18797
7654 6091
23445 16545
13144 23154
13554 22783
16967 11365
26990 19424
18272 562
14563 18871
6226 26528
12661 27432
6259 25931
8518 17217
15467 25690
7076 20378
14435 5642
10365 20364
25510 10357
21490 8729
20459 8545
10522 3355
22533 20865
24438 9012
13321 23124
9149 17658
12029 19615
16546 6161
19760 17936
18842 2625
19279 19552
22094 14802
6346 13038
15343 21546
12313 7539
27483 897
12665 7879
19042 15564
27644 13206
9943 14497
18436 21840
22214 4985
15655 512
16160 21020
21717 25095
10426 2080
12318 20525
23095 20315
15549 22911
6686 14711
19722 14620
26867 17304
16147 9134
23952 20357
7025 26523
23818 22920
7875 18075
24226 18038
17787 22422
15862 16794
6140 8344
18773 10746
8203 12331
12374 20267
20427 5841
18306 15841
19355 23997
6472 5571
25887 11050
11248 25345
23941 9300
6062 3635
17511 15316
7357 1243
20508 7655
15658 24753
25907 9085
16032 15802
17609 10113
11469 26083
11589 19103
24003 10870
27017 24115
14998 13252
21870 21260
21124 4410
21334 16601
10516 15532
9536 9214
18572 17892
11418 15686
16647 24627
13835 24401
20764 18153
23385 15725
19748 8945
10149 27095
9760 20536
24483 24623
21790 9158
9865 24972
18124 15698
7871 1017
21037 25341
22425 12860
18512 14645
24574 7153
19154 22883
14480 15340
5419 8073
12275 15330
20250 2545
15216 21901
18801 785
20215 22886
11781 4296
10690 10641
21297 14639
16496 9432
6681 14099
20280 5334
7560 10727
17411 6105
24141 24323
23357 18144
19450 17262
17766 11106
5908 15250
15257 19174
8836 13151
16544 10399
6426 12366
9546 6523
18455 9051
9646 5251
13602 25854
22063 2713
5889 7664
16973 8795
5443 2888
8615 13890
26525 2326
18172 15492
7084 860
9366 22425
8908 19782
26345 22676
17377 6069
20312 5833
6766 449
16870 2438
18242 3039
24881 9171
9423 5158
17097 8107
5933 25739
21939 22592
11304 11197
8364 2375
24217 6779
6656 12740
22829 26735
5879 17853
18658 13323
19809 11817
22476 5395
19777 7484
18318 14051
14081 18110
16077 13911
17068 25484
7894 19958
27324 11661
8487 10787
23313 22050
7934 7815
10523 18006
10435 12486
16584 12127
12536 3112
20769 27538
23092 2887
26740 6201
26456 22857
24065 9207
19336 22466
14076 3295
21795 16500
21455 748
12091 13568
26215 18286
22092 13133
17863 7835
16461 19635
20055 571
12095 13576
11290 27405
18320 11225
19880 25713
17005 13191
12462 5821
8648 4362
20835 13379
10579 25627
19201 24864
13053 22945
9941 1918
26354 16811
21987 10346
27417 7493
23151 968
22375 6320
20962 660
10207 11321
7884 24358
7221 161
7036 10691
12553 191
14582 21641
10789 16697
15126 2167
16895 424
9304 387
6722 19931
26536 23110
7978 25919
12473 18141
16791 7926
9900 21373
14360 16855
7352 21618
10928 24992
17756 10925
16589 24022
17141 9639
12286 6123
7441 7893
19795 6084
13300 27560
15669 26600
20333 10212
8529 2970
6311 25269
9820 4076
22260 2840
27594 6769
24014 9886
7552 3316
20831 23874
12934 25148
20908 26804
18606 25515
8515 31
17792 8224
22711 9835
16050 10087
23407 1794
9427 23698
14339 15819
18953 23478
22832 11595
5566 22679
12717 12508
11124 24178
9580 847
19574 2652
17698 10058
5496 19226
27273 9629
8182 263
12796 1283
26404 12338
27749 18424
6821 14135
11416 7623
24022 20775
18747 16784
21680 24507
6760 800
10721 25573
11540 19204
21113 12666
9462 14655
21775 1432
22739 4090
16477 6809
6812 19784
7607 1694
13976 24723
7354 12156
16671 22781
20227 6802
11375 18849
6184 16368
12876 20765
16688 10117
19445 4269
17193 24007
14159 8970
15335 17289
9892 7402
18979 23211
25160 12525
26070 3378
20218 14193
13236 9665
22447 15350
8767 15590
10173 22426
22616 3177
12798 9339
11402 14454
6480 12572
17464 18848
15123 2416
6809 1819
20470 24299
13516 4961
16290 3440
16655 2211
7905 14408
6934 18666
26778 20920
14896 2659
25608 3926
20078 13012
26658 15103
23047 13432
14128 14724
16223 2702
8007 5446
19610 19198
14585 23784
6698 18401
15931 13896
24422 11427
13100 3063
12119 27218
13790 20680
6520 8411
13101 27156
8393 16316
15011 13964
25594 21095
24455 24480
25797 10815
23403 2835
6337 4464
23384 14318
21178 25895
16259 251
27132 11109
21351 3588
26258 8211
27509 18040
9593 16833
27363 11328
12115 1559
19996 24708
22851 26891
18229 6837
26971 21579
7144 9925
12591 15196
5902 13833
6145 18930
9849 23349
10776 25315
15084 16664
16521 4699
10398 12015
5408 24274
8571 4317
8145 6736
7004 11100
19403 17098
21761 1841
12306 10120
11618 13843
20865 13200
11623 16652
13042 8640
20756 25005
16854 9080
8478 20954
18056 379
5403 19797
22989 25891
24357 9635
15029 196
16062 20442
5445 4177
17879 25451
17767 698
19356 16132
9667 17125
27635 18027
22133 1179
13948 13712
15211 7919
22131 16497
20278 2187
9693 7366
27014 22635
18327 6431
27385 26109
27015 5145
22401 13704
12828 12387
23189 10045
21298 17586
9420 15497
21842 8615
16510 8439
18608 21557
8341 7277
21848 26938
16824 20686
17101 22694
17789 14249
7188 23111
8174 24443
23806 13534
26666 17510
24041 68
8206 25057
15439 542
11609 13004
8177 24063
6954 23733
15675 11298
12815 23677
18945 6722
8321 11384
8391 20648
24156 1523
15929 8826
22670 9145
20260 18339
14766 27361
7401 9209
12458 26372
7547 11483
24159 3021
13751 25474
16947 14935
20645 26544
12500 17342
13999 11521
19579 12062
10854 27500
19224 16930
25727 1345
27087 2156
7323 4627
17824 20695
11449 8714
26018 22631
9445 7443
8617 14530
16247 2999
10635 11848
20272 15128
10899 1757
13195 25203
8805 7032
17413 23968
9648 26664
6865 7408
15838 25530
19221 6030
20684 8059
11155 1176
27365 22607
14665 3987
21190 12644
16410 6812
16226 14064
9540 7868
5694 23241
27418 25863
25390 10916
16719 10331
15665 10377
15684 6387
27001 8271
19965 10081
14258 8311
15876 14169
17460 4367
10777 4641
12145 23947
11117 4524
20233 19959
22648 14473
14135 26171
6528 13919
12404 2151
10320 1405
8651 343
14661 23992
13780 1769
10153 27678
9902 4613
8386 17927
21175 9740
5851 23440
22540 18070
18815 969
12451 22062
21366 21444
7891 23299
16343 19691
19041 6157
12008 10835
16944 17861
16154 6242
24308 5908
6389 994
11197 22045
19865 25244
26807 17642
13157 3814
6733 15116
5843 19450
13690 26581
15525 7406
8148 22023
12057 8804
9152 11492
6944 19417
7564 2388
22241 16075
14954 22283
19802 10066
11312 13752
14016 23952
12498 12449
25597 10284
26298 26502
16609 11325
27304 26793
19311 24897
9320 19824
9727 5034
14845 22228
6813 21541
23039 26082
19693 8486
11626 12206
24677 14298
16156 7307
16089 5094
5430 22774
20439 17174
5712 4164
23721 12799
14194 18768
8243 4554
27062 6539
19886 5278
20339 27265
11067 17160
23509 6951
6442 16074
22489 1219
8790 6025
7259 13475
15245 24914
12491 25061
12199 15633
16208 25699
6807 18056
7360 17612
8546 3265
13051 14918
23860 11722
26727 21799
14822 22332
13855 21303
16869 23522
20474 24181
7935 11366
11037 20011
16084 23872
21477 5330
16289 24271
11246 10111
19365 8449
24062 18430
18861 7458
17739 5119
17447 9007
22308 10941
12429 2055
14994 10714
6815 25665
8344 23281
21888 14367
6824 6596
21349 14610
23780 26341
26079 14641
6372 3992
22765 8914
13559 26279
8661 6219
20913 5477
20802 11838
23802 18624
11254 21598
6850 4844
9380 22375
19949 8593
13964 25463
21899 9773
25476 19637
18790 4819
21408 8046
18491 24069
7153 16319
15617 9471
18471 12931
12228 6927
7941 10616
23964 548
10333 9
27695 15385
7042 7355
23009 26739
9887 6581
21203 13829
19243 9002
22184 16777
12111 15268
20224 10803
6719 22922
26782 6824
14749 6383
13875 20497
23426 2580
5891 24557
5810 4722
10158 16831
6643 9836
6204 26980
7027 24303
10327 21577
23193 13320
7580 10705
26964 19633
14498 27108
27167 12804
16540 12277
21263 3184
6430 13050
6793 626
5867 19709
6067 7963
14869 2866
19112 9982
7211 2565
11062 3545
11181 12559
20093 4103
11840 8691
22986 24543
11783 5754
7716 17430
13851 13215
21389 3835
5607 4552
8872 12973
22230 3533
21582 14332
15884 12495
10179 12371
6535 12890
19520 22683
10960 17774
22565 20000
11007 13840
23149 27600
11340 6542
6158 10098
27271 10306
16982 16827
16853 15791
15548 4133
13872 17778
6611 25537
22161 16242
17246 6468
21980 4579
6397 22872
23631 23128
13573 10989
5467 26124
18852 2513
22354 20151
8670 17980
11182 21351
17367 12897
7373 21801
27163 11088
6943 18493
9369 22890
17622 20304
15755 17440
8457 10683
6262 19435
9188 7986
18007 4350
10170 17237
14666 11637
22591 11925
27004 3864
13063 23552
15083 17581
26644 848
6411 12675
21082 4706
18872 20725
18697 15951
15558 19275
22779 24428
5885 9878
13909 20295
27263 1135
15351 5999
23260 6760
24599 1650
24563 3143
8537 21676
13103 3999
16713 8938
6468 13127
17933 11078
5629 8956
12340 783
20189 1121
25224 5871
26962 11760
5551 7990
10286 23873
12719 18224
8085 21878
8337 9975
10372 5177
22337 25326
14594 15966
22945 7700
18263 15846
27627 13845
25382 1777
17243 11909
18797 24855
20035 27326
14533 11374
15109 25861
12158 19930
20324 10468
13727 14102
13226 3679
21837 19145
24926 2015
17306 15271
15172 24196
17655 6480
16888 17834
26496 4214
9425 20412
19911 8898
20080 24470
19855 20924
5735 20191
27063 24939
16345 6438
15419 11076
6554 14510
16356 1308
24097 14141
14945 3314
25798 4736
23589 14989
6986 22226
19131 25581
18526 21419
16163 13904
10846 7455
22473 15862
14771 17538
5809 11775
20810 20124
12820 3851
8985 4041
5562 9763
27013 4882
8288 8256
22751 3264
27333 5565
27276 10558
6454 9526
8213 16093
24646 1079
26768 19331
11277 25565
12051 5644
16968 2188
6716 2125
6432 13817
27307 20303
13960 4566
15064 12878
20475 20262
23489 19843
7849 6627
23390 9812
18040 14944
26568 9227
19378 12190
10621 15656
14400 11418
6488 6588
5411 16604
24275 17794
14731 2240
10379 1821
20108 1448
19516 27685
20017 15752
16413 2191
8755 15968
25276 17012
23429 21648
7106 24720
13561 16935
13570 11080
5570 22280
11401 20060
22792 9391
19765 18354
22575 4231
7666 13368
18505 13739
6151 24879
15796 20251
15046 15304
15789 19617
25175 26999
6764 18085
23230 7237
14196 11654
18358 10433
12958 9986
10321 9802
26764 15222
15358 8720
5871 192
16920 7189
17483 9794
7326 26711
7873 560
18612 4325
7737 1568
6317 18130
20952 16839
15477 26904
12545 8022
8589 19177
8658 12717
21705 1517
26272 17542
14879 1963
17192 11376
21999 22207
17972 2013
14489 24306
27256 23087
11769 25497
10687 22526
19273 26168
13243 16877
10999 24950
5508 10904
20841 3705
21520 24056
21286 13798
6543 2247
12042 25367
19655 4906
26977 10338
15610 16815
13692 26643
20805 19974
7632 8170
11435 25009
26881 8613
20054 27484
9213 9049
11107 10000
20647 27518
8893 20848
5616 14793
9166 13538
13273 23797
23910 18643
9796 8776
12452 2112
19239 10481
15898 18148
6868 4374
16036 15972
19362 27653
6383 16467
6516 10979
7939 6137
18352 23707
20275 27494
10162 24883
27450 17392
26422 26303
8409 15109
19477 4222
6568 17611
17722 1272
16590 18181
8833 17707
9846 14325
9798 12125
10953 26380
23872 2205
22579 2258
11712 23132
24724 17780
23098 11734
7862 18007
12790 14618
15198 899
7617 2160
14755 2978
21884 4224
15294 26195
18057 11336
7434 18330
16547 19029
23267 26343
21463 8566
6325 25542
18132 11058
7962 16672
14902 7311
26621 14845
22393 24553
18246 27718
5536 1961
13883 13620
22234 4307
17891 14592
19542 385
19190 10469
10784 10817
26309 4616
5448 23509
6769 17996
25618 6227
17119 13621
17905 21008
7426 14084
15086 2312
18726 18250
21610 15953
22923 18411
7870 6331
22990 14382
21122 11277
26606 9529
22504 25884
8810 22460
17853 195
5412 25288
9294 21695
15168 1080
8093 23825
13192 3368
23424 21408
20541 14160
15545 20199
17890 26665
10383 15619
6477 6628
14573 16054
17408 270
24893 5830
21811 21360
17334 25973
16342 27186
8803 18525
5654 21424
25563 6118
16188 7234
27182 8496
10024 5474
12311 17993
7723 21936
12745 10005
26935 11463
17045 22570
16238 27294
19192 2402
14294 8161
16657 20206
12302 24541
14516 23575
17479 26435
18493 14779
14676 19941
21259 2310
17830 377
16372 21034
23552 11485
21654 24379
17527 26126
22271 23592
19737 7510
7231 19380
21381 26447
5903 36
5805 10868
6437 3342
9164 396
18856 13894
13418 3662
8452 24077
16881 21679
26143 2719
5811 4363
8861 15912
23154 19202
18419 23738
12585 3305
6973 27292
14716 12831
6153 13646
14953 9269
15366 17293
13695 9632
9246 7238
10198 20528
17043 20928
6131 25198
13688 21178
19645 2499
22563 8432
22454 21929
6706 16287
7913 4597
27400 4877
17400 19451
15032 16722
8732 14268
14452 7935
9353 13069
11682 16549
9358 13019
23356 25593
10913 14124
6318 26422
18812 19330
17887 10314
22692 14232
6574 4726
26240 5265
6776 19911
15252 4147
6862 8679
17735 13102
7229 3170
20139 27761
23855 4675
21257 24385
16806 24600
16277 18386
18792 13540
11757 13897
8780 10262
7370 20457
20471 14428
9430 4810
20267 16911
17709 20291
11776 6218
13647 27434
26304 2251
14322 25536
22724 21735
26819 18267
14827 8066
12992 9170
22961 6026
19212 24965
17765 12169
5863 24341
25617 5096
8742 10890
12718 5120
14770 16798
10727 21380
9289 1332
12844 8276
8837 9353
22911 10392
17592 5798
27689 19593
16901 22578
7865 398
27732 26626
12649 6931
21300 4005
17169 26223
23044 13448
16980 14539
16151 15086
26451 25289
17492 10674
9388 24384
10021 14305
21196 25618
20705 1506
26231 741
18171 22019
12806 26004
19701 3869
16839 15030
7897 17528
26911 22786
20554 13384
20194 1525
13792 22096
19280 24356
19349 340
14876 11646
7985 22309
10759 13054
19867 9456
16831 22636
18185 12623
17582 20538
10742 9380
24477 19677
18307 14727
23624 21542
6079 3567
9731 27493
10753 24040
27027 11814
21614 14643
14615 16807
18748 3640
23270 19587
21967 13834
17150 23396
6453 7508
25105 14634
9419 5732
25043 16949
9562 20274
26429 11901
22786 3804
8532 11326
8197 13177
16152 22508
10862 15744
9697 20798
18939 11296
19631 10954
24290 23835
26365 11830
6451 21319
15524 20229
18683 26230
26759 26281
10436 25452
12308 20332
21236 16918
14760 25093
21528 10365
21059 5971
7555 7155
21910 11931
17421 13502
6084 16183
19995 27419
5792 3743
23163 1229
23570 22337
16295 15812
9552 16716
21438 3908
20760 5862
24443 3993
7698 14170
15621 4337
22010 21188
8245 3975
21599 8520
8063 405
21623 26325
21700 16886
25372 24488
20290 8085
25835 10351
25863 21491
7359 23754
23054 23506
22695 15871
5876 13285
14861 19837
15161 26736
20531 23144
26933 2170
10308 27423
9331 27232
5926 27630
25774 10272
9978 20703
7639 18980
22229 7424
27642 17447
9781 23743
21920 1561
6502 20559
15281 24852
15389 27198
16323 25395
15984 14098
10281 3198
22070 12262
8178 10567
12005 20475
19328 6034
23859 8718
21725 2138
11337 7060
10603 21367
20763 14915
6404 2035
11316 24639
22038 19192
15411 24065
6438 11506
15472 9301
26107 25594
14372 25725
12361 10903
7392 7322
8538 5187
15830 12418
12127 18009
12436 15565
12097 8025
8406 12793
5795 23226
5884 19117
16130 21973
23622 7430
12668 16141
20848 1366
6364 12829
13378 26498
10602 11404
14116 15893
18962 9246
7422 13709
12852 7556
21171 13720
14458 8423
20649 12522
24619 5150
9335 14037
23532 1195
21396 2811
25366 11772
10465 8409
23735 6974
22806 21737
12084 10472
8619 1063
17019 5960
18630 8710
7787 22273
24036 7107
27122 27116
10017 1770
21167 12835
25375 2688
6090 20819
27359 23877
24136 11480
7840 5591
26012 14131
18732 24657
19888 15787
20948 24461
17059 10056
26155 15506
8283 5469
17996 7827
13901 10661
13668 13659
6408 24408
18686 22593
14587 26063
8366 22503
7075 25298
17027 17418
23511 11694
10152 18778
15867 11668
11305 7390
6150 17425
15784 19028
12738 18886
15425 14216
23666 13985
26425 20802
24124 21919
15615 13559
7394 19209
16863 15180
8202 2285
19040 3790
13528 4768
6730 16409
6538 16566
11241 18845
10720 1493
17758 15521
15982 1306
9899 27528
16782 25029
11405 13240
18274 27491
14026 5310
24222 3038
27144 11784
14134 14063
19712 16540
20869 27611
10682 3681
13869 5923
10596 2079
10552 23582
7701 21767
5920 10635
13050 5342
20729 27195
27600 16468
16006 19313
20309 18477
14756 13334
5401 6531
5880 27513
26623 12976
21274 1678
5732 4156
10805 25810
15976 7157
9250 20541
25033 18112
14891 983
11265 18172
20612 14959
25688 24800
6083 9314
11616 1059
24972 7688
11473 9290
13305 3047
27042 22374
25910 8115
8190 18689
26102 10614
9739 12419
27169 6169
7956 3150
11218 3508
18005 8303
20335 11094
16320 16315
15944 17036
26460 4898
17321 8144
22599 23026
6688 295
14047 110
25323 23629
26217 8358
9182 22815
14381 19152
19449 4365
7708 2230
10156 18481
23981 25575
17060 15200
8528 23456
6269 2994
19249 399
12193 17962
19508 14168
7656 13979
26902 3244
15775 21121
27347 4611
7207 18379
6802 13753
8107 16202
17064 10573
14167 2496
13633 19283
15235 20888
12232 908
16406 24889
26250 21141
19374 23330
8653 20409
13308 18808
6123 6788
23833 16429
13049 20255
17525 16923
18010 7447
5490 26957
22011 25809
8481 26027
6558 14776
18503 3101
19272 3286
24165 7233
8414 8810
17216 18914
18434 24215
5453 4727
21454 27459
12049 1292
27070 12163
27149 21705
27551 14787
6487 8164
13178 25235
6720 1802
9363 15511
25065 27281
5429 16699
15426 11319
19959 11140
14351 8156
6864 19379
13136 22316
13426 14551
16608 9909
5525 4474
22867 24087
15432 9018
23892 24238
11629 23188
9137 5030
23347 16171
5462 26246
18304 16958
7350 16953
25698 2031
18086 24139
18415 20661
21741 10681
23147 11903
12062 25875
20261 4405
6194 9422
7375 23643
6147 26578
6687 9396
6679 4425
9663 205
11627 18715
7679 8499
12663 21671
13942 4800
6154 5055
14098 1981
12260 20603
6191 23122
11680 27162
9834 6013
7637 21820
12345 10756
11098 15090
22803 19138
6115 26746
10598 26757
15699 4959
20393 24979
12592 15363
16091 6443
12272 7348
6823 8469
15291 3898
14021 15627
18768 9028
17140 21305
26056 5203
23459 11965
5913 21932
20894 4670
5612 25545
21387 8058
7561 10266
17937 7089
14074 630
9738 12377
14035 15389
22480 2768
27285 12562
8413 6799
13317 14200
6983 12529
27547 22812
19985 12586
12039 1375
15863 8178
6315 21711
11412 15716
16517 27082
12725 14605
25162 4761
9509 9757
17495 23880
5459 13469
8342 315
8115 20254
20202 6691
5630 18479
23035 22941
6578 1649
20933 18353
9184 19575
12226 17124
12802 3693
12156 26912
12767 23295
16834 6271
23555 24071
9179 26838
13947 10624
22125 5033
5410 27025
17438 3417
6710 25383
7647 11166
18875 4081
16877 7349
21359 17398
21069 10044
27008 20300
16143 15606
9881 13740
10726 27592
9537 19529
13507 25410
24534 23995
13963 12813
26173 26444
27502 24496
11334 27749
22527 14069
7541 2343
23191 26255
20489 2274
6999 1392
12644 11255
9397 8855
17910 21237
13066 13280
12877 15249
27684 22594
17310 18268
14200 15094
13784 283
12112 21601
13146 2180
12117 19585
9408 24053
19960 15275
14971 260
22781 12814
15255 23322
11359 15821
14555 18176
11297 214
26859 4192
24171 25911
10180 5417
17319 14002
8983 15074
8077 18228
23898 25302
23428 26599
21228 922
23449 7490
10471 9950
18424 5796
6221 8077
25959 2857
11541 15809
6680 23759
5746 6712
7481 27307
16145 1993
9594 18509
13132 2832
24736 17766
14982 13696
6869 24095
13281 21986
11831 2272
10933 26765
16626 14804
26887 1414
19915 1818
9826 12506
24896 27171
17802 21945
22593 20941
15394 19086
5638 19492
17664 13563
23956 26111
22033 12712
23837 10501
7885 18971
20843 24523
6209 25834
25655 25990
14643 7772
16516 19774
24566 6756
20234 26202
8176 24775
14571 17630
21492 19467
13646 8443
7462 8187
6484 551
6375 11206
12612 6766
12411 12102
21275 437
17734 8206
5632 1861
7712 170
18417 6297
7713 17431
13288 665
8447 22589
8282 10967
19232 14003
11603 23914
8291 22423
23115 22953
21222 6633
8356 13878
20555 10924
11327 974
7785 20083
21493 10672
10573 2845
19343 7483
8334 22940
24078 16465
22799 18777
25438 14201
17586 15322
6350 18594
16746 22486
27720 19726
6493 3067
12225 12265
22200 19364
18073 24452
25753 2445
18591 1036
11084 19922
14156 10565
16638 10301
15959 686
7937 11274
11395 11570
24547 1823
16760 20776
24917 19903
21465 16352
11995 26016
15188 25615
10747 13880
10113 15550
15645 18259
22939 7386
22881 23849
16913 10014
9361 20117
10767 15273
18473 21798
16370 15765
23136 10533
9079 11866
10779 16581
24348 23839
13330 7065
15705 4646
20434 22073
27697 6483
9362 6247
14972 13126
18580 12533
5639 15452
26826 11832
27230 9667
7390 24343
23680 26824
16541 1002
6642 9321
15206 24502
26071 12631
25612 23602
19583 13212
11855 8471
23304 15175
20144 15489
18183 11862
10684 20710
6975 17577
12943 8925
24172 5584
26725 12071
5816 1466
10178 18588
11074 25894
9769 11260
22452 10312
14990 4388
8244 21665
12841 25400
16395 19735
26428 18864
13630 24219
27603 11763
23889 3411
12065 5318
23140 13564
18689 26423
9424 17274
22887 27606
6060 18947
21478 1247
22738 24980
19776 26815
11858 17771
7010 14196
11815 17461
25920 16882
24801 14285
21070 26941
22697 3247
20032 17615
9771 2547
22353 3246
13675 19257
9171 24805
7199 10842
6007 7092
21970 24119
17913 15628
13147 6650
13969 20987
11069 19701
16902 21354
21209 10467
7672 11292
5519 11818
11447 19872
8015 18462
15441 7369
19419 19430
25355 10893
26394 6262
9068 19095
20334 22965
18001 2032
18103 4007
14185 18011
18181 18277
9919 22104
16468 6512
27411 10336
25820 14126
8691 9233
20651 5364
12444 1845
8111 22849
26495 648
10067 26899
15469 25165
19861 27000
9285 25708
13694 18030
10545 22298
22756 12886
22123 18060
8465 20523
20956 21395
23439 5772
14921 23671
8700 7865
6952 67
10841 2997
20582 3206
6387 22599
15676 12553
23293 10703
26903 6140
8150 20048
10116 1295
13706 27152
8131 23731
24986 9885
6071 23584
18706 20205
17116 1246
19922 5525
7385 8818
13676 3014
15273 20885
15307 24409
10283 22482
5452 9576
7445 22141
23255 203
24202 21796
19650 26810
19467 25566
25895 26177
18982 1872
9193 22537
7383 19570
10790 21525
18332 17626
15856 11907
15841 2525
23196 26110
13701 7785
15157 16220
10778 16776
23437 10717
16632 13625
12842 22617
7149 12757
26254 13420
17344 832
20352 23729
12278 17158
16539 4548
21217 24302
8287 22125
21206 21338
24174 22497
14773 10136
9349 18494
27180 23014
14787 21064
20678 22262
14564 5063
17490 5393
26268 22517
6641 1893
20067 24594
12464 2759
20212 4181
10066 717
14880 6763
5877 9327
14628 24810
26120 16184
23581 25678
7432 15553
25630 10902
16720 20437
21390 8963
15885 19480
7568 22513
19862 11114
26862 23641
19614 10036
18356 27742
24347 13548
15744 7172
20220 3955
26966 11233
23173 11510
11454 24046
25125 25387
11892 11398
6006 16198
6082 9841
8980 15420
7646 14179
16677 19710
18721 24072
6378 7995
18361 22192
25509 10667
22638 21293
22589 18796
5625 5809
12017 19759
17197 5162
12936 19908
8676 10917
7880 15586
20853 21011
6063 16072
27085 11735
13376 17127
15593 21333
25089 14493
17989 25947
20745 15916
19758 26165
11570 13521
19603 14292
22046 15895
23450 2025
8942 4418
11281 5455
24538 19773
25632 1703
11544 2785
11249 21825
19884 26166
24652 11153
16192 22745
26124 13516
18568 19807
21356 26090
12721 25744
21198 18052
8270 338
8517 17526
26676 909
8513 16838
24070 3642
8161 18282
21141 9819
22090 6164
23091 24457
22766 18862
22893 26478
22582 17204
16193 24674
10716 884
12069 4924
19269 7013
14892 25459
17997 1420
14408 2796
11857 22839
18990 1606
21158 24946
27424 9299
22723 3590
16207 27402
7883 4150
21922 17348
10174 19449
21107 24886
18104 7284
11296 22438
16225 27334
12674 1891
8158 22880
25077 13573
23685 5050
11341 27364
17458 979
13844 12358
17404 2858
5631 19442
11451 17191
27636 4662
15562 10285
21015 11387
8818 19479
5692 9055
7620 1786
12967 20792
9089 22644
19678 21409
5935 11358
11966 6467
9668 23235
6124 1419
20791 18010
14718 3634
7234 17352
26356 7598
18511 21038
20405 6734
21382 14939
27574 25910
11195 19246
9055 25877
11211 16950
16102 6023
14538 21176
21554 14736
25946 24293
25855 13022
18843 9702
14137 13066
22170 27562
9783 12640
15081 190
5789 2841
19045 10828
12577 23855
16031 13203
15244 6000
8108 4031
22079 21503
27705 2996
23305 18178
22390 11267
12858 5459
26242 3620
13369 12782
25693 2350
13318 2852
10878 14805
10171 25783
11380 20492
25638 3895
10119 8458
20977 1139
22154 947
10000 15552
16966 15921
26647 9879
27350 12
22069 17787
19114 23593
16558 21742
17549 22996
5864 9527
23015 1868
6171 3965
18733 7968
25643 6957
9576 6992
18045 21191
19514 1941
27528 21492
5400 19045
26611 12243
8016 19121
14934 18467
5687 18513
6373 1628
22737 15694
9356 8099
15474 25759
6677 16355
21978 11054
22153 24329
6122 18263
16894 25796
6445 19208
19435 2406
16792 22805
22012 25936
9280 6043
13926 15887
17924 7271
17133 24899
20161 22288
14768 21103
9216 10384
14566 6919
11952 8403
9150 7259
26479 25644
15962 24206
27308 16610
24187 12818
27371 11546
18196 26909
8567 10520
6332 15818
6427 15274
14603 680
18903 2674
7415 21023
9370 2983
19127 12028
27740 10345
9991 14852
18376 23711
10582 15576
5914 7917
6504 21346
26529 6667
26083 15915
23110 16630
10985 3764
22208 19191
10781 7217
16270 8954
18888 25922
14601 24314
16423 7037
27367 3935
8604 7148
13417 13287
22898 23205
15317 22737
7565 15344
9996 13690
23521 17811
13182 22967
8482 18803
18582 13792
13757 12161
25321 9230
19119 25672
26627 22210
17763 20590
17808 14269
23727 2300
12309 16109
9564 13081
10692 11382
26553 13908
6168 15803
13747 12415
20262 19156
6647 1086
11891 21127
9651 6503
26190 22522
6708 21526
21626 3527
7879 12432
15205 22695
14315 11016
7132 13856
16126 250
18916 516
26233 3162
6298 22772
12599 15783
5821 7862
16699 1095
25369 19840
15497 20461
6064 7111
24675 4752
22440 26379
27213 9658
14897 20652
8201 7607
5978 7864
15040 455
24345 19497
23229 26175
20081 3383
12609 12673
27630 5672
23903 4115
27192 11083
14003 7405
11719 6548
13472 16973
12508 12941
15627 22616
13665 8433
13854 4361
18873 24138
17198 18747
12632 19163
18289 705
26342 10659
12425 24526
11329 26047
7659 17561
7073 25223
5924 27631
16128 14998
17807 4144
6448 21752
10746 14777
12627 82
26958 10973
18311 27017
14077 1252
23791 12314
12459 7312
11064 12598
12783 21077
7030 26567
18793 21748
11911 2926
25303 10332
22467 809
16848 1673
18396 24731
18921 15311
19692 5762
16060 9894
6839 8791
20911 26806
18460 8609
6694 1012
27330 15448
16511 12351
16692 2347
27585 23545
17000 3094
19844 22142
10508 24974
7216 20581
5554 21908
16903 19502
16432 18773
18727 25696
13904 17959
18675 23882
21346 18331
19639 13701
15401 7652
18853 9003
18626 25942
23637 426
14854 23742
16132 10953
25874 4429
13985 1614
11934 19358
14061 25274
27729 12838
9375 7661
8090 1479
5892 22046
6330 25851
19337 22169
12489 21611
19298 8139
16043 18408
16778 4821
12300 16657
22417 13778
5606 14082
10098 5345
22021 10155
8389 16473
20549 1054
13168 1060
18931 5755
6295 9059
20887 5802
8502 24245
10915 4194
18613 26295
21773 4530
25892 20984
7923 8141
25195 2958
15704 21772
17876 11540
16604 4982
20821 14598
6005 5008
6966 22156
12107 13684
19139 23667
14382 5686
18652 25679
25520 21209
13089 13815
22901 16206
10984 27206
16938 24154
25719 8937
11384 10421
20937 20089
6649 23491
7850 877
27055 22580
6697 25343
16019 12024
5870 1084
11895 17699
26737 19034
22872 8297
9827 10696
27592 8395
7670 4046
18574 25897
21908 10323
17351 13881
13982 1222
23027 17238
23601 18600
21102 22090
10518 24844
14948 5666
18516 3541
8353 25007
24842 14374
15124 22136
17500 21928
6304 9491
13758 4730
15654 15517
13956 21086
8207 24152
24586 17139
21114 8286
16784 7162
12683 10572
17611 21004
10387 10944
10609 8453
26019 9994
14385 10780
20133 19343
16506 26206
21050 12247
18496 4680
20596 19688
16790 21326
12144 26443
18936 6192
8348 13689
9816 15700
6735 17897
27127 2407
15363 14310
23587 23174
19415 24147
8974 20363
11419 4407
25479 27263
12027 14837
22013 16398
7251 23120
22057 24948
8706 24474
14933 1838
14581 610
7695 12754
26995 234
16205 11725
19885 20161
26997 636
23142 17584
18993 20794
19303 9657
8686 19571
14850 18799
5595 8690
6683 11918
17260 5912
11125 11969
12865 17984
22449 18978
7936 13393
23073 23900
7945 442
12282 18780
6077 8049
24947 20256
23994 20741
8596 10124
10683 4938
12989 7696
5928 13064
6995 26882
16717 20884
26656 8062
6068 23119
21295 16956
21134 8455
21659 20391
7400 12334
9751 15177
8229 10358
12868 5355
24181 16632
25784 16880
9403 12626
24361 16651
24107 25981
5544 27735
24410 23242
24971 24418
18585 2924
5657 25675
27043 23810
16470 21829
21693 10233
18841 15259
26831 13962
21314 2754
10601 19533
12805 9490
12680 5664
19049 23054
15642 10521
8367 20175
26796 16137
21453 19790
11466 8095
25998 11455
26514 8040
19978 27243
21480 12774
18435 7499
25099 14480
26135 25412
27614 4070
18446 9864
13527 12278
9298 4475
9183 18196
6684 9823
26571 12865
11942 22217
25239 23084
15904 3628
19510 16020
10085 18426
17486 26237
11240 9606
18552 3010
8508 10236
12874 10582
9860 3661
14696 17429
18108 3583
18076 27476
22787 12772
8181 865
18908 8847
13627 2027
9418 10318
13983 21755
14432 23760
11778 2137
9428 14100
14895 21366
10230 27552
6849 10360
20842 22798
26992 23486
14033 26178
16816 11549
8112 20208
13410 11290
18153 20338
24393 18029
27645 6228
8895 1153
20199 1285
7405 4807
24198 21847
11134 20399
25635 27252
26657 1657
25522 12462
27760 10611
14905 12958
24414 21834
14437 8308
12669 24638
23000 18257
20536 9458
9942 1233
19447 2263
12204 23007
25875 1261
27155 13401
13246 23716
24292 26446
15427 289
25988 19742
22919 8230
11184 6251
19752 10920
5469 20169
17979 25948
14931 13414
20495 12234
6469 19523
13371 24650
15327 17745
10287 4618
15416 10874
14228 16511
24426 16729
16266 18014
25927 18055
6625 3669
6704 27254
18429 24692
23713 20786
6446 19134
20794 5996
6613 15383
6759 23052
15306 12811
18985 5805
19191 27282
24457 27383
18769 7112
9346 9896
24074 10976
9558 14246
18644 17061
14443 10948
6964 10630
10604 26973
7704 9342
13591 20087
18233 14001
20387 18996
9707 20836
10613 21256
10608 10265
19854 4594
14506 2670
14436 6038
10074 174
24473 24131
11385 9405
13357 13450
7890 2081
13903 17331
19107 532
13078 27650
7459 5388
12102 10327
22275 26426
13672 5244
16402 11388
22081 25766
6394 13330
7146 11904
15118 10106
18938 219
14192 16136
13303 16834
18462 19454
6029 8370
14230 20407
15868 24548
17868 8415
12297 10067
15932 25960
26716 9435
9274 21906
12660 20965
27714 7043
8076 11432
13870 17674
14399 16742
14233 20075
19036 26346
25735 14404
14389 13079
22066 9772
27508 26297
24662 3418
9799 21918
20610 4112
6923 15534
10863 24463
7606 4812
23988 9332
16194 23062
20003 25067
12857 11041
5514 743
20874 9783
14668 6871
8194 18302
24327 23782
15475 3984
7938 9141
22853 24795
25929 7270
9814 2728
10543 20123
8863 16903
24115 1415
22847 21849
23116 11701
9181 2621
9676 19109
5981 6947
13681 2129
21019 6199
25583 26783
9076 1988
14122 26784
19681 24032
13601 10109
7070 4322
23839 5578
9793 21411
20014 4441
5690 25709
19897 8244
5790 6473
17357 17152
11613 3290
22784 12966
16383 10844
9435 4991
14323 9734
10460 25188
8094 7565
6486 22986
27126 24673
17037 18237
11933 25134
12788 8493
25150 12701
6447 12097
11470 8755
26224 17404
26510 3085
21874 4605
19420 3845
7747 14898
5934 26333
13492 14630
12236 1435
22869 5132
17117 4030
11217 8
24072 22327
21237 13986
19289 11558
12678 12104
17331 22840
18506 48
13614 11117
24169 3018
15478 3007
20568 18158
11785 27584
27143 2321
20064 8061
18914 22899
18784 16748
9144 8362
6732 26374
10703 17681
6310 27667
23275 17149
19309 19806
19801 5848
9591 10713
22512 11658
6382 16757
22640 8024
18691 20716
17519 23453
21852 8350
23662 2606
19751 348
5725 7605
17605 11256
14012 19279
5511 118
13843 17799
23694 9307
10099 22984
5611 6863
14231 25076
9431 12596
7200 18233
8271 5010
6076 21443
23283 2514
7728 12038
15139 14604
23273 4255
27218 20729
13485 25028
19924 22158
17515 27276
14627 9990
7909 10430
6352 14055
19210 21947
13749 13092
19155 24632
8221 8426
12484 17250
6395 26009
25777 518
8719 9541
6038 26703
6235 5757
6763 416
19333 26872
20229 10851
11612 1406
19893 14772
14932 8289
11339 2088
19399 14210
23130 15540
15470 27141
14172 11738
19140 20756
12917 17563
12772 787
23899 20557
17647 1152
12317 18817
24976 17024
7440 26897
13760 25104
18865 7000
9165 2490
20417 14757
18662 11096
22026 16644
7856 20073
8017 8525
22894 10395
6974 18671
8597 22175
14797 24194
25521 19465
21766 27701
6470 4168
18079 206
15085 15890
16033 18696
10425 17382
10079 4809
5404 22908
5826 27710
17926 8037
17339 8277
8794 20007
22694 12059
17092 25011
10914 13107
25063 20758
13705 22948
6302 27438
14022 9918
18808 2058
14110 2439
13580 6582
15357 14685
7665 4146
16357 6936
21003 51
15004 20276
8253 582
11722 26483
9696 4633
13006 25991
23877 2448
15659 22037
21395 21545
27764 4765
13109 13729
7967 15645
26506 13035
12108 9069
11411 3604
20973 8292
19649 25541
21844 22937
19126 22390
13515 1356
25732 10483
13968 6452
19596 26792
15967 7934
6826 9063
10936 17489
18110 13425
17684 11091
12752 9589
16601 4914
19720 18636
6349 18096
7739 3787
14595 10621
22237 17985
8683 2384
18848 402
16483 22515
6775 21216
12601 22393
9135 9071
5822 14701
12321 16389
18440 4522
18438 10243
11058 23626
17694 15061
8355 16954
21858 17027
7329 16276
24039 23429
5604 9111
7932 2349
11773 19033
24381 25983
16103 17441
22522 17258
6856 3491
15089 7732
13407 11696
23167 24353
20245 27668
8346 22227
5633 23129
24215 6762
10622 1573
18696 14425
5886 25273
12398 26593
13469 20723
14486 1589
14583 27353
21489 27229
14744 13315
8257 7974
17172 19729
6245 4859
8766 11350
23734 6209
20425 8949
25537 24490
22946 25586
18000 3326
7868 27295
11311 18839
10758 13632
25524 20428
20641 843
7268 27665
12048 2973
23925 11615
13201 10296
25308 23315
23122 27692
12606 254
9835 18530
11775 12709
16830 1307
27058 9032
15746 21051
23499 26968
15272 13982
8523 5870
26192 14710
26993 14362
8349 326
12751 15184
27586 10199
15786 19568
16327 15202
20104 16227
9787 22524
20253 4659
5900 3022
23518 26236
20213 6870
21977 13766
7793 27068
20477 15774
10380 18205
12910 17872
12866 12854
16654 26990
24997 16312
16149 3485
9453 20867
5910 25849
26834 13406
6497 5717
9443 7117
27628 2493
16972 13090
5432 16166
12765 7503
6503 21562
16352 8204
14947 20534
15125 22716
6746 10709
12154 12676
9148 25234
10151 6545
19304 20445
7206 21075
8330 17537
16675 10752
8278 24061
19379 24067
22804 12444
5866 6803
10342 19127
20203 22114
20098 9753
11574 3877
12993 22198
9494 24366
17311 18859
21319 10065
10431 24596
25956 2515
13897 8685
14414 7566
5932 24669
15201 23998
14023 16441
16789 5673
18489 1764
21816 23622
14619 2593
25846 10754
15311 12591
23771 14471
23328 20261
8878 10073
6436 13235
24154 17363
12448 6081
23517 2551
23109 18227
20263 24703
7256 3773
16775 17391
12420 7922
8285 23884
14769 15848
19084 15468
20172 13806
15091 11221
6551 3797
26729 24447
6208 2790
23548 7952
20846 5295
21750 14462
8074 26489
11659 14762
12310 22999
9169 16686
15795 27163
21865 23489
24130 3517
15683 1331
6718 7229
14108 12172
13379 10962
26928 2234
11556 19268
6507 12659
10831 10609
15145 20813
27651 20963
12075 19822
23835 21606
24094 23492
5650 23468
9321 7923
16849 4732
17578 19561
19193 24445
20480 10769
27435 16185
5627 3883
26179 12705
17284 25205
12946 26156
16593 18271
17760 15289
20482 6040
15473 9437
6464 5684
14250 2501
13350 9108
14018 25
15379 5076
16146 4719
16607 13087
17861 7619
22180 4531
10737 9567
6134 5897
5620 382
5855 8364
6351 6657
15694 891
11408 22439
24113 9726
21090 6530
17036 26623
22917 9412
25744 17054
9522 16248
23246 26795
6065 21521
26483 7353
11432 1099
27369 2477
7368 10900
27465 10051
23959 10210
10745 16754
25415 5062
14779 19302
19100 18191
24820 3302
23557 12465
20983 15835
7116 17142
12519 14042
17825 18856
21497 1093
20047 14227
16634 9192
27336 11854
26586 2658
25044 22106
7258 23140
20179 5611
26567 2666
5598 8106
5456 14657
5392 21672
21011 15058
22054 10335
21752 9949
19421 20148
15891 26024
22574 10592
12126 7497
5526 24373
23849 27223
8953 22464
20216 16108
6691 4121
12055 27508
22132 11394
5869 19521
26577 10263
26718 6559
7700 8756
12406 21903
23895 13141
15612 16001
26734 10500
7369 6888
23155 22452
11097 20890
15136 14887
9263 3430
6355 9822
26535 17903
8193 4847
14782 1637
14987 25172
22962 8014
15897 25445
23635 20862
17290 23443
21363 4310
17441 20214
7589 13465
14487 20264
12007 4074
20884 16673
23076 25616
24653 16286
25770 8705
7917 23787
11428 24598
16242 6267
16573 883
26227 22555
20597 6051
12696 18434
12864 23076
13490 11516
11328 1820
13120 2537
27033 2421
14825 26099
22048 3717
6731 7633
15998 11908
6906 14288
22465 1713
10075 11626
14097 3726
25327 13983
17022 4744
18003 27349
22940 1751
16585 21670
5973 5911
5556 23402
19075 18389
6459 19044
26756 21844
6409 24227
8894 13169
18062 13049
6512 4688
23232 22541
10528 90
12475 15219
6299 714
21917 26992
19800 22148
18794 5179
10719 18602
21386 9649
19427 5313
20149 19181
15670 23889
22455 1313
27078 20651
8113 25959
23737 11124
12240 8671
21125 9961
25208 16921
25952 17256
25686 485
7733 16719
16438 24312
7693 21744
27240 16852
20761 23293
7069 16084
23349 17056
22934 23028
6225 21242
12445 6775
20845 9445
15550 12929
6130 2750
26678 6970
6518 10227
7151 24009
18866 21230
13703 22041
7600 5394
23486 8631
26758 5411
26294 23435
14955 10090
12128 11075
18951 10209
16104 12395
23667 22382
16495 19312
24769 1067
18231 20386
12869 13818
27743 6554
6692 16309
10553 11212
14878 14582
9465 21985
23978 5283
15901 24694
23254 21675
8672 371
6569 16042
19838 5944
16248 197
18058 20111
18676 12994
26447 13571
27653 4816
11679 13001
13902 9240
21079 9861
11983 20349
27152 5346
10002 22187
11962 8666
27391 18846
6033 7179
22841 10412
7056 23681
6631 15318
16916 20210
27397 26943
6229 21274
7892 3163
19044 2715
25978 16290
10869 21775
10147 975
26457 1956
6222 1849
15132 7134
12263 18853
19805 26304
26576 26001
21806 27703
20686 15866
20074 10453
5559 7194
10599 1843
14613 25048
6044 25546
17603 25072
17823 6385
11431 2650
11456 13747
6434 15732
9807 498
20056 13008
18119 4626
8167 5436
22284 4528
6545 26591
15436 23634
15392 12991
17726 25822
14274 25002
23580 27024
11856 13402
17971 3719
15635 27453
21342 18439
26688 12126
24362 13317
6792 12674
25342 18878
9146 23351
9378 23291
14752 10777
20061 5671
13232 27469
13642 24966
22932 24832
6560 2118
26973 3802
9334 14537
13648 7992
17256 16182
10856 1103
16978 9897
11095 18710
17938 26876
21900 5170
20847 1117
9862 27458
20458 21689
11813 23438
13579 2813
14105 9888
21979 5797
8013 1137
6489 5843
15937 14027
22055 27558
19132 9447
18991 15078
5398 1343
8410 19530
7592 14466
17880 15784
9223 5135
9284 4518
15225 25764
7710 20323
9268 11373
7922 16519
25337 4148
23724 23532
14359 2736
27239 14112
11415 11757
23205 16677
18095 7738
19522 11036
14639 17412
9794 27417
22438 27583
21834 22714
5960 23460
21789 577
18963 19893
10145 11562
7727 4514
7587 3480
15022 3081
11180 17481
14600 26075
19457 17848
22291 11051
23101 27716
21973 12954
12009 17918
20391 14387
11072 23278
6326 2041
20914 17034
14898 15132
9032 24184
7744 13920
9344 27304
11569 9316
7663 14602
8904 5511
10725 11897
24163 17977
19992 18650
18655 24422
22292 2248
9138 10297
18459 14308
27109 24197
14242 23176
27253 27104
22801 20687
13130 10748
17518 17281
23586 14182
20542 4245
23634 25177
8578 12155
17550 24784
23883 4251
23212 11548
15991 3011
10434 22845
7145 7884
18366 19839
9503 24605
27516 16990
11976 11538
17154 8655
9549 24697
8009 7478
26053 24331
21872 1593
14950 6546
10889 23976
16221 7357
25702 27176
19587 19868
12928 14923
24162 4286
26969 13295
17669 1676
16385 5730
11242 22852
19138 19160
14281 18442
13793 11020
16621 10147
13572 21724
21424 981
20828 15205
5989 19259
6268 26364
6425 22595
8241 20829
16457 24146
22135 17634
20727 5957
20303 10026
25773 11633
25529 2781
15918 26604
13106 19777
10822 14678
18312 23682
6678 19838
16962 7459
21437 12197
22740 11316
5415 16371
19077 18627
20986 11737
24895 2598
23065 8947
24269 14754
14132 24105
17254 22474
8004 2459
5547 16347
5711 16218
19499 8307
20784 20922
14774 14612
11251 10164
11920 16793
21485 4064
11257 20238
15442 10281
23597 2795
7960 9570
12269 10102
21215 8635
8890 2539
20720 8765
17301 2882
14349 750
17546 1708
9347 11472
8713 18369
27382 26685
18365 143
24612 6254
8480 16186
11688 7654
8585 8102
14479 11108
17745 21301
8072 7001
5974 9164
7652 5857
7854 19299
10405 27745
20117 21104
8183 14333
19638 24393
27237 1316
11448 18280
10995 14013
23844 16348
15148 4817
27453 22476
16307 26811
9117 6124
6485 8817
5861 26475
10073 14491
24045 25149
9054 6249
17223 10282
26450 11663
6314 19137
9437 24517
13612 18154
17884 4852
15130 23244
20552 18367
15383 26803
5931 15070
12538 26923
8973 6521
7952 9112
6791 9713
10187 22768
15275 27570
11322 27043
8797 2533
15507 12121
8773 26707
7976 14834
16569 26518
12438 22687
11508 15272
25512 14928
14261 27131
21736 10160
25764 15831
17806 9670
25072 3875
8656 14767
17742 26039
18554 3624
9440 7154
21531 15849
8008 15717
13126 20896
24558 16077
23960 5874
12801 13569
20512 26821
20103 21673
24611 8420
26978 100
11096 20450
12093 20715
22255 4981
7576 10682
20535 18758
17399 14475
26260 23172
13864 9830
7041 11354
11143 25455
25819 16572
6050 23815
17012 23987
11997 7604
25596 1266
13491 25267
12264 7762
13276 26602
17600 1917
20885 13226
9785 9521
6657 3884
18806 7981
11897 11786
10651 8261
8216 3651
11081 16712
17165 2743
23516 14337
8295 17691
15501 11429
9354 9017
26822 15089
26409 11774
15532 8688
27358 20105
7661 24252
5553 18414
17897 23590
19037 8703
21958 5104
7433 10195
13474 5467
5425 22606
7478 6595
9544 8723
15341 14464
18541 13080
23739 6675
7214 12540
6714 24354
26501 16550
6648 2579
16777 7507
10769 25836
14445 3361
25587 15040
18129 2957
27404 20415
11759 22863
20676 8045
19626 20102
20321 5052
21794 864
6790 1228
22614 3268
12562 18338
14060 20591
24863 1795
18570 18105
12789 15215
27355 11469
23346 13427
6156 14340
5896 654
15487 22203
26772 4327
16739 12800
8712 20639
7467 16288
6818 14518
14466 12653
16199 21304
13805 11194
10559 9754
14311 1885
19013 609
18543 18119
5901 15677
22833 6284
12836 10093
14681 13487
16512 3050
15837 7683
7745 16115
5647 20350
14735 9908
26262 1742
12465 13789
13084 6687
14786 21329
16303 27487
19238 10601
5601 27214
10368 26215
26719 23607
5986 9322
21986 24286
19359 25549
6595 15060
19594 17117
18249 16143
20587 25817
20685 6917
9740 2961
13658 19856
7645 17086
19331 10396
20658 20080
22769 5159
19684 8944
10546 2757
7721 6492
8080 27341
15535 26697
26395 23813
21609 26486
26631 5854
17143 12131
23174 3062
10262 24866
21895 7873
10594 16257
7139 19947
8791 6771
27053 25550
6214 11849
27698 14968
8105 12942
27730 16149
22944 3733
14507 16156
19083 24891
18663 11040
20461 13580
21176 341
8390 23615
21330 6499
8087 23852
23912 20026
10146 25517
21941 24029
14662 25953
11720 23427
24177 13825
8588 24630
16257 26157
21629 5466
7845 18546
14237 25779
9206 15994
12773 5105
10015 2980
16344 9284
15533 13190
10381 17326
9107 14011
5852 17608
11410 20958
8600 26981
11188 2913
14720 21635
19892 25032
7901 14225
23970 20077
18030 16806
19453 3447
20979 27129
22860 17881
18397 16244
25667 25425
19637 26738
22749 18448
14640 25225
12192 7722
9337 16004
26461 3171
5988 13523
22918 14528
6640 6321
14828 24378
19539 23650
19099 14289
15985 7007
12214 1933
23473 18208
12771 13166
6266 22715
17242 26152
10851 120
13484 14128
7338 13358
20787 6440
10369 10785
17177 26383
17348 13907
7121 23332
16204 10295
10068 14282
20731 3303
20193 7536
14715 25645
13215 14220
17190 13875
19527 603
20813 24075
24268 20996
23398 18850
8106 19780
7689 13662
19274 23788
11621 21481
14548 14953
15544 17889
7275 17496
19993 2158
12195 13602
13211 20753
15166 15056
9595 16735
15553 17069
7714 11216
11144 9124
10292 19267
19103 13930
7650 5389
5915 17650
12407 19816
13475 27625
17676 11490
6128 26132
19511 25867
17050 23360
22969 5221
8603 14652
10536 26766
19625 7832
19020 21330
19698 8382
21484 3866
15742 14925
17571 27359
21759 17877
18186 9608
9292 25992
23621 23614
6149 11823
5416 21965
18904 16946
17217 20245
18432 17354
19673 24212
11426 22338
13986 23030
13257 22976
7904 2214
12920 16781
24090 2692
20530 6864
2564 17214
11245 6622
14846 15158
6650 25163
19308 7151
12157 24542
27010 21200
21448 24536
16814 11895
21521 23972
7706 23657
23879 2009
5953 16560
7734 504
21343 15535
23494 3136
19889 8248
17320 23301
8899 2744
11557 14178
6676 22396
16294 6001
19381 18194
17705 22993
9167 16213
11615 6404
12630 13143
16349 24369
25018 6827
26172 18556
19708 6567
15692 8980
16464 15728
15588 12953
15547 27008
18245 15021
27501 2264
17652 13396
6559 23467
13102 12100
12229 11917
22116 15361
19375 3187
11148 19308
23179 26622
17061 14073
11005 5332
9784 4925
26142 2168
8171 9766
16107 2522
20657 17230
13234 4858
11811 9806
27747 3792
17826 23504
9998 18888
26667 27445
26398 25750
21117 4729
23781 14079
15887 8711
12891 16117
25903 6519
21968 149
6630 26276
6571 21707
8602 24724
11206 11022
16466 14656
20052 21549
8472 11372
21224 12135
6636 7675
5911 14974
26766 18273
7764 21713
22675 22234
9757 16818
12611 1164
23916 24954
18694 27547
19302 5938
5527 26531
21168 18071
26852 25571
5491 19936
6456 15989
20288 10015
21911 12679
14120 5317
10514 18669
7152 25996
7837 21766
10735 14517
25259 27767
19591 10455
13743 26830
26965 17974
17942 12690
10755 3227
15917 23334
6234 27066
7677 18413
10389 24510
8149 20031
16949 24787
10927 4195
20029 27250
18538 21516
17388 23365
20572 16523
5495 14502
15710 22336
24101 6660
8674 20778
14885 13898
16889 25876
15886 9970
7694 21284
17940 13398
21823 13243
17983 26125
10705 5946
14763 5216
14165 7882
20019 7776
17361 25446
23216 24244
15120 11632
8477 23563
26462 19787
14719 8514
7391 20373
22612 13736
13151 25388
16220 8293
15378 17812
17522 12173
5895 11113
8151 27339
12365 17858
19264 1030
7431 27187
10440 11887
26566 14720
11247 26682
16377 14221
18949 22959
24903 19391
24054 12735
7439 20966
15811 5293
27153 7689
13861 166
10748 25980
23024 9213
27080 20327
26137 4235
6814 16435
13962 16654
13338 888
17384 530
19410 8345
22428 2538
6550 12012
12754 14684
19757 24320
13464 26176
13199 24524
23913 10367
13107 7819
15926 1859
20721 25905
8743 8518
6989 20408
7468 14900
12681 23378
21476 16813
13390 12245
27767 21245
15859 19167
19414 26712
13697 14723
14357 11574
10563 27492
9504 15374
7867 23508
13095 24651
9011 16760
15573 18960
22487 10462
22310 23851
5636 20930
14249 10101
17909 19558
13839 6908
13389 26322
18836 22808
27583 13542
14664 1627
20917 14378
13631 3548
20111 18419
23573 18901
26049 14223
8296 5282
8302 20025
12647 7643
18101 13218
12319 25483
13526 9505
24354 20640
24234 11115
17954 11700
17403 12109
5788 20411
6840 25951
15653 26772
7210 9379
23226 21425
17437 1565
5740 904
20115 11068
19054 6923
26296 2989
5572 12798
6907 2065
13867 13827
25571 15440
15180 26698
12655 11810
26979 5323
5493 26649
17385 17066
9442 12115
20433 11494
24077 6475
15690 20298
12990 18841
8693 20462
16580 22709
18978 5005
7215 1394
13316 12532
27021 11954
6198 22981
14493 13578
22035 8368
12307 19009
27548 993
15575 23556
15249 5386
13088 5249
16769 789
16332 26210
5614 25247
7732 26930
7832 21791
16109 21309
17186 26220
10600 23544
6622 5440
9088 20328
10139 25127
22179 2095
9492 4202
23659 19591
18278 1337
5887 14
16218 76
19216 9330
11843 18895
14574 16127
17091 23001
24463 10242
15005 12936
11083 22738
6423 19935
9753 7
17710 9693
8396 23237
20486 1727
8189 9195
18685 12217
17751 8355
22828 19538
19847 19805
11896 9857
18230 14752
6700 24905
17800 20106
23691 8353
12925 2313
16113 27300
8384 25966
17721 12979
15210 7286
7959 21324
24042 13723
15992 20543
22341 4912
21595 19090
19710 16486
23022 2028
21576 19719
23939 20319
8324 26073
17163 14467
6891 11029
10531 15587
12691 26546
13957 26488
6987 10382
18600 13558
22800 1422
15404 1661
21164 3097
12659 16112
15144 25815
9548 13716
16890 9559
27560 25753
15724 1109
15305 14103
26168 3711
18314 2907
26730 17473
21411 6166
24031 22980
18789 12002
9543 13618
12750 26406
9776 10578
22169 2245
16178 1714
5829 8604
10798 368
11398 4116
21746 14712
26665 15399
14490 20100
13571 21776
8272 11168
13231 21224
17069 22151
27759 26721
17379 1518
14062 26802
15702 9719
17166 3767
10466 26613
21793 24670
17941 15435
25992 9203
14183 18722
5539 10910
18716 8094
12687 27126
9883 20459
8254 18247
15015 22017
8347 24024
756 1456
24632 21391
6232 5111
9082 4221
10521 2330
8089 17656
8266 16883
12634 27194
16397 23715
22382 26689
9191 6594
8448 9004
5605 14650
18559 26394
6327 25068
14924 23678
11656 9500
23411 2971
12184 4293
7293 8972
27456 23722
22129 14967
10994 7389
26384 11651
22430 8208
11864 2854
12965 11370
11646 7913
22871 21257
8242 18651
25227 26228
5701 11419
6961 26844
6699 8055
22654 24637
8891 5253
27591 14416
16878 21683
22134 12856
6080 11699
20942 5316
14056 3323
15919 26021
9041 12984
25868 8870
19728 21435
10633 5039
14799 15697
9866 18416
9962 6735
23180 23605
13337 25643
8847 1585
7100 26493
17895 6906
8483 414
7720 25982
24216 21389
7217 6656
22363 17573
16298 4901
25148 27567
8884 7069
23588 25955
9815 23018
8881 852
6413 6872
16715 15652
17883 16076
21866 3932
15185 912
6567 18094
6138 23838
13778 13724
14908 25041
13134 13075
22265 22793
15237 21369
16159 2394
14067 5640
18187 6222
6705 18412
19958 25083
7177 24256
19014 24232
22647 27077
26359 20908
11985 24513
27215 3229
23712 20463
21097 21543
25049 9231
26622 1268
26416 16427
26287 7790
13545 25346
14205 15571
27575 24717
5479 22195
13567 7441
21106 6352
5626 22299
9993 11227
21401 17229
12863 6983
7257 23044
14546 21005
14264 10076
8488 14094
16161 27655
26948 22610
24624 23640
22506 581
18560 7448
11760 23214
9385 22672
21416 26691
10109 14818
17720 23497
13363 8877
19255 2998
19947 25218
7416 11636
6788 11046
21143 3709
11108 5463
5853 17836
21597 20484
5883 6154
9844 7213
17347 13119
22763 10142
21718 13857
10787 9283
20030 24768
25623 13386
11611 27313
18862 25013
6187 13245
12249 23890
21567 7205
27576 13892
23945 95
25880 27037
19853 16116
9898 8903
12656 4572
5434 7050
26475 4226
16930 11565
23153 24396
12006 5651
11186 17818
24218 2224
9673 2082
18791 14521
9596 525
12716 12672
12596 17445
8616 18865
17531 3629
7644 2228
7336 26534
8774 26985
9861 4698
27399 1734
6069 18860
13832 3422
9884 4450
19188 9587
14363 1904
5748 4749
5442 13707
15766 9644
13542 2367
24541 27719
10880 13668
21622 27197
27514 16732
15479 1594
17960 1226
12574 460
12860 22605
23798 8424
6267 1543
15664 12426
18441 21294
13670 25337
23337 9968
7124 16236
8652 16174
26154 11299
13203 20352
23864 18883
6474 25231
8184 12370
11853 16518
14758 24339
12981 5568
18624 16270
6379 2259
18074 11039
5745 5470
6548 7052
6074 11496
7123 14559
21820 25137
21676 8393
12845 24964
8781 5705
20160 8856
17482 359
6946 14384
21592 7744
8461 16747
11035 9370
7735 22843
17957 6087
22380 24382
6331 16684
16921 14110
18072 15218
11342 22147
18232 23688
16659 14699
12867 3978
10541 7792
9875 25913
27091 12388
25410 24277
26472 13961
21249 7838
12915 18924
10724 4563
6561 25238
6057 7400
6367 10169
7011 2298
10693 16271
8441 5538
6126 7431
7820 24258
21644 2681
16458 14987
24786 5023
6958 4117
26368 19369
19846 3141
5555 16396
27036 18631
6407 15146
11236 10542
6345 25728
23080 14338
16507 20746
15639 14080
18090 22345
18326 12006
27243 7949
7762 1168
16929 1177
26923 7098
23442 12747
19486 8562
10940 20366
22444 21790
16209 12229
23946 15763
17755 13713
22730 26790
7158 4624
7362 7413
14593 22855
23192 26403
23628 4036
27408 10489
13958 4974
26953 6961
18863 20150
25107 24352
15443 17219
8412 24005
24803 13946
14531 23689
11421 9844
23962 16168
6135 2848
7729 1294
18193 1948
9885 17395
16396 27482
21933 8460
16037 9385
8098 16696
17703 4395
22320 12477
21887 12212
18927 17341
17218 23201
22155 12534
9407 22287
23902 16253
10592 20099
22160 17421
11147 10418
14438 5654
17442 1267
6215 27409
25823 2098
11212 3288
23869 8702
6471 634
8988 24429
14882 19353
20944 24943
12443 15664
27649 5602
7457 18324
22254 25794
25948 27153
7940 1762
22266 2940
14554 6266
21765 18923
26812 14695
13529 26639
9747 23983
20101 255
16958 21246
26269 7755
15308 16759
22456 26733
17329 6928
14561 11878
10855 27258
21197 9913
25007 235
8281 6055
26273 19514
27300 11522
27598 11966
27128 25611
20517 21202
7662 3045
7355 9746
17846 25735
16579 22821
13868 7081
21428 17503
5498 25999
9364 8921
12067 10620
12651 24993
18601 3839
13796 4354
11678 13128
13613 7908
11259 6319
23377 17126
8397 15710
16446 7367
22318 26209
22362 21463
15074 6143
22734 23284
17038 1807
27223 23647
18067 22826
10806 2602
9342 9359
7673 23589
18879 7377
24236 2
5457 23079
13873 26966
14160 19549
16191 17058
22050 26932
26187 14212
8575 3145
9266 44
20426 15139
27270 3952
17343 25254
5791 459
17896 16439
12409 23150
5640 22682
10614 19051
6188 27013
27445 20149
13124 20181
17365 12516
15674 26553
18823 16778
14525 23405
25357 7350
15466 13624
25432 9955
8180 24333
9092 16968
22171 24676
19442 24316
9205 24492
27448 12438
12430 25322
6144 18973
7964 18559
12871 16100
19350 5892
7381 27022
6284 795
12293 18936
17752 15428
16882 15830
16424 3818
27356 14071
7930 4075
9313 19793
12470 27289
24229 19159
17850 18805
13687 6911
20323 27449
6213 124
22408 13104
26115 8148
13644 24552
11628 11364
15176 5480
12194 13455
22294 5140
25335 24878
17649 22906
27003 11014
27703 3248
18443 10355
21829 6805
8964 5943
19446 12898
23847 13528
6313 11241
14781 18375
17459 19460
24244 7074
22009 6507
19401 15163
6166 23421
12505 26448
11423 597
17194 17426
6968 14254
25423 106
22778 21377
13359 23940
5528 849
16822 8508
5450 10490
23773 1746
6931 50
369 12411
7396 22702
19376 22657
18822 16871
19437 4353
24239 20465
22858 25170
27717 6645
18315 22757
19595 16394
12777 4308
20264 24350
7821 12528
10578 14597
17456 11802
14109 25506
8473 22853
7403 22641
24742 835
20028 9056
6566 7546
20113 18137
10293 4606
6247 7130
15224 1225
22434 12862
8246 2655
8657 21343
22173 19446
7876 2329
16322 22680
21726 22739
15881 18484
21723 20659
10925 24666
5504 6677
21974 8738
13387 19642
24838 22630
18507 22518
17034 26264
15010 26362
8628 25372
12897 22721
7827 23409
25088 2953
17925 14143
12576 6116
8669 26258
9386 15457
15001 17938
21526 16028
25982 26222
19130 25932
23007 12594
13275 22301
17955 19377
16469 19515
15447 26457
21285 2352
18693 21538
11644 15737
15509 1223
8618 25020
27274 12117
23801 18252
14276 2176
21036 11576
13994 14400
11002 10391
6984 6153
16336 16627
5645 13541
10433 666
19057 5849
11525 23970
7848 10387
18217 8515
26477 24412
5548 22333
14683 9089
7915 15276
13312 19351
19327 17502
19480 12752
7877 3819
20966 10037
23901 26064
9203 18603
19831 21092
25155 893
16008 5663
12682 20324
11455 21570
21364 5358
16180 12325
10378 16965
26892 20423
9439 7299
13669 19406
19391 2139
21287 18877
9671 14038
6610 18344
19314 858
11850 21963
7808 25174
23195 7079
20600 21754
7736 4184
20668 18099
11027 19179
6429 14078
15371 20707
25664 9741
9961 5936
20382 10610
8119 12520
6462 24909
14317 15251
17072 20782
22289 26062
15883 22788
7973 11200
13712 14595
9374 23483
17323 17609
8605 11142
16206 4027
24402 19075
25881 2392
24220 10640
14542 16690
7402 25721
5603 12420
17024 23036
20629 2227
5417 22098
21625 26218
15346 20143
7270 1145
24119 27649
21062 19910
9291 1924
13563 9518
15560 10021
14155 14214
8923 23541
8609 5967
14635 22933
12959 10669
20569 18999
26452 13462
7777 24304
12315 21379
12503 10217
15090 9383
9721 14540
21140 1368
25707 6033
13842 4854
27622 16073
13603 12896
25641 6880
27471 23027
6393 18278
11994 25401
10786 9769
7570 24834
16442 21704
19329 18861
8137 9369
10492 3402
5413 452
13543 567
23432 20062
13940 21620
9755 22972
19640 22101
19900 27657
19589 20721
11690 19605
21957 13535
5942 20501
25465 9329
17881 10810
26915 15237
23460 7886
21172 15245
23599 20843
17398 18293
27461 3595
23485 16577
27402 7801
8975 7321
9561 24307
12454 13484
14020 26732
23476 6835
23701 17096
8204 21895
22912 8371
13590 1178
6410 4828
9833 15592
21420 19016
27309 23761
14984 16030
16099 14377
9352 13976
7634 13341
8153 24758
16129 19175
6309 1334
18453 18186
25103 1327
9264 22221
14857 15733
10101 9247
10482 11007
9570 23820
23725 12292
9701 2195
20927 1333
27089 10884
24139 1822
17557 16694
19265 15082
21602 21568
15092 9292
9222 4109
9272 17017
12124 18932
23041 674
6374 6454
5455 8405
6388 17327
9275 24599
12899 3183
27672 11557
10567 10802
23722 20447
12966 21148
18190 11252
17661 10123
23123 14828
19624 20857
18191 18891
7887 8291
17373 7523
18628 4886
6366 16445
19868 5248
18165 17711
18610 27001
17532 23926
15686 16345
13716 17411
19065 19827
14995 7665
8979 8551
12196 16592
10134 12035
19903 1092
8705 2694
10610 5213
11032 5919
21959 5376
26961 6339
8699 27189
26895 4455
6926 8779
18859 25227
8095 3454
25487 11167
9853 322
7563 7383
23302 21433
16021 8083
20899 16190
7349 21017
26225 17369
21403 7020
9541 14476
5529 23302
23678 24986
8655 10362
22097 13025
11912 15666
22753 25339
15506 11188
6978 24890
16272 18152
18705 4205
12492 24326
5484 6328
12434 21296
9271 8246
13148 11501
26663 11933
18179 24722
20771 7361
22304 9362
18389 3083
18871 24249
14764 2923
23579 11568
23938 18394
13249 16863
19228 13340
7337 12737
19950 16976
7252 27531
21904 15513
16202 5400
20719 2771
8394 10643
13899 11578
7437 11185
14961 8620
5538 27348
19912 20512
27254 27262
19059 17646
15667 3694
10439 6514
15267 25253
6365 25557
7080 13129
5888 2798
23784 19222
13327 6457
7588 12158
11250 1909
7731 10772
13115 6801
8154 1083
5623 9400
23649 15415
13235 22004
22930 1803
6377 10177
14186 26188
18510 27119
11000 4895
26650 7975
6668 23523
23655 26010
21326 8522
10526 15310
8392 10173
12118 26051
26098 5438
18130 19889
22436 7682
12952 1581
18898 248
11196 8463
19434 11912
10852 5091
26129 5078
24537 1050
9210 6491
9717 16395
10796 8318
7953 215
11292 24216
6333 25762
7566 6489
9063 15543
6587 9331
16308 17156
6721 3625
15483 17623
18971 104
25833 8416
18682 22450
23851 4757
7371 7973
27739 9581
27510 2171
13717 3110
15070 2738
18955 24103
9307 5110
9434 25806
9367 16738
10734 4006
23464 4872
5535 21709
12605 6255
21509 4242
18665 7254
14478 21719
6458 22681
21642 18210
13238 12614
23769 21572
7579 3972
12103 19118
18755 7692
6729 4930
15882 9700
6073 20485
14036 13112
22956 16306
17021 10445
20135 24014
12694 4903
11458 12037
23536 6612
8267 27291
24564 15614
14388 2279
20867 14197
12988 24773
27108 9557
9810 6505
22248 2596
19898 15351
10525 9666
27482 22638
19905 12837
23037 23283
17033 9809
15666 21882
16594 12770
8763 26139
24035 2791
16637 22626
8214 19619
5613 4143
6801 21155
18413 23074
26689 19624
18698 15296
16925 14534
20710 22205
13383 10531
19258 16898
6639 7183
22532 699
27199 19070
7972 17821
11350 7734
17769 15081
23544 8588
25113 19767
7438 26835
25207 2662
6511 8212
20062 25771
26278 15748
10373 21632
21242 10119
20669 23793
9176 11086
22507 21607
18499 15429
22222 11069
6319 27302
21678 10443
14011 5820
17537 17121
11595 3058
27405 15187
18261 23408
10318 21219
17602 12005
14792 6028
27147 17731
20083 8860
9864 19187
12224 26398
13301 20894
8172 8100
6741 3325
7410 15952
23546 23766
14534 7404
7655 2398
5677 23060
15417 10987
7007 8143
9343 108
8247 4079
11468 873
16085 6402
18115 8998
5393 6968
17589 23426
12159 13060
7912 15067
12099 4088
12890 21164
10802 7223
26542 11634
24105 23781
17783 17665
15199 24839
8673 3473
12813 18719
9649 16341
13320 22242
25541 3676
26705 112
7261 1271
23732 9493
12848 24296
22993 19040
13041 3100
25350 17109
9421 20318
14742 21731
16851 25605
25315 17864
11808 24243
18091 24260
22317 17375
19918 14044
26944 3426
20084 24936
26243 13597
9072 17948
9661 9263
27561 4409
7636 8785
5951 23796
18838 9487
20694 14463
11597 3834
16687 21441
20951 13231
8426 9544
14653 16960
26825 12859
14785 12894
7377 14097
5965 7128
11984 23850
6466 9264
14191 25641
7533 17179
23332 24027
9411 8647
9075 4253
11315 5576
7361 2174
7201 12778
11029 10253
19843 25408
9677 27057
10544 8465
8195 22356
19910 21259
10034 20510
17579 24791
6049 15693
16732 7100
7127 21447
16437 2567
15215 15680
15204 11624
24802 19211
5407 16229
14520 22095
12366 943
22458 27614
22067 9880
26333 9025
22162 980
10432 19101
16054 15999
22825 3722
19977 12285
8905 1533
13568 21299
6575 19886
23947 8379
25671 7502
9299 3151
14804 10955
16560 27204
14951 4532
20031 11134
14714 21059
13548 25117
27414 22266
10701 7145
16729 13124
5927 8447
26646 6892
26720 22328
15559 3587
17178 24556
15723 8263
8606 9026
18456 22465
26785 6937
14218 24565
17079 16678
6449 21625
16886 2464
15764 15228
22975 20663
13532 21222
15003 10448
12442 25144
10486 25893
14195 3344
20026 16454
12329 8360
25427 10623
27331 24742
13237 3472
5561 15826
24910 13885
6767 23919
11278 21348
26555 5482
16912 20788
8223 20182
26350 25918
17118 22276
10858 24518
16279 23927
8771 26615
23395 2400
21807 24406
18269 728
17082 4824
19011 21876
18540 18357
12743 15593
22594 4511
5483 6643
5610 20241
18495 21576
22027 265
6152 10072
13912 14323
22535 5224
16100 2209
18867 20405
18043 10988
11763 9375
6808 1780
23348 7108
11846 3623
20643 2818
10377 26752
6094 12064
12817 13655
10143 9282
27467 4692
19890 2819
7213 3934
12570 11657
7009 10990
17889 23061
9557 11360
9498 9440
18354 17689
9147 15358
21652 15668
14588 7256
16227 26199
24927 8654
7322 4256
6492 24230
9145 17597
19323 12924
22831 16593
11810 26321
7946 4983
15896 3678
21824 7175
19487 13609
24104 13795
23551 4881
5704 7114
25615 5851
18113 9475
10782 3061
22149 10880
13583 9688
24208 12124
18094 3466
7393 23654
15266 10983
16407 12861
6495 268
23646 12996
20718 27375
6806 21281
22979 11992
18778 4460
8530 3327
16232 23916
14072 11724
8685 20147
15233 26663
14244 16772
21227 20901
18384 613
12543 21578
9087 10731
19866 11182
15428 10435
13607 4203
5534 5042
9170 1154
24020 8541
8352 23828
23366 1000
23820 19779
6982 14796
18874 24659
20231 12551
17017 2418
18737 21589
25205 4217
11214 2844
9326 574
7676 4302
7307 2886
12415 8074
24312 18165
9399 23620
15023 22678
8230 27064
13156 18326
17708 21879
18393 16364
14957 8377
14904 374
10611 7053
19004 26650
21229 26283
27721 7742
13887 25499
27313 2794
22797 20065
6441 21602
25754 5951
23017 5715
11235 12057
12024 27087
7260 20613
17757 11219
11586 8136
9288 4868
8169 15152
18146 24621
11187 17596
20085 12123
24000 1889
20005 8030
15546 1662
15156 7606
21611 8899
14634 15278
27718 11367
9811 8612
25096 18432
18089 21465
10168 20460
12012 7090
13908 9671
7397 20875
6941 3566
21144 6050
20558 99
8468 14731
6481 26069
12094 17640
17644 15455
18833 1707
19966 8222
10668 25466
15239 1314
27170 1829
19877 26015
14371 18639
22164 24025
7957 19778
13381 989
24875 17724
20868 868
25395 579
22840 23078
13054 12868
9805 19188
8294 19975
16280 20227
23083 18810
13185 13553
5831 12643
22443 4218
14946 16339
22704 12326
8299 25886
10384 15145
17580 5620
25834 7637
8563 26471
19345 2594
19479 318
13653 17337
16116 22469
5500 20434
10772 14706
11126 1812
9756 24030
16448 11466
6693 6035
20046 14791
14974 3456
8273 16092
7947 15507
27430 7301
7430 4610
24983 3750
13693 26460
10137 9540
7557 25135
8501 23659
23068 8408
10963 17659
12041 15371
12975 22087
16046 9415
7649 4712
25143 18313
20774 14992
21943 19632
9985 15853
13771 11753
8641 5454
13471 20021
17427 5114
9080 301
22703 24595
17052 2756
18447 9964
6048 18428
24004 6933
15313 19066
22808 3698
9278 8734
27557 3689
21559 14406
11900 5650
17920 25374
15543 1239
6361 22893
6557 18418
21621 23370
21956 1242
17672 22748
18555 25248
11158 2779
19390 5302
13388 10116
5512 24689
24440 11547
12098 4102
16543 21196
14434 7174
22760 3738
23675 12049
20830 8317
11209 20851
12520 18946
9981 8174
24763 14327
17481 16527
20573 6508
6303 7078
9779 9144
5541 25574
26841 5882
27172 22018
14899 1796
18116 4683
13062 7462
7709 19178
27094 23982
10709 24121
9641 11715
6465 27744
6490 15704
21637 16993
5602 18955
26504 14932
13478 10085
20171 24931
13207 17782
24307 22951
7129 3400
5560 22514
19113 1463
26030 17415
24934 12427
21763 15297
6369 27629
19186 8830
9737 9473
5505 25502
17484 1434
10607 9194
17976 12072
13299 6921
21466 7575
13212 6337
20159 6867
24182 15386
11780 13302
7074 5800
6825 21457
13044 5850
22807 7900
26712 1884
6638 3842
23716 22346
5637 22384
22379 2908
6745 25872
14923 26301
12081 23804
18654 10795
18006 26400
18731 21537
10177 16428
25035 11812
19988 21866
13493 3573
14114 2024
10981 2812
14620 20165
8430 24989
23436 16260
13536 19898
18152 7338
10754 4145
22791 19393
7944 91
21096 10413
22242 7326
6338 4373
22984 12194
13153 27306
12608 7195
15234 2414
9710 7255
23748 3896
24855 12213
19198 3253
8854 21854
21704 15595
16680 5634
21132 12162
16196 19532
23560 22442
10172 3549
10497 927
10574 1579
12933 8279
11710 3605
7374 6528
21947 14956
22888 4969
20900 2820
17772 17359
18157 23514
12814 11948
21985 2452
7262 14113
25947 10704
15297 1782
7882 20508
12784 14241
13494 26537
23124 10068
25689 10226
24237 19022
20072 25825
22794 18392
15602 7320
14248 17032
18980 24588
24578 15863
21400 9153
6353 8982
14032 14872
9533 23661
20360 25437
11086 27763
12227 19862
15763 4424
16278 9906
19908 12014
11075 22440
14510 8695
11434 9708
17258 15520
5507 10799
13862 22070
26883 20936
13277 20677
20601 5699
14890 14705
17805 16087
20420 4399
23496 987
25625 22006
15907 14299
16460 7960
20976 14438
26731 26311
16533 17603
15552 14581
11800 12379
6328 7119
6312 19334
20222 12422
12018 1800
27567 18927
14157 4152
13220 745
17944 7532
22997 10202
21697 117
26684 26023
18102 25489
8269 7872
22511 1350
8198 3106
9592 11056
19551 7636
7417 4477
24525 16153
9719 3307
8735 976
7984 5472
8697 17273
22650 10156
22761 17437
25317 13283
21798 10579
22725 6121
24498 14993
14829 7203
22272 2107
19433 22930
26498 13912
16859 10550
13439 18136
17716 10831
8066 20853
15936 2052
17606 4696
12896 8895
24001 2269
15939 4280
26289 19987
10274 16837
18988 27172
5578 19407
10717 10063
21289 11012
27082 19503
7008 209
6866 16121
22074 9472
21706 3071
21777 26671
15791 9653
21207 8935
5688 19599
23086 21318
7556 19414
18994 816
17245 23696
7232 16553
21430 12484
11832 17515
7551 2047
19051 7630
27490 7842
12435 26438
13915 10145
25411 5929
17867 492
23294 11806
19956 12159
15329 15676
6552 24550
24201 23310
15591 5272
6241 24921
11901 14461
25804 13346
11917 4738
19182 3611
5485 7670
10183 456
19353 24438
11852 18382
27244 8124
9831 5893
21686 9771
18330 13011
17690 9782
12320 17894
20936 16410
21812 24486
10388 6557
23082 17298
14416 17947
18362 20051
12432 10334
13309 19231
17318 2322
16480 10473
11156 23273
5875 15299
12056 272
6336 23967
8994 5047
19383 6012
21577 25652
10264 4678
20163 14756
25570 2097
20096 12276
15247 26464
20988 14672
11677 26288
27211 23725
7784 24223
25489 12145
15279 13361
22679 11021
6385 18161
22935 19948
11931 1280
22072 16457
22884 18032
24409 18135
21598 15505
15468 25079
7094 11534
19063 24837
11288 19576
11273 13342
10659 9907
15182 25989
18127 23042
12766 23790
8871 24718
19080 21569
11028 17103
9306 20546
16700 19059
24605 25569
27517 7014
19994 14172
13768 11322
6838 19653
13799 8266
27460 13327
22374 19994
14926 13714
8428 19183
5499 9721
22002 11000
17103 10353
5537 10528
12061 21248
15640 11349
6536 20487
11619 10216
7902 13492
25313 22691
8611 4962
20789 13956
26349 3916
16467 22970
12367 17784
17402 6214
9140 16295
12816 12041
11282 15035
5635 20347
5697 19589
20305 18738
10691 20620
10498 26351
17300 24001
10367 914
22492 1947
12942 2460
18564 27425
17988 6298
18024 2377
12944 903
17244 0
11779 22761
11518 20807
16742 12943
7190 21100
8734 18517
6992 4967
10181 20995
17593 15459
21862 20834
26618 8010
6580 5801
20058 7745
8886 14295
22008 26814
10331 5439
21656 18243
23297 23553
12673 25261
25592 468
27662 20604
5723 19597
7943 15203
19278 26106
14096 5804
10487 21881
21544 500
7449 4466
14444 3093
15626 12220
11061 25496
14093 24751
23020 25805
6499 3553
17265 5616
23819 25784
10908 24779
25032 8596
8130 9854
10766 26960
14524 7059
8707 24471
15399 21887
21882 15801
25603 1474
18788 26183
10382 5056
15133 10706
16559 4916
17108 497
7697 25673
11294 4289
7633 23469
5872 1058
14772 3815
22560 6914
26628 26452
18070 10958
22789 5939
10282 18080
20974 19021
22410 10137
6976 25330
22196 22794
18020 23991
27673 20619
15220 2724
26316 25096
7724 11552
21615 8091
14211 12036
13391 6879
13657 11189
26492 13106
22509 16826
18821 15531
15783 2749
23010 12521
5820 8622
5731 16231
20219 25833
19001 1196
13652 18893
21264 1583
25459 11017
6230 26761
10201 17809
8132 8800
16862 25686
18517 26946
24110 23832
26502 16008
22641 5928
17886 9280
22397 9562
27366 9220
25656 9221
22210 4260
7236 16214
5521 22394
27716 11175
13959 23479
15037 10450
12230 11476
18105 4857
6562 12625
11585 3304
11634 24085
19525 13353
10464 10642
16420 4004
23723 10385
15889 18057
14145 18919
23327 13947
21429 22841
19431 18915
12677 16874
14015 10049
9395 727
9371 19738
10349 4789
19093 20926
7142 6482
22942 5414
15361 13831
15668 11702
18388 1148
24906 12149
8607 1472
18882 310
23702 17721
22523 8587
22096 755
24010 8295
8870 4383
10499 19328
20987 26849
5909 26239
21423 21098
7141 7116
25989 12602
10577 8995
6787 17587
8499 13241
27197 5814
9008 17282
26682 7518
14005 2988
23948 2192
6822 10701
17156 21571
12712 7127
22263 13300
11150 21969
6264 22659
14169 24090
23875 14273
14463 24841
12728 6580
11313 23333
12280 8435
16538 15542
6620 2317
25906 18894
23951 5687
17048 278
24356 11566
6789 14760
20170 21655
9837 16450
11025 15581
9081 26274
6707 21454
21156 19318
21344 13945
21405 24589
26264 5353
21832 24609
6324 11652
14189 11644
25008 998
18934 4179
13447 17762
9324 19734
6210 23
6296 4517
22293 3900
20457 27205
26617 5920
15141 658
16756 11758
11943 25056
7208 23786
10485 26245
7572 27212
14803 7101
17035 22915
8573 11765
10917 21779
21650 3313
17480 24094
26850 12287
17046 650
11387 25458
17777 15394
18050 21756
18334 23318
10710 20388
6070 27355
5967 17134
11427 11659
23598 3497
7305 2353
22332 25296
25604 17385
24210 3666
15445 7099
26424 14174
17089 139
14743 27323
20753 27512
26074 12294
20397 18206
13135 2880
5524 12870
15808 9641
8387 15900
9670 9618
15373 27366
11622 11448
11750 23183
14247 6349
9110 9687
15231 13424
27247 15528
11610 223
16419 10561
7263 15017
12930 12545
23715 5121
12495 7955
21374 10397
7584 25465
10702 12368
6420 11939
10114 10818
19281 6224
22145 12518
22328 1402
16301 15788
13428 2456
22060 11411
21451 13721
18787 3467
6461 9937
16971 6094
18458 3222
17207 22240
6450 2311
24127 11169
27025 20413
13795 14346
26651 9921
21304 17221
18176 23675
12685 22020
15250 7509
19775 16775
5409 601
26836 22758
8451 7789
14450 21626
24183 17916
14757 678
24744 26963
23326 11178
6341 247
12305 9344
23592 24665
20746 11790
19577 20773
25639 20265
15741 6746
23301 15176
16038 435
7143 18145
25214 21311
9510 19984
21210 5544
16665 15984
8091 24942
18490 2590
26920 10300
19357 5827
24950 23058
22433 3909
22451 6014
9065 11723
22998 23165
7835 5406
15788 20767
25741 4565
8264 10180
12092 13682
5858 13153
15238 19157
14657 21539
15711 20278
7860 11756
21129 16066
15894 21489
7691 5497
5916 14516
20487 20585
23150 25715
9555 1022
17185 8665
6363 5887
22466 22795
17936 15426
10859 23502
24458 17047
23642 6113
13564 13738
8659 6142
26569 25826
18753 24043
17121 12352
17426 14287
18216 10224
7442 21830
13442 5157
23307 7300
16059 20582
24900 15808
6758 22495
20304 20817
21817 7843
18297 26797
13004 15591
22335 17025
25091 21275
15135 9944
20402 15769
18391 1455
15828 342
20340 10286
27608 763
18849 18216
7657 24126
23886 9287
20060 20791
14423 951
16256 18541
23415 19039
9104 18782
15017 3997
14741 9860
20180 8380
6142 14969
9780 8661
23813 16095
6217 1128
27159 4470
11460 21594
13455 25344
21481 12146
14482 16914
23765 565
24075 6078
8297 3510
21002 9515
6185 7181
13763 3446
8493 16992
12046 18975
11360 5186
19094 2789
12724 26074
16810 22914
13666 3950
9382 21501
19512 26181
10215 8535
17374 14154
25759 16912
11063 8673
20540 5987
6357 380
15844 17835
10294 6354
6308 15284
26589 3821
24527 647
9211 9166
21431 18542
8232 15599
10354 10649
14884 6079
19052 6761
22389 1596
5817 9404
11006 19390
16030 6353
20451 6948
16991 17718
13384 25513
24799 13746
20073 27401
22016 15643
17171 18065
24303 25164
16860 7216
7516 12815
6665 1697
7372 3332
9813 13666
18643 6845
7760 17048
10461 18519
5461 3
17341 5933
21153 26256
6238 21469
21179 12926
23127 14060
10810 20190
6937 25767
24485 14370
15175 11847
15564 9459
5487 27173
19901 27331
26491 4851
27675 3820
10176 3747
16267 70
24766 19694
6863 17163
15280 20606
20298 1725
26743 19004
19095 12224
26160 11680
27031 22467
27544 13503
23202 27450
11681 2316
20385 16068
6043 16256
18395 10883
16840 23769
11219 19761
5418 9903
5427 9182
26363 7309
20398 22802
15186 20611
20291 19831
17520 16478
8720 21916
13711 8078
14038 27155
22567 27345
7530 18704
21776 26326
15127 1792
7688 26198
10761 23700
10494 19846
20248 12668
9829 3427
23364 8598
26312 17155
12414 6464
14494 7333
6392 2783
10408 11528
14162 5351
24700 25666
24180 18124
8598 23020
27325 14108
23066 10655
20725 1759
8450 986
10797 17856
17607 10203
27539 352
10941 22400
12646 22506
27434 15460
12281 24156
16951 163
21053 7783
17151 8806
21173 1989
16829 1612
12077 14683
6091 9706
16696 12476
19968 16707
13435 8809
24921 22807
23817 6522
17553 1212
5440 22775
13434 15555
23907 15712
9049 540
10918 24328
18680 20599
17681 1741
22223 3976
24394 17198
15299 2366
26934 13142
18223 27098
8717 12321
10549 5321
17382 22836
13349 612
19709 5785
18734 27166
6570 19621
11085 23548
22798 20762
10542 15980
17395 1997
12964 19751
13392 17244
12551 19586
15312 4651
9200 14275
12846 24415
17706 8421
15246 12641
25394 17249
10319 6376
25001 13847
22398 13306
17804 25949
8694 27181
14123 19937
21954 9936
14604 25351
8315 16103
25245 9189
24743 13853
14508 5612
11127 3458
15271 11486
5447 8905
6496 15919
8798 14106
15714 6717
13874 26203
8536 15233
17220 15301
8088 22792
14738 11471
16348 24068
9376 9325
23822 1174
22206 17097
14168 2266
18414 16868
19983 19997
19026 11512
14464 984
25397 10513
6334 12302
12584 1182
10837 17943
5808 10886
10847 16048
7524 16036
10211 9628
9319 21757
12076 9014
22666 13156
6207 1089
21488 7698
9069 7748
20478 14797
27463 16887
6845 9258
22062 16346
20766 22365
8092 5970
8289 14874
7675 25110
12583 6175
5449 15204
17540 2424
12288 776
9345 2336
22030 21239
7419 6156
24845 14177
8280 11234
7641 11195
15839 22220
5801 576
7081 9956
26936 25554
26375 24781
15325 25407
24227 19104
6831 24655
16384 9546
6786 2039
18677 662
7388 24958
17401 3890
24670 27525
11450 12667
25658 7283
20256 24713
15008 3231
21163 7594
6655 2094
19452 22152
25629 2821
18145 10167
5609 3329
16465 22818
11584 3915
13152 25046
17543 2814
27135 23646
8051 13472
27105 9538
10167 8268
18525 1040
11057 12386
23455 26474
27688 26648
11614 9402
8050 20449
18956 25167
22158 27446
25136 12230
11377 15888
18355 3392
9300 7368
20254 5837
23200 59
13105 9979
6921 5229
19092 10846
19711 15456
15002 26316
7921 15
17375 5904
5532 2654
16508 17383
15129 15077
19352 14256
21407 26841
17528 13357
27030 26328
26146 2292
25968 1666
15648 474
8594 27574
8114 8401
13575 24782
8350 27042
13702 293
8429 9259
13907 10834
13566 1582
17892 11045
26050 13937
15586 19307
14660 7663
13939 22129
5991 16705
8662 11778
6476 18616
11854 27399
24073 11685
8479 24368
15661 6569
17280 6356
7671 18759
5739 16328
27029 25237
6031 2946
22249 15906
10656 20009
13978 6037
7015 16071
21230 19670
27334 2582
15579 18807
24839 27199
9122 127
10102 25778
17261 12025
12935 23816
6711 1679
15652 13041
18437 1566
25336 19284
22564 12413
22834 14291
7014 19317
8679 390
7748 20670
15921 5535
13229 11470
9852 14640
7730 10299
19766 4467
24570 12254
26065 20163
21371 22105
15999 2777
5414 11138
7451 24727
21404 20653
10597 25866
16083 26046
8610 12790
27559 24380
7872 17852
12566 21099
6556 25003
8649 21049
6703 19383
10080 1183
22790 9664
19881 210
8001 12067
22183 24158
6811 12391
7192 10041
19727 5284
10799 9268
27546 20583
21360 5087
6985 27193
19567 136
10808 15861
11113 24850
16015 2466
22844 24902
20683 15287
16150 14550
19002 25071
14614 27769
23058 8314
21336 5029
13495 26910
18783 194
20185 5123
19541 21824
17912 6815
6053 10535
21590 16250
15582 13949
18097 6822
9426 26485
16666 9574
9822 17620
15720 18340
23372 21584
21081 19397
22927 14702
5925 24941
27319 587
13131 12218
11192 1374
23125 10527
20957 3688
22602 10813
26940 21807
27582 13687
22025 3398
8746 16322
18270 175
18151 14171
8328 4832
10513 10084
15153 17777
12054 12103
14532 6106
24531 12639
10182 16289
19284 18283
23717 25773
9084 20833
14064 5067
16436 1234
14518 19385
27443 6293
17096 14840
15150 20401
19909 22113
15270 25957
22015 19457
5923 26107
22495 21728
19250 4685
12855 26192
25542 21768
18707 1495
5394 10061
14347 19919
12590 23355
12755 4173
20851 27613
8896 9058
14560 24707
7783 17469
15421 5770
10251 7791
6305 23635
21937 6194
12270 12421
6380 27607
27487 7847
8332 24869
12431 15568
14877 20277
13781 11898
26191 929
13331 10590
6478 20747
16899 14137
19407 5182
23647 21283
21814 18433
21955 3557
10771 7712
20736 5092
21593 8727
8796 16126
15933 4980
27477 11025
9031 12054
13863 2903
18301 3293
26474 27704
26562 4391
27690 433
7235 14222
23940 10997
23211 710
13108 21021
16222 11572
26668 16160
27602 24491
8982 8911
20660 17396
5531 6987
11378 10165
8703 21430
13975 23102
20301 22130
21031 7464
17501 11339
26466 8207
6127 7282
5489 2963
24749 13589
14474 23148
27048 2964
17149 20505
17446 5985
25174 4056
19858 16040
18704 20001
7363 6057
17330 821
14485 5214
5540 10107
7847 25250
13628 13711
13984 1621
5695 6621
5486 19429
10366 26150
6646 16301
14089 14613
14411 7375
17221 18632
11630 172
7044 19609
6988 5081
11285 18220
5904 12880
21566 25014
6526 14022
21369 11771
17111 21287
20481 12634
6248 24472
8018 23543
11030 14072
18894 11535
27173 7927
14130 24895
8785 19967
6573 314
13011 15722
9109 11243
6301 5268
16253 13456
19225 25207
18609 20537
6164 20693
16643 27026
20424 12618
15869 4421
20539 1632
22662 12157
9365 17997
14740 5988
20006 25552
14106 1270
24540 25859
12090 17328
6482 14303
20890 26731
14553 17863
23198 13975
9390 3180
22128 11785
20633 19531
15641 16917
12004 17177
22954 5314
26108 20179
11260 345
13145 20914
7038 5997
22491 27430
13432 16588
7888 3571
6970 15760
6977 3596
8887 14976
5700 27545
12932 5550
12996 25456
20353 14638
19313 21886
20153 15442
23922 4595
8073 12108
23961 17692
13244 27091
15974 19228
10547 20250
6969 8549
17841 3607
7285 3353
6820 27332
11845 7978
18036 10231
17587 27460
10997 25158
6633 24859
5644 12610
22707 23778
26854 14892
10189 17807
23481 7482
9010 19196
16828 5779
23014 21668
23826 16367
19342 17211
22221 20551
26145 11938
15556 24049
6800 6676
20230 23737
20711 9790
26858 17141
6563 9838
6242 21948
22301 364
13460 6253
24211 25301
7834 18033
18494 24546
8583 23363
24360 10615
15845 16802
27766 13968
12025 14878
9797 9856
11873 9577
19754 15869
10370 4319
22227 10474
6112 5979
6500 10660
9322 2374
14182 15181
26301 2843
11526 26466
24086 21883
15911 6232
10713 23703
12068 16745
11631 12669
14387 20931
13525 6640
27035 22294
20416 10112
23585 1919
6201 21667
24966 7066
27206 19534
12020 11788
22098 3825
13087 11531
15906 6020
19478 4069
27458 21554
24573 17749
11691 14145
16820 12383
14334 5636
6141 4230
9669 14728
23719 20130
26602 12606
11814 15688
11109 13794
22863 17073
7711 4540
18422 26391
6223 21842
21195 27090
15242 14096
5501 10836
6092 14782
7858 5046
9566 22349
22300 18352
9267 10935
13420 9536
15986 8686
6200 7429
13993 131
20186 11888
23144 9851
15776 22074
26038 13959
14637 9973
18262 4994
23856 7265
7233 12260
6546 3958
7699 6076
13905 18212
18673 1536
15484 6517
13127 5688
11066 2323
24230 7319
23550 21802
7702 23109
11949 3487
7725 10289
27491 27530
20356 11291
15824 12275
12412 24397
6940 26942
9730 25105
19719 1149
6111 18942
18619 23056
21279 24179
11004 20240
9012 21328
27348 18761
27543 14133
13540 21967
21504 13498
11253 1020
6867 17920
9789 23366
27179 10912
16707 9727
25827 14265
23524 14886
17053 18131
16235 623
7356 6100
5966 18842
21885 23739
22963 1607
5815 24525
11317 18089
19169 3364
5446 5645
17699 5709
25679 5561
17588 3775
21193 17364
18915 1958
5868 26344
20674 26318
5599 8467
20354 2968
23878 15750
11472 16421
13094 15462
15025 8632
27722 5071
9340 2927
21456 6749
14277 23530
8069 990
13501 4259
5460 9096
17433 5649
24204 13693
10404 20348
6491 7047
6972 12070
15006 13139
14864 6484
18777 11628
13005 16403
13707 12305
8814 24617
13715 26822
8620 4931
8343 10267
8724 4105
16716 1202
10572 13058
15865 4207
16807 20702
16893 11424
16346 3470
10634 26956
11980 13309
23256 16060
18567 24530
17903 20985
23233 22829
24137 21912
24486 22188
7013 5201
19483 11010
19926 10888
24557 7525
6012 14942
8978 18515
5516 26232
25451 19038
14370 13275
12474 12615
23758 26184
15890 10425
17100 24410
27200 14255
19495 27050
21004 26789
18642 14973
23923 21736
19253 26988
16045 5138
15190 12913
11675 15137
13576 11493
14591 568
27441 8656
5431 4756
16271 15441
10288 22330
27352 16580
21556 19887
13671 11110
20016 1393
15187 14937
14362 5403
13282 22014
15565 3728
16636 9868
13052 457
12059 17971
16605 8021
27117 26718
8469 6029
10437 16606
19927 10185
18474 9991
14455 6572
25402 19695
5807 9506
22019 5312
14088 17934
18234 22120
19485 11254
15968 9318
23021 13429
15277 3360
6287 18314
20820 25103
15191 18660
12064 6244
15812 16366
15871 6455
10814 12560
15899 17202
8222 22885
5848 25181
12034 18830
10612 2023
5402 20092
12528 1323
9876 8786
16959 26392
24037 15569
20786 1709
7658 22128
8102 3832
19382 4178
5796 14286
5691 9281
15345 21714
19165 13926
14894 21394
19167 20013
17829 23730
27470 4564
15170 2037
26587 15778
15140 15829
18984 26796
13667 5049
17488 10153
18855 19491
8444 5210
11573 22028
5737 27624
20896 16904
11314 19067
9973 3504
8718 23717
21131 9399
18589 5753
12684 6551
21730 20654
7886 17347
17467 22027
23358 20860
14481 21823
20912 10896
22883 7711
18897 9274
14701 25362
16087 26292
14433 2568
13155 1903
11798 19979
20123 13893
25310 22412
25611 10303
26123 9698
18684 21091
7722 3867
8082 2731
9042 8399
11363 20491
24225 22244
17056 4830
25349 27439
13412 25266
23418 27389
23602 18634
9742 6186
24071 19572
5615 23938
16072 3175
12713 8262
9987 8717
6799 5953
19074 23234
26626 14617
11633 8387
11149 21531
20981 1190
21833 8273
26548 17365
6093 13485
16302 25823
23199 17914
15263 19800
25955 25283
5494 13950
15117 11919
20663 3072
21184 20847
27515 16938
23417 8915
5652 27089
16586 8924
22186 24118
18252 1191
26959 21368
9373 15913
10289 15811
19061 25008
6032 3677
19195 10437
11379 22551
20925 12719
5749 24835
13951 11936
15402 16535
11475 20633
24878 16987
9040 20973
9486 9779
22044 19596
21182 27004
25316 5374
22525 7961
20306 13410
11637 7588
15365 11315
18480 27750
5391 6064
9589 18664
23308 15397
15481 23603
24651 27762
11571 27642
19012 12917
20473 21358
9168 2906
21294 13872
16198 5143
16136 19123
13461 18789
15212 4486
17241 2519
14903 18463
18719 8430
10083 25653
16600 16512
15916 12114
15697 25789
16428 11163
26263 26140
20713 22457
21057 6811
7961 1580
24637 13998
18174 1966
15835 17987
7878 22099
6390 17206
20166 21130
23096 20522
17453 2787
25055 15824
9108 22370
8227 1635
13247 13765
23056 12842
18515 7834
6805 18540
18468 17574
24263 12013
6439 12496
21022 1450
14679 14692
25669 999
8443 13741
13452 21565
13885 14134
27464 25547
17170 17112
5444 10986
14580 1027
18331 19297
10519 5667
6189 7557
9339 9315
17851 19431
13258 2739
14965 17923
7399 14350
5794 7517
19068 18459
13386 12982
20707 18834
12664 6160
22849 15309
14586 16897
16653 16791
18645 6791
8228 7786
19387 17788
15938 16888
9613 17218
6950 221
27262 26881
9436 432
22541 17570
8292 19909
26392 7317
6810 4802
17538 25688
21375 27486
20991 26576
13860 7364
8365 11852
16063 2140
13549 17475
14651 15260
7638 12663
8363 18229
6942 17464
17215 17377
6695 12989
12912 15498
14190 15053
13365 18745
16148 4032
17255 8270
8070 21630
17272 4711
8455 6477
24930 8758
22460 3699
8265 2372
18519 3569
22557 583
11168 7291
16993 17742
18764 23954
22278 1023
25159 7280
24125 19969
24960 12987
8799 14952
9204 9054
10284 14017
6129 26688
16029 3219
25296 25776
21361 25568
7575 24285
18347 17926
15672 19232
15024 17046
19729 17963
8533 17999
8155 74
18248 6032
10484 738
12572 11157
5545 12122
16053 19366
5741 13111
16821 2212
9841 16354
15637 20733
12840 27590
19335 6420
21647 17830
5893 20692
21398 27360
11768 26612
5651 27670
9173 10871
26069 2476
17529 25669
11632 1851
8907 21473
11982 14798
10636 12597
16770 22379
19556 17064
18653 7395
6951 640
11721 6002
23351 1464
20271 18619
6530 16622
21293 22549
12148 26338
13924 7836
9590 10584
16891 25080
7991 18296
6306 11551
18122 5629
26073 4431
12714 2161
22627 1085
10728 22667
11114 12359
16649 5956
9174 3562
21333 23335
9360 16067
27255 15210
14075 9336
23072 20714
19676 13649
24092 10549
5699 4658
21325 7281
27497 6653
26355 14490
6517 10695
18370 11798
10756 7979
23679 1155
16479 8296
26774 20644
8305 25116
22661 14926
15382 24590
7674 19660
9224 2509
12501 10375
6542 5771
14988 2465
5503 1529
7539 1482
24722 5082
11506 13812
14161 22373
12304 22177
9330 7522
9995 18728
13240 3827
27413 8444
15298 13935
19585 19770
9270 14940
6047 1776
13307 25812
6479 11338
20757 18342
18328 14089
6757 8513
21372 12293
12494 21544
18047 7713
11414 24871
26921 20956
8984 6054
20982 22634
20429 24110
22231 3777
27709 3203
10952 24505
23207 23628
13111 1062
27130 8904
22588 24370
15471 524
6473 13290
15449 7418
17153 17099
24266 22083
26999 27
20748 7897
13429 27035
12490 13940
5819 10969
17713 17512
14280 22955
13600 13360
17724 16662
25146 13828
11255 23307
18948 16768
25104 507
26861 8537
7351 13557
27007 9899
21988 27753
10704 22278
6400 3397
8688 3789
24614 26695
17923 16222
13611 2291
11749 21396
16217 10134
20201 22377
13467 14186
6054 27529
11190 18180
7066 2324
10227 1515
5982 2721
25812 15253
10512 23166
13060 12952
15614 21078
27426 18708
17816 18763
7532 18772
20498 12083
9413 25232
6424 16135
23138 12328
24106 25603
9341 12440
24437 26356
10555 20605
26884 8681
15628 3843
11848 24733
27519 8523
9355 22378
14212 2262
22821 3056
20747 1290
16712 16881
10209 2847
8722 26564
12120 4979
7896 25741
25177 23308
10337 9603
18228 24826
18518 27455
19306 3161
19222 11537
8876 10749
12202 6726
17075 18225
6322 931
25140 20895
18236 2680
7916 27569
13742 6288
15026 12435
9583 13883
5812 5043
12080 8510
14721 10743
8660 10436
10718 6250
9640 27170
13112 25971
24602 17307
21221 11820
7614 16064
16034 12949
11291 23251
26334 10627
11598 19234
23363 24106
12690 10183
14788 15439
10507 18451
13895 6681
16305 11793
12861 3267
15482 15530
26865 14211
16731 6784
24011 8909
19726 13944
22980 1931
25900 26704
20792 20503
10457 17775
23838 14302
11774 27320
23874 14344
25286 14954
10801 26031
12610 4377
6178 9477
15219 1789
9297 21845
19153 7141
25534 3146
20593 24808
18359 14343
21439 12030
16970 19982
10551 26158
25388 15076
6297 25695
7003 4500
10968 25130
23282 21024
19097 3848
15988 2014
21205 24748
10874 19212
19351 17022
20772 5613
10456 22797
10524 23320
7274 7070
9009 27548
6653 9640
10595 6362
8340 25309
18195 9761
24194 20242
18795 27251
22185 24953
27660 4311
17702 11601
27251 21729
22837 26345
9265 19717
17138 1724
5686 25069
21699 15143
17288 27514
17200 19469
14245 11439
9609 439
22113 1274
12603 6630
6947 24671
8595 14795
20255 26437
18492 5408
27536 23227
6272 26545
16439 21877
8453 9377
11552 22496
17228 25215
21201 25929
23105 24054
11115 11272
5823 19772
23595 21480
11146 1699
17728 22502
12781 12132
9791 26925
5958 9791
21657 10151
18060 2271
15044 8820
11576 25480
11761 13514
19948 2604
25780 11294
6715 5491
21624 1575
7006 9457
18433 6703
16999 24756
24673 19464
14700 18376
27019 17324
6739 13681
19458 11589
25371 20134
14821 6358
5865 572
16774 11649
7436 21888
24913 3633
18664 815
19590 1590
13794 17268
5480 2930
21552 12482
9832 2718
26929 9960
19466 24845
16450 15566
20112 5350
10483 24207
19971 5888
24397 4617
6061 3002
26364 27021
7048 24264
21100 16479
21006 26469
19448 26251
27054 2141
14201 14007
22604 11606
27566 4301
21202 307
20735 21212
16599 14402
12987 15884
15458 13910
17541 18066
11293 18608
13324 22567
6927 20301
21901 4759
8110 26119
18771 8987
15846 24804
9863 7371
22290 16510
11094 4094
24166 20290
21716 12909
16009 19052
10714 22229
14491 27758
12135 21410
24340 16761
14810 2190
6467 20159
15961 9976
6040 8400
22988 6112
7577 527
13508 5855
15679 778
19586 21362
21370 22536
15332 7690
12974 1111
17740 6926
23333 22864
17183 20270
6637 23673
27590 5326
11452 7023
21840 8802
5600 19835
20130 15681
8993 14091
16282 3956
14288 4829
18081 7856
13289 25924
6240 3522
21329 8597
17723 14085
22948 23537
13343 20502
16258 2257
25762 8474
11274 11886
6246 6400
14722 19081
10418 3591
25666 18640
17973 24675
16361 1739
15825 23016
6443 23017
13713 9604
10773 10050
6036 3621
13175 13754
7443 18812
13122 17215
20909 24636
20454 9792
16825 15684
21223 6275
6398 6217
10458 15838
24734 18756
15320 19754
14609 14030
23944 7403
17042 14541
15364 3079
20873 4433
20386 5304
15009 8660
22477 10968
8516 22602
27083 12724
22470 10410
10221 561
14535 12546
20635 9476
14163 6680
20472 10837
14232 9492
13941 12575
15076 19239
8300 1671
14215 8920
6634 5206
6979 16047
6508 22137
12439 9501
12504 10172
6682 11541
11295 13855
19735 6428
6768 18371
24221 3164
17818 26511
7254 14009
11433 8113
16296 4485
18378 15430
21847 20823
22595 18659
16164 24297
18282 24716
25122 7481
9825 6396
18857 26100
11582 21785
20749 14432
10140 10250
19518 2090
15523 20953
23051 4128
27231 23956
12316 14917
27687 15212
8075 4672
10919 5490
19081 2830
20296 2150
18041 20636
11279 15957
16827 24635
18827 23616
23729 14441
5399 957
14761 20944
14780 10892
6627 19542
21698 20521
22731 16485
8236 2356
6829 20724
5502 21013
10835 22036
18218 637
9438 2701
27432 21386
5921 1206
16337 20034
14842 18500
11514 9061
20557 16461
18131 22331
12600 5625
6696 16706
16562 15525
5743 10545
9199 23870
10864 14486
11673 7241
8613 23621
25353 18361
8423 24160
12581 7989
26988 5320
22994 13966
22551 2742
6509 23151
20102 16866
13521 1938
8157 8552
10897 14503
17432 13048
11471 20889
24694 16895
14925 16709
23121 21331
24683 25786
26773 26115
6510 1542
17057 9662
17269 9638
15420 23600
7664 17506
12341 19849
7696 20968
17378 3153
25796 6616
5458 22484
13524 23338
26125 23474
12405 10376
21633 7997
12298 11951
18533 14532
19515 9029
15922 16363
6396 5361
10586 19108
5506 26754
18514 18904
6645 5054
5733 22289
14131 2816
6740 3865
25711 9923
23213 2363
9699 25596
9872 21794
6316 26354
19582 20049
12552 13264
22384 4546
12985 19855
15433 24579
21871 11713
13547 8072
11133 24057
14956 217
9768 1736
17468 8461
16796 27397
17139 13328
15735 25418
20924 20006
24823 6571
5552 16695
26692 3027
6564 12336
25132 5828
18649 15127
7537 20172
27018 23236
26924 2017
12262 11709
26706 26554
10154 10434
23276 14761
27573 24375
7138 6891
16088 7149
23431 15240
14816 11204
9689 17322
19981 23902
7861 2233
8345 14065
8427 26417
21758 5450
10205 8221
22836 17378
20588 14250
19939 17492
27360 23831
14881 24793
8562 6632
16002 4965
22226 17899
12697 14456
25053 17802
24592 26727
20034 27443
14202 14843
6181 7918
13506 23943
16249 8234
14117 14801
22078 6177
5698 10939
18883 22097
10558 8330
23568 19863
10991 7354
12613 4739
22108 6260
6183 24583
15197 7533
10620 22971
12134 11033
27634 9645
9333 8179
21749 2686
21399 17234
18120 16300
7746 21927
15680 22661
27114 22813
25969 4942
5744 12537
27707 1990
15540 16034
16447 20500
15248 20482
9124 26597
12314 23624
15377 2991
26198 9748
18957 25763
7133 5886
24945 25534
15119 10225
15510 21355
11001 4523
27022 7433
11758 15992
8582 1774
18946 10075
16141 6004
14451 6398
22339 17557
19899 23708
12096 26640
7562 9675
11809 3413
15359 22236
18189 2066
21483 9464
18316 3424
24040 8933
13511 17599
25922 27520
10879 27061
15033 2318
6797 8927
21786 17890
12455 4993
16414 5464
19069 27081
12602 7558
5522 21536
16318 23134
26814 7200
24707 14444
15167 13761
14278 5763
27146 8638
13659 16200
20816 25610
24376 5918
10386 3080
22307 27429
17689 24301
21551 19796
17878 8397
18162 14571
14678 14965
24702 27731
7398 11089
9495 12514
22955 18857
12986 23175
15908 15467
15539 21717
8848 20646
6857 12900
20292 17930
11865 24405
22727 13928
23862 24512
8179 8502
26007 4571
27751 5493
20871 5460
7345 3929
12973 948
8903 17865
24513 16282
21160 7384
22306 14890
8370 27620
23038 7779
22626 26034
27342 14114
17865 1358
24516 26717
5930 14036
22029 25276
14909 12231
20619 27222
15027 3169
14118 2423
14893 8427
20329 6172
17476 18213
14682 22472
17939 2705
7297 18740
6817 22444
16255 20101
15613 14897
16440 4223
17733 24357
27368 8064
23451 21353
7898 23623
21331 14306
6433 18483
23383 18574
8561 5044
7948 9731
8846 2642
18774 1718
6514 18712
6924 11240
22385 19047
21934 24685
10932 17941
10834 23966
12688 4772
22213 8142
15620 17906
23731 27537
22215 13344
21383 19844
20468 3756
6685 8953
23974 3710
17827 10132
11617 17702
20265 21746
22633 20856
14745 18336
27626 22159
7955 12354
11105 3578
14293 26050
16041 14010
14589 696
17058 16246
26703 12453
16887 20479
12509 21062
18392 12938
21612 11867
13577 25940
14409 2162
11485 16889
21620 10215
15682 3696
24587 13186
21302 18053
7958 13809
12539 6924
16094 17164
5724 8008
9909 13886
7899 23185
15374 10249
20332 12565
12587 20893
12797 19190
18305 16765
6765 9660
14213 27602
26008 15300
9795 2925
27534 1836
23885 1964
19753 12820
18954 13297
26847 9934
25965 22250
14910 20019
10760 808
8388 779
7743 9169
15975 4219
21661 25495
23487 23587
14286 16969
14393 5748
25455 9009
12872 5720
5510 16844
16203 173
23683 11461
13339 23554
20442 3051
14698 2012
13200 4323
12019 23973
14175 7198
18237 10938
23245 3542
13823 24584
25261 4871
26383 15583
11151 3434
5518 10461
14983 1033
25980 11356
16449 16752
21192 22093
15512 19934
14073 11643
9195 2328
19970 22134
18280 12748
6274 19890
7717 21067
16660 18913
27478 5950
24968 6781
5882 1928
23692 8369
13314 2793
25902 17982
8301 17410
15012 24200
17420 7049
10160 2910
11382 21982
25866 2974
25674 14448
9083 18752
27537 7750
22372 13307
19849 2006
25050 5803
6539 3644
22882 2057
22536 22725
18066 16843
20330 15255
26927 1253
22545 2295
24282 12451
22358 4278
8331 6478
6034 18642
9480 15858
17076 10762
20590 8747
15055 10805
10136 22684
9180 15160
20394 24143
19759 1431
17683 22718
27724 16928
21574 23498
11244 14750
27706 16493
14625 10571
20127 26861
5619 20818
13194 19124
11299 285
9151 11422
20479 8233
25871 5792
12200 1940
8695 13784
18635 13303
10836 8456
18657 3534
12493 18284
22413 21781
14193 14381
13626 8811
9840 18903
26855 1510
23999 16280
26469 21899
22484 9094
16200 25054
11106 13915
18611 291
12701 27094
6506 20448
9101 4934
10100 25719
10548 26674
9672 12975
22603 11813
24088 26972
22839 384
6939 15533
24988 21822
10161 13974
18088 20040
18878 1241
16819 9602
10419 24346
22846 23630
14355 19506
27398 22944
7982 23808
23695 4295
18692 18100
17711 9070
24193 8503
12287 17826
15395 16281
22095 12802
24603 10016
14674 17598
26917 27002
19416 24509
22031 5876
26002 13636
5517 16032
23591 708
26060 1704
26378 14418
18944 22031
16530 20118
15920 8992
14732 15642
5786 22905
26174 151
17934 20997
16369 9027
17679 20937
17195 13367
16531 24917
24195 21370
14920 18188
14529 10317
10965 24806
19644 22257
9187 7551
5515 22947
10696 2891
25831 22653
14412 2237
18096 12499
17510 23979
9654 23591
10396 26773
13449 12092
17986 1138
12258 3362
9505 17201
6155 23753
18695 23762
12284 21913
15078 23546
21213 24190
12155 23806
8084 5695
15634 12501
17077 24259
26835 25450
27136 21575
20000 6394
7705 1726
7740 4300
8162 13207
11658 14781
11243 16431
15080 11697
26843 5435
15302 14659
25654 25357
23225 19512
6381 3035
14447 15011
14809 17111
14321 19046
19348 14628
14817 5502
21367 16908
22728 25601
11406 26759
23594 21233
19340 22926
20365 1361
6281 11410
13170 19833
5451 10765
17575 20107
27157 25200
21608 5976
22544 9652
14590 13727
15072 27386
10063 15796
25062 2410
16459 21997
22782 20809
9329 19808
22941 3249
7738 3281
17788 25074
20783 14386
14094 12414
8696 18813
17180 8829
9643 20023
7595 24503
8383 159
23434 26696
20355 14436
11461 22778
21548 17773
9716 4368
6712 24815
7719 26007
8879 5806
25584 3506
21946 11988
18972 13680
24471 25529
9160 3309
26930 15293
18032 12056
17157 4591
11674 21959
21685 19444
14008 19164
7954 20306
20013 18939
7653 133
8873 4134
15200 10946
16750 18049
7703 27440
20822 4596
10058 1912
11834 463
15700 23684
21996 26644
8121 26273
12695 13909
8262 10634
20906 23655
19852 12530
8901 6884
5565 20902
12497 9967
20603 26026
25926 2284
10013 10054
26081 17664
21902 19439
5922 19560
14592 24695
7571 18478
10070 8951
18772 10126
19072 8103
13857 10530
14115 6446
7253 19783
11080 10664
14527 10766
6544 7421
12299 23934
23857 12696
5929 8190
9574 20144
17704 12638
24028 18587
22964 16936
9415 11750
27472 14869
9368 13698
10865 5340
21270 19829
22576 17207
19066 7971
14865 5949
10395 1711
21328 22575
14449 7694
15646 16849
11826 21616
18100 25939
18599 15920
8311 4349
6161 25925
6505 10819
23742 21890
7914 2855
10332 20879
20741 12460
11738 5655
9090 5146
19976 22437
6271 16106
26017 18953
5899 24932
21024 1312
21427 333
10159 7593
6360 11324
24059 23837
21112 22804
9803 14419
9217 9142
12125 23977
8475 17637
17782 14814
6078 4452
8892 24918
20110 25300
11880 15868
27068 14161
12356 22942
25168 2607
18472 20897
25418 13407
10785 10198
27245 3167
7332 18884
15749 12866
27577 11176
16722 6183
22071 6783
14364 3613
5785 20629
20350 20126
5533 2613
27538 718
9675 2661
19686 9060
20177 8961
10588 12270
12129 2420
11876 25631
16661 181
5693 12944
11777 25935
17176 5508
6457 305
17736 2506
22678 24699
11886 20927
21949 992
21926 5089
21296 23246
21861 22969
17662 15997
23352 26121
9997 10255
25865 14930
8325 16009
22403 5758
7093 11681
10252 22292
7846 5934
22091 23462
17888 5077
19521 26587
15154 4196
7535 4172
8727 25379
5634 11044
19526 18215
25581 7540
12109 22339
21126 8887
14935 17875
23119 10278
5597 6378
6058 16659
24977 5973
16140 35
20412 11561
6455 17222
12594 14396
21571 24625
11742 21566
11185 19732
14552 25133
6475 11049
14309 5202
6962 2874
17693 1003
5881 8558
13836 17725
19338 2945
8215 11276
7950 1578
14658 6725
6967 575
11568 5222
20594 8999
9935 11340
24068 25968
7815 277
11310 16835
21056 19871
10225 11768
9698 15370
8466 7622
16676 11884
27286 20921
9085 17645
17123 3501
15488 15959
25772 9959
7855 13783
25348 14261
6329 2536
21299 4092
12110 15604
7949 1850
22246 12098
26552 21097
23565 20184
21529 7454
24403 13667
25417 4510
11374 10035
12045 18661
10138 23248
10550 11348
5530 5978
23657 7991
21881 21252
15480 20589
6794 5124
6981 3543
13007 26801
21214 376
19073 8698
14390 22708
25967 11782
8156 26959
9464 25472
15038 26669
17547 19819
5454 3308
10285 20195
12074 27521
8981 6272
18621 18508
6307 12353
26209 17896
14465 26187
5980 7747
12089 18138
22194 11132
15367 22183
8835 9843
15093 20027
25622 21236
21482 22979
27044 12556
15319 2126
10848 26327
12265 6167
19488 25065
10193 15172
6359 7914
9903 26060
12277 6754
27305 11604
25135 11792
20114 22078
13158 27496
11956 24776
21821 18272
27648 16547
14279 27398
18987 837
17307 7717
27217 9630
12456 17384
19332 6165
17573 23181
12675 15445
19835 2591
13736 17374
20833 8586
12243 20539
11575 7137
16065 5900
11558 17939
23404 25120
17471 17840
5890 2710
13438 16939
8535 14061
11871 22038
8543 5756
20781 885
14413 16635
20665 13114
23085 2583
22312 15437
5975 15603
24800 3917
26963 10824
20414 17859
12529 20494
24549 2062
13018 3376
7622 1427
18709 15159
27032 26509
20094 4314
5849 16809
9664 4057
23474 11880
8368 15075
6276 19463
15695 20336
13916 24427
24706 6915
7022 21701
15953 16051
9878 12248
6890 13776
24478 25308
8748 7784
22251 19656
11477 6421
22349 11584
7082 6592
18078 14109
17155 19000
20415 26035
20467 14293
15787 7647
21258 26635
21191 4154
12749 18753
24907 15923
11009 21900
9572 19487
15053 19873
15663 12447
8842 8835
16515 1035
23011 18966
16838 3214
27281 3768
23644 12410
20440 20340
24179 3194
5621 15004
16445 13702
10660 11976
19984 9756
17287 21145
10983 10908
16697 2132
17653 26159
17003 16621
13745 2475
18977 6696
16028 6994
9491 20127
9842 3238
19648 16391
24151 19643
13574 15597
21507 16587
8922 11158
5543 6241
10081 12955
12290 23996
5594 9866
10475 16891
9269 10807
27345 15101
13110 8790
14914 13603
11397 13594
22225 23380
13503 21995
10839 27421
9700 22022
11833 19375
20198 5783
23219 8501
6278 6133
15800 11456
26669 11174
13746 2091
7549 10321
8307 16150
14503 17439
12927 10556
22344 9869
7315 20358
27620 4396
22406 14048
8733 17578
7330 9245
16884 26958
21402 11337
11699 15759
17831 21045
22198 27406
5830 6309
8947 12845
17393 7892
8654 27712
8274 26610
10030 5587
24940 18907
12762 1599
26080 15461
17991 8730
14289 16842
14629 8098
19030 16506
5641 26473
6626 10287
21323 26916
15872 10707
8642 8341
7395 5609
20776 1765
10060 26672
6949 3300
13245 2232
15344 22239
12296 8858
16942 1122
11824 2260
17618 12587
24118 24647
10957 24667
9940 7132
19998 15131
10347 4107
7975 8305
15184 14999
15797 25249
6401 10311
20042 23990
16995 27556
7292 11237
19740 208
16663 15376
17862 2029
7453 13900
18203 26370
15748 4791
15338 20493
18339 4996
13729 16692
18926 13895
18363 15416
7920 26515
16885 24956
6832 3465
25019 4170
19804 11906
21290 24340
23272 5362
21155 23277
12330 3803
7250 7051
11837 22314
7718 17448
9460 26716
5874 7313
10135 27717
16751 26421
22303 5790
20099 24008
16478 10852
21232 15746
16606 10386
21660 13086
18273 13660
9123 13074
19361 5422
8822 25892
23728 23713
14383 5130
16528 23193
16111 10003
10220 17568
16801 7374
7484 6149
6660 23085
12907 7476
8128 7764
15719 17239
13366 6798
13187 4058
15031 10907
24158 11248
14986 12301
8531 26562
11986 16986
7630 2255
11163 1028
16105 9485
11060 10796
17932 8075
18723 4593
26664 16905
7295 19309
16177 19745
20623 8381
15227 2371
19763 25390
19925 1980
26238 24120
6000 26484
17356 23329
22637 1045
8969 13527
20392 570
23497 407
21283 18523
8336 4478
14284 1848
8309 5264
19460 7009
11714 25828
6059 18443
8200 1995
13430 13382
24185 11028
17995 4922
11302 22108
6243 7272
15034 2433
7692 2584
23470 7438
23074 24663
22660 23260
23751 26089
7755 7780
8258 26820
20302 21582
10540 22720
25110 6252
18907 22571
15068 3379
7174 25746
23689 1998
14611 1397
9913 17967
19203 3283
6605 22946
13700 10485
6744 1608
8826 4780
5854 25380
18106 2696
21695 21699
22034 8554
15722 2941
21276 21327
16578 1078
13970 25442
22137 3609
13531 23709
16400 17008
20905 10023
6616 27370
13785 22909
14556 14451
14291 2293
12870 14248
9573 510
15030 17478
16341 9890
11220 7328
18607 729
19700 1452
12919 23434
19096 14624
18290 9904
7757 17730
23789 22881
21421 19924
21511 6922
6211 21325
7170 5683
19276 12889
15065 12106
17333 21264
16704 4853
14187 19961
7032 16884
19159 15998
7130 13823
18382 18582
9296 27639
12881 21548
10699 9455
14290 18706
16366 13436
13961 18533
7789 23203
24633 21292
15902 4186
20998 19692
17616 10273
12730 26161
6231 15529
17392 4603
21339 419
11689 296
21145 20312
5648 16829
6428 25142
9979 24485
8163 12844
12770 24919
21869 25438
17928 12237
7018 26616
7769 11184
18178 10099
12534 1130
25271 98
9024 7171
5898 15996
21110 25589
16984 16343
10315 5533
18892 19474
15678 18295
11237 3340
10712 5945
19496 25544
21876 17146
17184 20596
14654 4879
11869 21423
18820 5795
18837 23686
15162 24642
21651 23511
8819 2181
22764 26687
9451 16836
17073 25714
23421 20439
13290 9780
24103 872
8920 12282
15561 4499
13770 1454
17801 8033
23108 9266
8217 12685
13622 12595
10587 2967
8692 15761
10821 22799
8827 321
18028 4406
10571 25685
25275 26162
5824 4454
19661 26921
10374 7788
8484 23920
9621 7822
14492 14485
22607 25915
19837 16615
26691 10505
16354 15917
18940 7726
12423 14770
7931 13846
10924 21144
11194 9206
21073 19995
25197 2741
20695 1465
6723 5462
19876 10747
9477 749
27442 13010
20943 10636
19237 27599
18046 27046
21565 15873
22601 9335
15240 1221
15534 12209
13271 5294
19271 12539
6593 8473
21474 23909
14214 26516
10809 18427
5777 10606
9163 10996
22706 19143
20341 3130
23447 15815
10511 17942
18593 24464
18213 7460
23582 21739
23775 15500
18549 5884
7283 22685
14448 20166
10491 4404
17719 22223
16983 8565
15954 4132
17639 19965
6321 25760
8689 7559
22559 27410
8775 21935
21133 11198
18479 26293
9287 26977
14037 14331
21186 9900
25544 18584
8100 11122
22112 3822
6384 19547
18488 16825
16703 16085
16635 8651
20945 11391
6081 10148
25358 21721
16931 15013
11607 111
6798 10432
15956 11009
7448 8741
20616 22305
25586 5175
6709 7501
10867 4447
18929 19266
22642 17070
11016 19539
15360 1034
18802 27427
17397 23157
23829 20173
16953 7083
14440 19616
14866 12332
6170 17874
24207 5617
8211 9633
18584 1702
16556 26952
17834 15948
21568 23750
15736 430
11801 21644
16351 22542
9823 16079
24069 16576
22257 11242
20294 22773
7538 25694
19568 20014
5857 5366
21719 12073
17337 17744
21121 25946
5655 9732
20299 12648
8778 15922
9034 14883
10229 15305
23762 5478
8101 5844
9950 3659
14515 1935
13008 8431
15222 26764
21721 6795
12862 1304
11979 3540
5919 11730
12180 1487
18563 14809
21327 25533
14181 27335
22181 5940
16127 15620
10817 2287
16630 1691
8248 11015
20270 1184
23949 19483
7640 1645
15217 11440
11439 1133
12252 12879
19814 2599
26763 27188
23084 8251
16027 6971
26908 14050
8445 12226
22087 12881
15380 12191
7545 26369
7303 18536
9597 10548
22088 24287
18576 20567
14831 26563
8968 9478
16497 13675
5423 25245
6417 20814
17859 23280
13517 7587
20181 20948
9113 13376
5466 11780
8772 25720
8802 23343
15463 14556
23530 22179
22710 1618
5894 9575
20134 20128
11386 19741
14265 4343
14980 6747
14976 13144
24150 1052
16505 26042
19202 27595
22681 12652
16755 3189
16771 1826
10217 7302
10128 12867
19785 5013
15035 9947
25761 2396
12070 24528
24645 15118
8898 2788
23171 2289
16181 11532
21975 24153
22316 15323
19106 1019
18633 4794
16529 9073
6841 8814
22625 6104
13133 26570
17209 4956
9305 8573
9642 17349
22023 25239
19768 670
13605 20909
22282 21564
17273 20891
5471 18365
18997 6964
13673 1175
16974 2532
7608 6609
10939 10402
9867 18783
22418 2700
5678 18024
10901 6674
21464 23547
12639 25154
21313 10426
12759 6600
20509 23146
20583 19235
19354 17306
18035 19945
8783 18499
19974 22406
17428 3469
20273 7988
10591 421
9790 4321
6339 5595
5426 4335
12941 25975
11784 12235
5702 27456
6212 4333
6540 3982
7024 16579
8024 7707
15016 6095
19955 483
22538 26397
19798 14247
10414 1097
20545 16764
15576 20787
8754 11268
23484 12471
22712 5028
9838 857
27056 1443
16545 306
8527 23732
6227 19781
18372 27342
22816 20650
6990 16808
12904 18249
9303 9101
7353 23073
21785 726
12026 16710
6618 5360
15412 5461
21063 12549
25704 4745
12977 11442
9485 1404
15370 23540
25222 14312
7180 15451
18277 6403
17542 27506
8411 21468
11223 18755
16347 21247
8250 24870
8398 1785
16986 25356
16333 4190
24314 18725
8782 24479
9033 12830
10638 7266
9812 20156
21940 23690
21813 6042
23161 10349
9061 4512
24262 8505
23004 11415
21104 22024
21119 13098
19789 21962
22546 23857
26563 21347
15600 506
10934 16998
12259 21848
24649 25761
18194 9850
9722 6333
16000 4923
11392 14240
18448 27343
10424 6097
7102 10758
10698 47
12073 312
8135 1288
18660 13520
7988 1953
9077 7794
11166 15637
20051 27100
9729 13764
25743 8290
9916 14115
20225 7648
10681 7950
11567 9722
20879 3639
10643 4241
13096 19173
10224 2864
20226 17285
19523 14600
17358 4268
27168 4355
9694 15046
17286 25693
9824 10193
16498 11523
9910 17015
20775 13188
6553 25613
16900 1927
21601 13068
22644 2030
19406 25221
17191 12184
15644 13494
7806 780
14312 6817
25680 10539
19945 7721
8866 16091
7842 2806
9177 5427
17394 26894
12786 23961
21064 21874
16363 11246
15256 8922
10926 21270
23306 14873
17128 16447
8083 6399
14505 15878
18478 16245
8581 24003
16867 12362
13977 7250
8059 26852
20681 22611
16139 24300
22415 22139
7301 11964
8256 9156
21558 25132
10108 18610
24167 19639
24994 12621
21023 19286
23231 4426
24205 26659
10962 20029
10033 20432
21687 661
5918 9087
18260 15660
19743 12547
8592 7486
20178 27274
8023 12312
6991 1123
10363 5787
16418 9463
15355 17235
14373 8087
7461 3741
16943 14488
5550 22814
7267 21629
15792 24578
10329 2837
19034 19471
21674 25882
23648 20962
26389 24873
27607 24547
23371 3341
9391 11446
8745 685
6203 24439
14199 14339
9116 20737
8086 12548
23443 27330
6860 14773
17935 15285
6218 25548
24753 25832
9136 3937
11036 3099
17964 3947
7977 14394
8497 12428
16644 19315
9660 6460
18711 22001
14314 4193
10505 23525
20652 23204
10637 25159
15606 1902
6617 22530
19021 20730
18816 15206
23448 17932
19780 4774
8327 18108
10345 13562
23342 8053
11512 25060
23102 14990
11198 24319
27340 23822
13274 25526
26839 12902
18085 4476
17083 12029
6897 19554
15778 850
26284 20804
20155 5101
23075 14661
9735 20918
21018 16944
26879 8894
8323 20712
9119 13942
21130 21413
23816 22662
23320 11974
6220 9286
22322 15014
11588 21249
21233 9462
19702 10337
21154 232
19141 6751
26817 18593
9674 17216
7475 20078
7756 7729
10169 18444
21268 6036
21682 24254
27131 23653
15993 25416
18819 16283
18021 17722
18351 21682
15799 21203
6097 23279
20476 25896
20742 20835
12945 13097
15948 8687
26672 24208
10430 13751
20435 20387
17524 22645
16014 24628
15662 26072
18905 7898
8704 6981
20209 14139
18049 9556
23422 9211
11501 11985
8832 18446
14979 19679
25028 18092
5569 27698
14057 5131
23338 21586
9293 7814
21607 26976
20039 25081
19742 4663
6737 24533
5428 16725
7284 9932
13859 5593
12558 1720
8260 21018
10044 8019
5658 18171
6416 15341
9393 13551
11122 7818
16640 12574
6282 2075
21969 19960
13114 16731
16399 2504
14180 3357
16064 11092
14649 19803
8761 21152
14396 19690
19468 18577
10071 22916
15816 16594
14775 4290
17062 10877
17332 14870
18406 12821
15847 2620
25483 20499
21561 2485
8593 2365
24738 13282
18539 10100
10442 22243
12702 16520
23055 684
10580 26313
11918 19359
7002 24561
8813 17532
25606 24108
15912 7504
15880 8132
20677 9319
22270 15588
19951 17093
10481 2085
16330 24224
18016 12819
19321 13336
8764 3697
10306 1107
11786 16680
8591 3423
8590 25928
13036 18230
22897 22196
12709 18522
9392 24750
9106 9428
23168 11672
13166 13449
12100 23312
17078 1468
24374 11833
23408 15171
18401 17700
8825 20900
8304 16861
7309 25730
5478 5225
18452 19247
7597 27240
16122 8540
21312 7964
19695 9446
26407 20618
20607 6263
12873 9743
21376 168
10295 23354
17636 23202
15584 2297
24353 4187
9325 9441
12710 3147
21005 24122
17539 3363
15189 19712
5767 26191
18267 3098
27084 3990
13457 7617
12900 15336
21017 26870
11403 24174
16421 11922
9496 3157
11665 18843
27723 9803
13197 10189
23081 5992
27156 20046
7598 14264
11164 3471
10765 13313
12667 6326
6957 6412
9600 13486
27099 19954
16382 3734
12906 5716
11221 54
11913 269
18241 20302
13498 16193
21253 4676
24562 1876
7780 15981
22439 20719
10539 4083
11440 25622
14805 27287
21643 12569
15794 11787
24546 12048
22346 11171
16353 6322
20444 17356
19665 7793
14282 14810
19982 26668
16738 9257
15836 17505
8789 26114
19177 10361
18136 3579
8006 5842
7792 27462
5465 23398
22100 16582
22590 1401
21415 16105
17552 1710
12792 3230
9895 4600
18817 26231
17271 3675
12106 7167
5972 10204
20667 21694
17978 2250
7501 12034
18943 18083
21362 11302
15660 21862
9073 4937
23288 24279
5622 16514
11967 24180
20855 18746
7088 1871
14327 2146
10615 2714
6609 15392
17509 16988
24197 1469
18387 13814
23400 19664
18740 22086
20675 14395
6603 5743
17916 21415
12533 8544
25193 5628
5424 7292
9115 20566
15149 11327
8788 9525
11533 12129
20399 9914
6876 599
19220 2340
25699 3948
9581 8038
25528 5234
8490 5300
5564 21803
6132 5420
7072 23445
21200 534
8400 7444
22904 25742
21972 20335
24055 15594
9843 25355
20997 17123
14688 18826
17222 2577
23465 20774
10506 19996
18134 20810
23103 4264
15075 2345
18884 10080
19553 20516
16473 13661
15451 23261
15077 13356
20993 5853
22516 4198
9474 4003
17496 18197
15892 10078
24175 17325
5806 20783
15866 21154
7197 16805
11065 22569
20797 7376
17815 21108
13297 7996
22959 18402
18063 1453
5395 19875
24228 4122
20499 25770
13266 13276
6918 25927
20529 3980
7874 2086
8730 24534
18405 9216
20706 23224
9512 26908
8579 679
10148 17946
10697 8996
6087 22348
15368 17424
11189 27305
17911 10424
18051 18159
6501 8973
24617 18162
9332 18016
8044 20030
16603 21229
23958 5263
7574 5099
23197 22639
7021 4644
8541 15699
17419 16727
14164 13468
21594 20375
18687 7751
9848 21725
13512 20372
11827 22512
14871 25404
7029 451
22058 15985
24135 24251
7464 21780
6193 23908
20919 19663
23360 21662
18082 23319
17568 27734
13987 8617
17854 21199
18986 15453
7335 25520
23861 23064
23636 12834
15609 24128
18313 16411
21086 13260
14703 7561
27201 6848
19411 12392
22140 7337
12375 20942
19825 5165
14596 18538
9955 19182
13444 13970
20077 8194
21180 4856
18754 3652
14868 13703
12486 9673
15158 27007
12918 13228
18858 16508
25386 14032
21239 9239
6804 21120
22274 17652
7786 17754
22383 24836
15599 25516
11748 24592
8141 10724
9244 16670
25069 23969
8506 862
20004 24281
21012 23362
10049 20840
19122 25386
22517 20749
8286 3646
19555 15579
8875 20121
9758 23745
21151 4423
18052 6745
8062 7214
5997 20086
5778 18890
15834 20137
6917 14529
8552 16687
23770 15174
20002 11934
18639 1873
16408 6510
22080 19830
7980 5060
9708 10775
5964 18311
26596 10328
22549 20547
23045 22411
21722 5903
9328 11209
9723 18221
9647 15331
17011 17527
14900 13115
21938 25703
23215 11979
8776 17485
17791 19562
23639 17344
7320 3936
6842 13324
15295 7940
7678 20532
10064 2046
20895 10228
7114 465
23120 22962
17992 10270
13879 23585
18868 25359
11836 26030
11932 20526
14392 5169
13927 15881
16241 5367
11417 16088
23224 22628
18038 21085
15088 25813
14800 618
14496 1545
19301 3279
9879 17601
17025 25683
24091 5298
27041 14417
22777 21975
6052 11607
23888 1761
17415 19197
27436 8865
8166 23865
20453 24391
16404 11399
11483 15327
10987 22475
15138 12061
16039 16996
13562 2320
10931 21867
15536 17402
16710 10759
8476 12637
13866 13444
12212 17087
12637 189
27518 142
23235 23726
24066 3512
7550 3653
11797 22458
17900 5778
22068 11464
10096 24643
16614 17436
25038 20045
11981 25829
21924 16359
18896 27594
25331 13500
19779 16552
20269 15527
18497 12600
7239 9187
5758 12143
7202 2572
16955 26741
21256 9045
19490 3040
16683 19398
5584 18309
14000 9296
23738 8258
16996 7218
22018 24192
10680 5880
21185 15834
26426 3893
17930 14744
13609 1352
10422 21532
18092 5545
19799 1778
8099 13187
26509 26569
23088 14468
21636 15151
9936 22353
20490 16056
19782 14653
7919 15508
17754 24554
20431 4043
24331 8841
16398 26662
8834 13539
8000 11408
12598 4640
21085 16901
9497 27407
19895 21300
17410 24034
24209 9261
13361 22669
17610 24610
6519 12031
24084 14601
20018 25857
17264 7920
8308 4119
10935 5621
5961 309
7907 1984
21152 3949
21120 26907
27429 23271
11258 2253
17630 18455
9483 11863
16350 231
17174 25591
19241 15559
14873 4703
27107 4575
18690 3561
9463 9927
5720 1302
7098 4677
6727 16647
19010 720
18128 9684
12261 17849
20519 2337
22848 13664
7690 20246
11604 24641
10446 9712
26830 16720
10676 11310
22283 16495
21316 1362
11361 3475
5587 11894
16721 4010
11345 24662
14374 10964
7071 10040
19559 1262
19418 6345
8067 23254
19115 12695
13462 7072
10795 8288
10830 17277
9064 5564
21446 6063
6524 18364
20401 27720
15039 22603
21030 7672
13534 19372
10208 22754
26121 26212
16142 5058
13191 8331
25793 21514
14672 15254
16335 759
20889 11156
17656 14359
13448 23741
5950 18129
9405 1715
20954 25523
17009 5495
7060 23805
21692 16474
13766 13758
13755 22998
15983 3298
23763 18013
22600 27014
17109 14879
21457 24811
10163 22596
15498 360
16224 6721
14723 25799
14017 17995
11888 12934
26486 9376
20043 22943
18053 3643
16434 3737
25236 6301
18093 6359
13295 15362
27604 16279
9086 4656
10385 20831
21219 22066
22005 15856
14684 3507
22493 23513
20904 21857
23828 16373
22336 10241
10877 9512
12895 9828
20406 6916
20050 18315
15712 3239
13565 5002
7841 7038
8231 13683
15315 13593
10955 1026
26649 4497
20384 18422
21373 15501
8071 14844
20796 20211
26698 12511
23730 4671
15213 23256
20200 15939
18109 23390
24687 23300
14253 15224
8565 11693
9487 12875
14210 16513
20640 1600
22688 5344
16435 20248
22039 21809
7135 26415
11889 2836
7384 8543
17819 9852
16852 26011
23145 19020
11145 13326
7476 12120
17389 9987
22003 7018
18123 11673
21792 1617
11999 6202
13477 7473
7889 8902
21225 22507
18899 20467
7113 17882
21055 2277
8474 8214
18302 11004
14728 3758
6027 2722
20128 15659
22976 8086
11437 17970
17799 27573
17424 9420
23638 22528
14475 2747
8293 13517
8614 6487
9317 18008
14565 24168
25040 12492
21818 11137
22854 4620
13129 15332
26188 23807
16542 21686
13256 19347
18922 18638
15069 12707
11583 14043
16880 21026
19657 9704
8633 13796
25768 828
20195 26630
9000 16377
23315 19671
9777 6088
9818 4690
13710 19867
7548 22879
17422 9470
23178 9104
13922 18615
12645 16991
6933 1570
22814 24511
15438 22897
10888 12406
14753 20697
13352 3046
15721 6904
13764 23008
12463 5959
25186 19325
14147 19832
15100 23368
17002 16303
20105 18637
10175 27039
17296 25143
15914 13820
11424 24794
10166 23775
13030 13005
10445 17986
27542 18855
9357 955
11660 22102
9725 9800
12579 26207
16462 8890
11872 15338
6177 25972
8864 16299
9920 2557
15314 17472
9922 13864
22424 16406
24149 19861
22736 15100
13248 3637
25482 11369
8237 17288
7482 24977
23909 4988
21845 14271
7669 14095
8061 27711
14095 16978
27302 558
23368 3366
15203 25422
16798 3405
9377 27109
20551 8936
9870 8422
19316 13972
9963 5674
13898 12990
18770 486
8255 18190
11957 16529
6239 27648
9379 12306
5617 11363
7279 2555
20618 13688
16018 20545
24213 1663
14557 23964
10818 6437
18013 24955
5970 5526
9175 7676
19031 23487
16135 21923
15202 19680
12532 5915
13522 6448
20079 8254
17773 4140
12991 1937
13302 1442
23987 185
25767 21037
18751 21740
11425 15885
9129 2387
14483 18801
7752 7347
6088 18658
21835 7602
22150 14479
7327 5982
20211 9497
9882 17403
14975 9022
12116 9764
9821 8627
5577 16945
6615 1013
7125 14330
9915 25700
11842 21696
11224 14165
10416 4825
13196 22281
14154 656
8079 24823
15347 8611
14733 1557
17572 12739
18465 6501
24085 2627
20920 12730
8910 3619
11838 2617
7057 4608
8361 19874
19896 24247
26637 12361
21450 14263
10280 13848
17353 13037
11318 27444
24191 15045
16004 15306
18068 887
14937 11008
11847 19794
15171 6995
16112 11520
9945 803
10898 26315
13919 10447
5713 22491
6265 25193
23943 22844
25915 8324
8040 6451
6835 25501
22503 11591
7979 21816
9141 24091
12853 6866
27587 17898
14855 23430
17738 16847
23699 8057
10231 14806
17316 24404
24759 3799
18324 22934
11495 26049
20376 20139
23221 21472
6037 9308
11828 807
19489 4665
16994 20359
16718 25846
17477 21297
7969 22381
7768 10909
23300 21661
17790 1163
18989 10646
21426 16755
22359 3581
17640 12624
7137 23270
8279 16176
22420 20511
13377 27317
11215 11141
6042 23155
23965 7041
22957 9615
21501 21875
24109 16203
6098 17842
12727 2116
15843 5932
17314 21681
8608 21069
20778 22660
19461 4837
19604 18417
12245 26078
24378 12828
21211 12550
26677 4381
12586 23937
11048 22009
25966 4972
26901 27765
10517 26425
8369 11999
7485 11519
13807 5677
22445 22572
10663 26104
7187 9931
8888 19255
19158 5324
19268 16750
8924 27550
20430 8165
14806 27671
27571 27373
23228 12700
12271 18769
22953 739
18077 21812
19989 2043
22629 20343
7643 27316
14550 2238
6762 1504
6870 6083
10020 7957
23572 20992
22412 18720
27682 27249
15900 1986
6113 5551
18864 5273
22596 13159
16234 21125
14024 5637
24046 25818
23842 13332
7118 26520
9273 18199
18461 17956
8485 17522
15622 15584
6555 24755
10028 20542
15874 26614
15287 5586
20537 23067
7299 9517
21768 802
26557 21336
19537 24033
5832 14891
14462 18403
18544 20131
24454 20091
13076 21797
6275 10677
7974 17400
20733 10288
9452 11986
15486 13973
13718 17643
23687 15958
18288 25334
6859 9364
10097 9093
6529 8634
21194 25642
9118 13495
5705 18816
13650 24629
23992 4267
21859 10086
25681 13395
7578 17753
10757 5231
10304 15946
13820 218
15106 3319
14377 16801
17638 9165
8779 9723
13463 55
18044 20488
12547 13130
9093 16102
16826 25986
11301 18102
7026 9057
8434 9368
6066 15345
15352 17039
17737 4839
14431 26500
8957 6941
17352 4402
23977 16626
9251 17041
18636 4764
8725 21109
8055 27722
7994 9948
11504 15875
14840 5125
23396 15140
9630 3166
10565 2669
16416 4661
11687 26679
14536 24185
9039 11417
23325 8000
18741 11598
17836 10736
6734 132
13083 631
9960 8127
7933 1944
9281 4175
22748 8445
24203 13339
19247 8482
6182 14591
7965 302
11031 5207
25420 2040
11528 6841
6089 10103
11263 20057
21001 6134
12791 7760
22699 4091
11543 15266
25646 27179
11992 17633
23402 17409
18222 16717
11465 23533
20644 23186
22402 25775
6021 26833
16946 9720
9043 25036
13762 2135
24100 14863
10043 13044
11767 25156
7037 7398
12424 5405
11394 12789
21378 23723
9836 27312
23285 22544
18033 3684
22878 2792
15671 12732
10532 7666
15730 7844
18835 6346
18891 9008
5979 24172
25389 14568
22121 4695
5649 20524
8164 1207
9986 17764
14843 5506
23614 24164
7316 24500
10527 13745
17906 17695
13696 9293
10948 20904
17029 1048
5642 21988
16317 1526
17238 11139
15952 26625
22350 16210
20204 3880
10298 5548
13345 19382
22006 26019
10233 17726
8078 19659
8057 12185
13325 10872
11269 23136
5773 20263
9894 9205
15339 21111
18485 5963
9071 14996
21527 20796
15716 24549
19481 7150
15638 10757
10144 13777
19344 26859
27437 25150
20011 10329
22949 20952
11152 10095
17237 16894
20985 9910
9185 5483
19794 21344
16355 3798
19784 11393
7128 16080
9706 26655
19408 6304
16754 25112
13848 17
8638 10827
13419 25280
11202 12055
16017 25797
17893 9686
24840 633
26163 21968
15045 5832
10164 13999
14350 15049
9351 13389
8948 14906
16392 20376
12083 11710
16056 15833
18551 9414
18860 472
11539 9834
6724 20273
26130 18318
21889 6893
8921 19336
10569 24532
25554 22238
21218 10618
12390 18900
13149 3565
18059 3289
17747 13277
16535 2708
20164 17662
11307 14716
23126 22029
11216 10028
6848 286
14402 19592
16137 3121
22608 1538
16939 22952
21831 8191
25573 22263
12922 9617
6109 19623
22925 12882
5653 3276
14551 3691
5742 21146
27504 10841
14080 8745
10371 10245
17612 8852
7838 3159
18666 9863
25734 7263
10202 12836
20922 18054
11996 21846
18631 3626
16373 23160
17065 6654
19208 21511
7781 15031
10853 11746
13783 15749
22152 2770
11635 27637
25272 17310
6046 24221
13906 21958
22657 7537
22462 6934
26330 5465
9754 982
9189 23207
20898 1856
24512 22859
7773 26290
7590 64
5571 24041
15195 5098
6414 1528
23796 23642
11645 10280
20375 19981
10700 819
24647 10493
9142 7985
16334 3213
17624 1624
25562 22295
14206 23021
16237 12101
26707 977
23001 18983
18924 17379
19293 3148
26767 15990
9230 25382
25526 19870
18942 22640
23559 12315
14341 25469
18923 13271
23506 10977
11492 24214
7594 7564
22820 5022
5860 16521
5546 9439
16979 4448
8550 5255
5962 8157
21769 24002
11746 23929
12079 20228
14263 24770
17491 15961
11893 2021
5939 10524
17291 17728
13664 20748
24780 2064
9398 6060
27447 23901
23353 19096
8081 831
26379 10980
11791 21478
21177 19744
10072 26450
6936 13509
9277 17870
23873 6334
16211 22245
26085 23182
9253 14922
15752 3211
9120 25609
12926 13147
9466 15696
15527 23045
16509 17199
18084 8981
22302 2883
9703 22042
20221 5739
18398 12823
20795 10853
9904 22727
6236 22321
11222 16261
19287 27591
21491 22492
17455 15636
8587 5733
6588 6031
19797 18260
8682 19296
19832 11840
8812 22167
14375 19217
18238 20849
21953 20676
8902 27228
20679 5566
18034 1039
20779 21892
23104 27111
11835 9902
13950 19565
20501 24564
9197 12579
9926 22154
24258 5690
16098 454
25750 10786
7035 22831
18209 4345
20959 24802
10084 2641
10740 24348
5422 14964
13645 9795
22788 11804
14762 23958
13674 20991
23556 1104
13523 12091
17987 4089
16519 24875
15605 11201
17390 12266
9196 25887
19513 26582
15955 23063
12457 21861
19790 24777
9567 4077
10616 20063
9038 4823
17569 346
19715 26632
16648 24242
23755 6479
6728 10029
13221 14788
12386 4171
8351 15256
6596 26227
12561 2437
6533 17806
20655 6188
9551 21243
19617 10091
8702 20986
23527 14401
6742 8923
13925 24926
18557 3347
14148 15719
19605 9829
19423 27246
7477 1088
8525 9624
17535 14827
10509 6390
11839 11093
27045 21990
19500 8742
9302 15982
21655 26748
19402 18867
18717 25113
5862 22055
9687 16128
19682 17491
7089 7601
14376 22622
20566 20988
6997 17243
22539 9123
13789 13608
11130 27226
7039 18195
5665 6840
21095 25587
9254 27208
13569 6714
13791 23407
9761 10219
11280 25941
12201 5215
23419 14570
23318 25040
10212 12517
10749 3196
20752 5594
17583 17600
5405 17144
24131 26918
13980 15786
8599 26929
15207 19113
13242 12715
18966 13308
7289 11431
5591 4536
9695 688
17990 19456
25818 20577
14844 349
14978 15263
6002 20698
8574 23229
9139 27236
14886 19743
6252 21894
10463 13650
7412 16708
23370 4412
10472 2769
23985 4694
12549 5680
15292 8766
9858 14360
27073 26430
6853 9434
11430 8623
13782 16318
9126 6566
15214 11843
15569 2628
10664 20683
9744 19018
11376 9707
21575 9159
5837 12947
7277 11593
15980 24790
5727 26492
12540 15596
21303 5305
15750 21138
9051 12396
19217 25263
15251 9495
21583 9193
22635 19133
19873 4700
24880 18596
11207 11543
23779 3536
6202 7011
18117 6570
9759 880
21231 15770
25783 19115
10290 17525
9539 24086
17665 27418
16250 3962
6261 481
19101 5348
15619 6190
20773 20431
8950 14242
24867 16859
7801 20738
18018 23403
19904 1075
14575 25958
8209 24449
15384 15768
12843 4891
21026 17743
8314 2454
6612 26743
6233 18179
9240 15675
12239 14824
11713 14058
18964 25965
13761 21438
19444 964
19741 14335
12165 7555
8564 18766
15434 27764
9157 5205
27685 19189
16514 14183
25477 11279
8677 14209
7750 895
9923 24884
18981 20974
24837 23311
12378 10324
17858 14658
11959 9874
14618 923
24186 13451
6666 22112
11153 22869
8680 9196
6743 26382
25670 19290
20598 14800
24170 24698
22658 25599
6190 788
12819 3468
23564 15519
7161 4568
18177 8859
25129 10963
5582 22734
9338 2597
17794 5577
15418 23846
23697 23558
6754 4084
6280 230
17619 11392
18364 997
22683 4028
17159 17287
13997 9294
11684 8009
23005 21666
7540 15390
15296 18064
25996 10196
12146 25912
16793 2338
24727 5267
14616 5200
21137 18723
18970 12450
20567 17114
16487 4625
19986 8201
12825 11098
11948 1882
9966 22743
13370 4607
5945 12613
20768 14913
9218 26974
8234 10342
14331 4434
26068 12007
14446 20337
9946 15655
19196 15618
10037 3263
23914 25649
23208 17116
27492 2169
14178 9160
12274 24469
7364 1388
8681 14586
13797 7247
5751 5668
26062 3396
17095 11282
13456 8396
16989 26978
8191 1354
6912 18002
21560 9053
20790 16162
19085 26084
19620 7614
6713 5103
14599 19736
23743 12433
7612 3372
14906 15730
8795 6474
17673 1731
16956 4386
19257 17045
20232 24038
14717 3173
17581 12583
17457 17666
11167 898
19161 17954
9094 18534
8723 18123
9975 9699
20949 3218
20449 12019
11625 16832
18475 19277
11799 14546
9666 27732
21269 24730
10887 9052
18718 25505
12449 11447
10645 25350
20589 406
16319 26003
11520 8694
10752 3432
19110 7708
22156 18569
13328 21795
21212 14379
21123 12697
9389 22133
14671 10220
6356 12645
26430 9431
14014 6015
17187 20643
6039 2786
22750 20869
12887 7334
10992 10381
19723 9429
14063 23484
16378 14995
6157 14342
7470 24489
15587 22871
22645 1735
24235 1537
8640 8965
14836 20288
19891 16957
20703 24789
16522 4570
10998 12228
22908 25265
20980 805
15850 22246
9488 8166
13074 6532
22345 22214
18528 23948
7474 14496
17127 11223
12219 23206
19156 9137
20274 13731
20978 19419
5736 23702
21377 11691
22327 22477
21099 20468
21579 23827
19422 17482
23997 1113
9869 8509
25079 6912
17274 16361
16924 18236
20992 4437
16499 17090
7616 17715
18192 2102
6932 10197
19364 17922
21585 22747
10606 20252
5752 4989
26357 7231
27158 11550
26322 10722
13949 18482
21442 10406
9161 621
24043 12286
22191 26347
11605 23789
10226 19225
24510 487
17236 9548
22970 26384
7852 13899
15321 12252
9315 21342
22561 25293
25938 24566
23355 3807
13936 13123
6726 6929
15595 3860
6025 26036
16051 3793
15551 20022
21709 4519
9535 19764
17560 22637
13411 8067
10301 18576
10903 19510
19687 12761
20556 1674
18350 11669
20088 3772
5802 9465
17623 19921
16915 8280
20825 2049
19469 20808
12220 52
8014 9596
20738 5980
17051 23066
19199 476
14713 25427
10038 11120
13834 20527
7318 26652
14981 2092
13775 3671
18973 3033
17248 3335
7623 15214
21912 7658
12878 5817
19913 24142
16168 25903
7999 566
13425 17683
14919 8026
18603 22576
12132 7733
17040 24622
20082 27691
16945 21115
10253 17143
8510 21964
7514 14313
18785 18297
9127 24288
17574 16569
21115 13415
20639 12921
14229 5164
8458 21783
17224 2909
8747 18003
25580 18287
18933 23348
15388 13891
22326 11238
14968 13786
12011 9407
9429 11587
21931 2020
12854 7152
15873 17825
15774 19809
10036 23266
15177 13278
8049 18811
6460 8962
14547 543
27699 16148
16374 20197
22542 11608
5563 21540
15079 10832
23049 13882
23583 93
20259 20400
8144 1018
7527 18091
7181 851
24848 23238
9937 11146
18283 15012
15396 14694
8104 22673
23963 11953
17946 18737
7782 9357
17126 7650
15522 25393
17304 10257
25425 9995
8509 27522
8503 24849
10417 5006
14234 9347
19791 18253
8547 15463
7586 1371
20015 9514
19322 17176
9372 23065
22999 8819
10032 19988
7460 8386
22822 6449
12160 24060
8470 25716
14734 16046
26442 8680
23311 8966
21751 18580
17642 1156
11766 23171
17234 6556
23029 11729
19632 4952
6875 5555
16965 13927
17487 413
12384 17686
21118 21436
17325 12893
13504 16384
5784 8195
8496 2516
17023 19368
20483 7891
21094 4029
19987 19147
25890 5665
15431 26994
16960 11609
10844 18111
22041 18679
14558 6669
23362 26226
13181 2489
18400 13249
21315 14251
22490 6620
18638 14191
21235 19220
12324 20622
20818 20036
10673 15672
11008 8097
15594 5501
8687 5129
26912 10488
20682 19891
22235 249
18668 21996
23904 11828
18449 1965
15597 2668
15128 8227
14936 10211
6260 27178
8357 790
19685 10283
26327 6851
8544 19765
8437 11807
10661 5930
13617 18505
6192 1991
7265 23765
17303 23746
22388 4797
14125 10833
22216 14717
16269 9996
5937 9270
10191 8365
18565 20004
10040 15918
7224 17717
18886 4782
22329 11210
23376 10074
18804 22590
8339 9594
22676 24330
10942 21244
15731 23573
15121 22816
18250 26037
18470 1200
23782 15609
9877 11377
5987 20346
9873 13505
20788 22473
8306 17871
16561 24577
24132 9044
15822 649
18763 9346
16981 20600
11383 20110
7428 11656
16381 26914
21087 26745
17898 17488
20950 9041
18780 20221
5957 27351
8382 4781
23968 26268
21711 12183
20463 9337
10450 17961
15318 14866
12707 26145
18500 26758
19944 17208
20804 20244
19872 16509
13230 27721
22022 17694
17335 19401
16523 4913
19778 16743
14750 18941
11542 1317
15104 13120
13539 21941
13217 16313
20938 22233
8935 8901
16557 804
15511 19661
10190 22153
20390 24205
20124 9543
21254 20668
9778 12682
11369 894
16493 23559
25270 13333
10344 10330
21460 22307
14101 18329
19565 23448
18637 17148
20168 10059
24142 26266
16673 27019
9396 25998
12028 12939
15604 20519
10791 22115
17798 1116
12793 6685
12568 10456
14644 13
17312 19207
9387 5769
18870 19989
17285 12311
16001 14768
13222 16603
9401 15608
20257 23105
22652 733
23656 12783
14222 16167
5662 26945
12078 3233
7968 27215
17855 4359
25830 2486
23175 4492
16228 2850
19533 5575
9927 22186
7998 25037
25430 9366
7510 4721
16525 23490
13910 25662
19292 5144
22159 1265
6016 13255
6916 10898
21414 26101
18303 21455
10350 25340
18477 24036
17044 23051
20615 18977
12285 17389
8238 3742
9406 17372
15996 8675
8860 12160
18325 6710
18781 7921
19123 22529
24530 2575
15289 15549
8572 7669
13313 18117
15773 9311
5420 23422
20380 16821
23795 1276
17225 9798
19770 20203
12071 14689
25677 22341
8749 7911
12238 1775
23654 13821
11499 24062
6525 16857
17718 8693
9078 12290
13021 18116
10110 15687
15927 14399
21846 23200
22673 16380
12626 8692
9511 14633
16501 4351
23863 4
16471 27047
20614 3324
18762 17888
13714 19645
14179 27203
18738 18333
22411 21513
19860 5596
14027 22554
22286 7382
21109 569
25747 23324
15701 11811
15905 8319
10706 11732
16153 18694
16309 18343
19914 11655
6803 16017
7090 10932
10557 19618
27047 23108
22463 5196
13853 11530
14562 774
19312 3961
14397 25475
26907 27723
22343 26261
20258 17844
23258 25138
17328 7585
12433 17361
22735 18958
24192 8750
7593 3301
21093 1108
21475 16052
12923 26542
12047 21477
11890 21860
23131 25663
12541 27564
10078 10899
21952 7659
20119 15201
23764 23048
25196 8701
11038 25047
14428 13749
15241 14006
14082 24102
6935 8410
11820 19834
14420 17841
16451 15860
11511 26167
25897 13047
9868 24276
12961 16277
18594 4052
16124 3408
9097 18372
14453 1982
13831 18567
20217 12264
17821 11983
18107 26601
15526 27174
13058 9409
20361 13007
19894 13932
13615 21826
18275 27623
15410 23035
11457 23951
22631 26305
16326 6125
15131 12968
16927 21904
9559 24076
6110 14554
6136 6010
7667 14682
6565 26890
13068 26253
13451 10651
25367 227
22360 26961
23118 4630
13772 19180
13077 1659
24200 12905
21169 6958
22875 22493
23681 11741
11227 12872
16850 6954
15372 13428
18708 17797
13409 15129
20595 27724
14638 15000
21469 13478
27101 25384
14754 5259
6938 26095
19463 15080
5656 27096
27298 15650
15598 22889
21188 17965
9178 9128
11070 4113
5470 20198
18322 10043
20892 4529
19584 10776
20811 27743
9988 14763
5710 25874
6761 23888
18889 23452
22547 25522
9749 26817
26609 4344
8738 17706
11727 14224
15147 24838
8048 24037
6747 7858
18887 7994
17697 19983
8821 25190
25229 8561
21778 3858
9384 25084
17741 10619
21893 26702
10568 5328
17641 1763
11652 12745
27488 17911
20659 12573
23836 3489
11802 6049
10455 16205
14612 22456
22965 15947
11599 14718
17282 21646
25678 13862
10257 18068
9295 25001
7591 13743
22106 3593
8992 10895
13046 27385
10538 19002
13582 20837
18575 22565
9132 13021
20447 6952
10556 21027
11154 5556
20877 9411
15094 4776
6041 2780
18258 25756
17251 25018
15098 4526
11487 23118
22548 14188
19187 27736
20138 20982
17122 2977
26167 5239
15112 25194
23980 21090
22550 17895
11102 6368
6072 16131
21683 11505
17407 26476
9854 19864
20484 6818
26015 6256
27556 12981
17780 21835
24495 18518
24815 9498
14709 18406
22298 7249
10529 25858
22089 867
13322 25798
19062 27139
16911 5981
20283 3914
21449 14841
20525 6901
24962 7929
13483 7970
9153 3923
16868 3760
9971 14825
22518 5021
11325 18059
23881 6223
8570 19294
6948 23931
8096 1380
22951 9522
13333 23859
19229 2805
24128 13246
11647 21147
22478 18648
12830 24413
9489 3089
24852 2920
16472 23263
8521 17516
5618 23294
20147 21971
20547 8946
23982 21384
20968 22272
25252 523
26683 16216
19689 14415
27046 9679
10800 23823
21410 6560
21394 24747
9459 9237
17820 26277
12822 18618
15336 18441
14365 23094
19368 12343
5753 17756
13955 21884
24013 4038
12879 27340
25243 282
11169 429
17613 25262
10654 26359
8160 16942
17904 23768
17871 11526
9290 13969
19347 27441
19834 22068
23463 11161
8152 19155
11796 6573
19462 1505
15464 16823
23290 25282
9235 12308
22482 9454
6579 10325
20097 14807
18111 23296
25941 3823
23416 616
15596 26442
15021 13349
20575 7787
25158 22076
23785 11027
19781 4917
7681 12385
9855 25166
8728 5653
15328 123
9601 1664
20494 7180
16883 21055
20120 5430
27457 16480
17277 14180
13846 19060
25776 11293
17548 2867
12399 15179
12066 13601
11276 22891
6224 596
6752 27235
14645 4585
16534 17592
13173 5558
21569 7570
20930 1381
8268 21385
5576 21573
12358 17417
14472 27483
14632 18164
15405 14817
14607 21253
20888 2873
16484 18739
22391 14424
15849 5954
12182 12758
17226 24982
16123 23465
11537 8352
11561 1813
8967 5725
25005 17259
20336 7440
16387 27543
16013 8281
9772 22432
20378 978
21841 14059
13608 14596
8524 24093
18180 3336
18553 19884
5963 19241
24155 6553
26937 4316
5472 27467
22084 26775
9897 9030
20893 1376
15698 7612
14050 155
8976 26517
21596 17336
16003 15108
9775 591
10273 14104
23790 27390
13285 10479
18930 3053
14710 10972
6020 18362
11866 4508
11559 4288
9702 21
10402 18743
10730 11705
6585 18802
9999 13510
5947 23999
14404 13229
21744 19810
9214 3603
10662 12284
27656 10440
6105 16021
13699 1494
6873 24719
5520 19815
22668 21505
10410 2134
9450 2656
14328 12749
27641 16718
25130 20456
16430 16637
18345 27076
15290 8349
7853 16321
15114 1486
18118 26851
10729 10875
12440 5190
15923 24265
14208 17446
16667 58
9130 5931
18329 22548
16321 22
24008 4849
17680 23101
12554 23093
22404 26411
20972 12824
17030 14850
7523 16159
20242 21706
16401 21951
23380 26367
8120 331
23924 1132
11667 3048
21425 5426
9628 6086
10732 23394
12604 18908
11636 2472
12292 16851
12426 17636
27381 23383
12389 17393
6354 4724
11860 16302
20780 2712
22671 5484
16602 5198
6358 10961
23210 19271
23244 2635
22037 12723
11686 3503
20441 20981
12328 19213
14460 24045
13179 2221
22992 16110
9969 3367
8134 10742
17840 18929
13385 11726
9957 23812
17526 13658
23744 26971
9598 13408
15019 23636
5907 8629
8882 7909
8556 20950
7023 2053
21035 9184
8897 19402
15810 26045
20121 5275
21897 3938
10459 27580
9972 23197
10996 2078
6878 12661
17235 15033
10958 17552
11916 12181
17142 886
19451 17804
24199 21893
20276 19023
14090 23944
20285 6723
18159 5662
22586 18713
16864 12238
13888 9272
6137 19415
6244 25954
26581 17803
9565 23013
7304 3828
19146 14208
9311 18265
9245 18450
7536 10498
6099 25969
23303 19139
13150 24817
10480 18721
10150 21972
17168 9117
10881 5309
8170 14352
14907 4047
17643 12678
22036 3356
8338 10816
10469 25963
8065 14938
21851 4274
16042 5890
7099 19582
14495 1744
21591 7691
19197 6500
8816 7703
9534 16915
11849 13579
23561 26033
6139 7273
7992 21084
12909 18410
19836 11645
23252 25531
16239 1330
25942 14239
6415 9542
18546 18397
9599 10032
10415 21174
11047 7592
13214 17647
21335 13600
25983 15404
20852 8608
13344 11160
16108 17919
9531 11911
14422 1992
16057 27589
14070 5875
19071 23512
26078 4842
17054 2689
14702 22025
8962 10906
18736 16676
20754 19789
7626 23617
7583 9597
10763 9831
7859 5017
18483 5208
22659 17082
6960 21777
20762 22936
10902 26013
13476 6092
14541 4666
17131 8567
17283 3702
5813 13426
11868 24010
22907 3977
14059 24894
23106 6526
14680 19069
16577 13626
15946 3439
8787 17697
16800 2862
20814 21184
18335 11829
12499 15342
7619 16252
12847 14499
16007 17627
13045 697
23331 18697
10155 16533
19747 18952
10449 11061
9507 13085
9538 15054
6717 18245
15446 23749
23034 10201
22244 19622
14949 4049
17383 18670
6004 12150
15146 24440
9974 17203
6419 19630
17474 14088
13123 21533
19771 27768
16310 3494
12698 17831
25981 12175
18641 24649
26771 737
8710 26654
13099 15653
15951 22443
7726 12327
16324 9253
22138 9451
16645 19918
17796 2503
11696 6445
19928 27424
5679 22666
17167 2077
11806 25066
22621 25994
20785 13273
25128 25682
9336 27579
8553 21118
17563 2179
10815 19985
26161 11196
19823 11265
9125 12138
11132 20709
22124 7942
7660 19990
12502 154
9952 18790
21103 12582
16518 19892
6956 6207
10566 25277
6887 26522
9611 7881
6861 26459
22464 5974
18410 842
10409 4569
15790 17371
13920 14688
13228 4709
16297 2745
18069 24446
12744 7305
17112 5429
14203 20558
25501 6450
13283 79
9750 16179
9767 16058
21083 5916
9763 17998
23078 20598
18901 9190
13592 6413
7107 16192
18735 1527
15555 2256
14858 4370
12060 9539
9070 26378
11794 4097
5836 20647
6755 7006
23002 3786
7109 23658
6421 20230
27702 4875
12477 18200
9091 25620
21779 1732
12283 5834
7150 9621
14356 17335
8568 11257
14430 11824
12851 17276
21826 20507
24102 23550
14790 5524
18622 2733
6146 2740
21432 21227
19360 23965
13995 15988
24794 7693
16761 7631
10774 12454
5803 25689
23309 24732
13530 14908
16325 24157
17454 3855
18039 5727
17864 27708
10605 19005
26127 12081
7059 18380
19557 13447
18832 25216
20999 13236
13798 5053
8804 7110
15518 15526
8249 13033
21422 7168
23522 23097
19621 25391
22646 3142
13255 24104
9190 22642
14641 17679
14386 20153
9212 13490
10905 1816
15909 2895
7511 11331
19973 13337
14521 23664
21149 27038
14966 25467
20059 7297
23848 10092
21379 25538
20837 19504
19426 8269
10646 1847
16846 19826
14916 21378
21166 8004
16371 16648
19185 18005
21499 513
18451 18258
14391 19756
5770 6433
23050 14609
14358 2822
12000 23586
18360 7257
22299 20317
6652 21674
21787 7399
9282 23613
26776 16997
6028 391
14119 8337
6549 20568
17965 17044
9312 19219
8949 15601
12301 14206
16179 26541
18702 27054
16874 25260
18125 1655
26783 2815
9499 20550
7765 24763
9874 9805
24052 1064
8442 16024
10842 10658
17866 23608
6255 7681
17943 5648
20946 12021
11003 6132
15781 4826
22630 19513
7986 23918
23340 13980
15930 24051
19070 3221
12636 19001
18847 25795
12416 8813
14759 7164
7334 26401
23365 26155
12303 5746
20622 7802
10269 17741
20812 3001
11371 3502
26119 2399
23973 21585
11718 9199
8914 26067
13022 5133
11298 20806
6035 26480
21784 7720
20007 19131
21332 12711
6827 19508
17517 23431
17098 13185
14705 15111
21306 14307
10165 16736
11157 8576
18650 20207
23558 25870
9650 10438
15677 26855
18596 22462
10849 12920
6055 13931
15832 15121
21797 2380
16735 12716
17614 24209
12186 23752
15218 6752
23030 4769
12550 12781
13427 19378
18025 22655
14784 18757
19793 19601
21016 16208
11608 4850
24441 23331
20636 21813
18710 13027
19242 18082
24049 11667
6186 13954
24806 17760
10812 8968
9508 5583
16067 1081
15028 11899
6795 7812
13081 20486
24120 17614
12666 12581
16219 11416
14177 16357
13704 5604
10711 9177
8586 13678
23750 18204
8240 22750
13057 7105
12648 17846
10647 2222
21892 13965
18291 25647
26399 1790
11034 27759
16940 4753
7454 14933
17598 4385
14454 7076
14041 9893
17714 6825
17849 9244
16818 9661
11336 19102
7122 14228
18854 21574
26848 14842
21076 3433
20921 18000
22973 26194
22501 4430
16693 3060
16197 16365
16633 1572
19389 18906
20092 15991
20027 26385
20325 18103
19310 13223
15137 2673
27769 17832
13858 7527
14650 11301
21116 7084
20728 1696
18996 3210
20338 7316
11536 20064
11503 20200
9461 10405
9493 19895
15174 21405
19493 17484
15861 11247
14911 12736
11309 25543
8277 7512
6391 11271
13973 6162
10390 26863
15860 26233
23387 13042
15636 19063
8276 26813
5818 1377
24173 6705
17842 24910
18075 5276
24375 264
22618 15646
14078 17988
18765 13744
6174 25141
11562 7264
17026 16571
9476 25748
12978 15943
15514 9047
17268 26269
23858 9808
12032 6151
19816 20050
15444 27559
17503 20883
19286 12710
25345 639
27171 4124
11529 706
13847 23072
25908 23285
6930 18950
13061 12256
19822 21993
20182 13009
17717 24539
13241 6604
23906 11944
22356 12466
19694 10343
17175 19611
6196 8457
21929 3443
24321 11346
15226 212
21708 22433
6619 3531
9410 26543
12937 22398
23990 26609
15386 913
7635 19957
9994 14431
6614 1428
8889 2166
6644 5424
9308 12443
14045 15138
18211 27020
21068 10275
18805 12445
18909 11695
7924 12085
18967 14839
6294 2548
17877 2249
14656 10191
23921 3556
27708 10936
15331 4382
13067 24501
16741 24985
17596 17740
19307 15657
12447 19025
13174 17442
18779 11808
20293 14523
22351 4673
17843 9037
19755 18986
23329 854
20723 3174
10838 10276
22876 1972
5783 822
21135 23701
22880 21560
7091 27477
8436 23712
17604 394
19829 21496
9402 26
15603 22008
11930 23756
11490 24454
20553 17680
5995 27245
18995 8216
18545 925
8542 13088
5397 389
14841 10965
23792 14427
5714 25598
7218 875
17324 13757
11882 9901
13849 12346
15963 17130
18371 24006
19432 3385
23278 25429
23867 7928
17189 12777
13190 17423
23344 1091
21494 2286
5681 11517
6846 13775
13161 12684
13595 22764
6237 10891
8395 14245
8418 12452
13358 22777
5709 23569
8199 4042
15957 14477
17354 26920
21128 22584
22960 13318
23271 11640
27090 25843
12213 7412
12527 13247
13871 26762
17956 22888
22689 19546
18895 27546
20856 24744
8123 15369
22256 11739
14251 17151
7995 1773
15765 1120
16815 27526
18175 3228
19749 7560
16574 2697
6086 26692
9977 15156
26914 15105
13578 20059
8210 8158
12339 1817
9718 88
5800 8002
22974 24820
18031 18184
22732 19094
23425 14531
21470 8959
22696 15557
15875 22005
17608 13981
20126 25738
21764 17738
13634 26490
14798 24423
19266 19626
5846 27686
24188 12918
6828 2839
23183 3919
13651 7770
10943 20621
17914 972
18008 26371
20513 11641
15840 18873
18037 24026
26957 23417
20743 21070
5754 4212
23242 5442
21702 7743
9521 14187
16246 13109
7068 1929
13777 12843
10921 22366
5593 18470
9569 13844
8850 19628
9192 13391
8721 392
8545 2660
14243 16294
11129 5534
17951 2928
14859 9725
24615 26494
9545 3638
14046 23269
27480 1289
21875 17714
18064 3667
21409 605
13829 16573
18399 20674
23650 11030
6736 17582
25046 25758
9112 11875
20648 1024
12002 388
7599 15488
22771 9592
7222 3570
9560 24450
11601 1689
14584 16448
11735 8005
17645 10463
8329 12258
11268 19077
20091 14021
17759 13695
22361 24347
15288 8012
14648 8218
13933 20451
22634 21778
21606 15209
13362 2436
23936 16595
12143 27534
20882 5724
14379 14895
18065 19723
5436 15280
7627 13394
8635 21596
25422 3451
15253 6698
13800 11569
13487 21788
10560 9151
14597 21265
7205 26769
21525 9784
19412 9573
7325 22310
13205 19942
7466 12901
13340 1656
20534 25119
27670 17671
11210 15257
17289 27585
24931 11577
21272 13242
27676 2934
19098 19011
8449 6229
22325 1934
9017 21426
9260 13868
9786 18261
19588 21308
16753 21442
21138 2000
17470 5176
8777 24568
13128 9797
16759 3126
11165 8135
8601 26619
8504 2784
8313 24892
13169 2879
12461 24538
21183 2265
15947 6388
9309 25211
14352 13006
16571 24739
9726 13259
7970 18795
15489 18564
23880 14122
6444 8580
20782 9827
10860 21422
19572 6991
26300 16284
21345 7651
23767 3131
20613 5605
8054 8304
16641 12065
11600 1858
17416 6459
13689 14980
9198 4026
18932 24321
8880 14173
12888 5822
17362 19273
16725 3438
7028 2001
14034 4674
17869 6853
6672 9110
17894 19860
20767 24442
20656 3836
13677 19361
25613 4863
10655 13108
14330 9997
14316 23854
7294 27376
9506 15886
9416 26298
8462 8684
7534 13653
12726 8013
21519 23801
10399 24631
22903 20446
19413 7954
10348 21498
17295 12350
19294 24573
14870 24173
25338 9774
6205 17157
18699 16822
10076 14621
6263 24976
8539 1476
8786 9215
16934 23858
14348 13101
19022 6920
17633 4111
23996 2578
14610 26584
25932 22504
18648 13759
10035 21619
13043 2573
17774 12244
8252 10633
8407 5701
9850 19216
9394 23561
6664 1433
25628 21428
23718 12408
25712 8908
13315 12493
22983 15095
10868 18892
8867 4873
17597 4787
5990 6472
13047 10604
11936 9849
22371 1700
25766 4874
24925 19888
17958 24821
15819 1162
17785 17547
27040 2332
20500 1311
21649 4211
25359 22088
6402 21552
10593 24483
12359 1114
9851 24052
14999 19440
11491 7381
23703 21953
21905 15298
15192 25527
25364 8070
12780 23520
19633 20871
5756 12271
5643 4471
23266 26128
9652 3744
16628 9696
24076 26287
15322 27431
17338 15044
7031 21750
7499 3683
7707 11
23079 17719
7134 27481
9845 18920
23399 3892
21913 13623
12396 12316
14025 11362
19283 13136
5549 15877
26025 27747
19972 8438
14104 27411
7389 4161
23314 23583
13326 17145
22421 19595
24064 22822
15303 21215
11390 23758
19934 24324
10444 7325
20069 16101
12742 20329
7605 16331
19932 20438
9219 3090
18317 18328
19679 11718
8584 18474
12764 12892
25429 8531
20025 2409
14839 6757
20854 22545
27232 1959
6347 3712
10142 20793
16730 7058
13065 8367
20934 4958
19863 3407
19688 21718
8312 9279
5406 27415
9202 20321
20886 3857
19940 8916
15689 16934
9237 10348
20726 13491
6180 11707
12531 8600
9221 5217
16957 25295
13239 14184
23159 22428
8354 16375
6581 16433
23286 21651
23523 21805
17729 5100
8906 2554
19786 25637
14642 8516
22141 15025
6173 25017
14295 17720
6586 14755
10738 5134
23975 8849
26896 23980
20251 24604
11429 17828
18404 5846
9967 14820
17513 241
17677 3520
21584 23149
17160 1119
10861 176
6773 24973
19517 23470
15265 6832
13662 16538
5906 1952
12537 15580
17533 20513
21645 19955
9016 5127
9044 15950
24579 1491
15531 27012
17450 25635
16138 5
22617 747
13154 17271
16963 19693
17594 15185
22827 14696
17031 9692
23172 13493
18587 23898
8828 11795
6702 9535
12859 14512
19774 9198
12983 15147
23139 25403
18906 18854
7997 7871
11208 7025
12564 4751
13017 9326
12597 14951
14340 14783
15181 5692
15618 438
22347 17925
7086 23668
26630 16655
11663 27413
9880 3197
6494 18882
22519 8939
20730 22140
19509 10492
16733 20392
25538 5269
21771 26504
20249 11449
8511 25570
5952 3031
16422 9619
20750 4793
6537 10889
5833 6264
14319 7635
19953 13605
17386 1291
9939 1056
26680 24229
15293 23488
6108 7340
7331 4372
18385 2975
9121 4940
11234 15402
11937 12236
17615 26768
20331 20382
5726 7442
14029 26809
18744 6406
20038 8183
20049 13725
9992 14860
22568 12797
5738 404
11500 27658
5707 8329
23227 16133
25862 9443
17948 5377
10392 13296
20858 10861
14065 25528
13225 18491
17695 12665
23248 21278
13143 21123
20609 8325
7000 21372
8823 8678
15362 26678
10535 11952
9911 6463
15585 3125
19920 6524
15647 23551
27726 2172
14133 13939
7742 15729
7064 12503
19714 6796
13479 7160
23664 24082
21950 1217
16118 22322
20724 32
7154 6907
13233 26445
17270 3720
23099 8470
12782 6129
17762 15682
14783 8958
10420 10121
17748 22997
8385 3459
6159 13160
10956 7209
10813 8300
7409 11475
11338 6607
25416 22441
13544 8392
19476 3708
6169 20016
13319 6699
13894 239
10916 14616
13253 13916
21441 21015
11320 14226
6133 12297
20524 3461
16808 8356
23438 5581
8960 16681
7117 8120
8751 11458
16672 5942
23972 23580
9517 323
7683 4093
9143 24999
12705 4153
8650 7653
17551 14231
7043 23579
15969 3555
7480 9916
17001 16502
23804 8975
16339 9381
11488 5694
17707 4338
26643 3224
19166 10246
7826 5829
20565 26118
7092 27628
12360 105
15848 26390
13012 22468
21162 18063
20246 16356
8446 12042
22130 23068
8303 14848
10731 24078
5513 10876
21886 1303
13298 7436
11343 25768
9323 690
22566 8351
11453 22910
15113 15406
7458 26285
23538 7296
20235 6286
13979 24250
22163 20529
23531 27374
9516 3330
18402 9952
20036 25157
22166 16994
11664 11770
5969 6894
26346 6684
8498 24257
17355 14560
17839 4841
12205 19897
24161 6007
20680 6204
13436 2061
8464 11259
19180 15986
9133 7251
21581 26404
7790 16925
6993 2931
9587 18836
15583 6280
26403 22481
8290 1043
11139 21029
21246 14243
21748 23428
12939 1513
16681 11825
11199 20220
12901 5024
15732 152
6843 18363
27512 9449
7851 17390
26064 16585
16502 4002
15516 20223
22340 5307
21347 9312
8019 19373
22313 4743
7601 13174
17206 12142
13198 21213
19773 13262
12839 13096
6513 16434
17406 6415
21479 5204
5464 12627
21772 20476
17208 2261
18029 6774
21418 14704
14530 22964
27736 7620
5835 3299
22859 10644
5842 19499
22483 27428
18333 5139
10783 22049
14973 7024
12450 23410
12266 19270
18681 18680
23540 26306
17292 25075
12832 5488
9762 10560
17882 593
7444 7428
12652 21217
7836 4182
7108 4992
18647 23539
15196 8278
11867 11288
6844 16026
8512 11445
17267 19952
22381 14984
17293 8347
18247 23879
15326 17408
11877 14049
15342 17588
6629 7946
11162 15472
24050 150
15397 6561
15713 25702
23062 6793
25012 8591
16685 17033
16548 21096
15747 26102
20348 26995
16701 7808
19569 7730
6871 7365
11033 22958
20989 23184
21174 1281
25675 23290
8168 10580
27704 7967
14235 945
12963 5434
10214 22887
6003 25899
15632 1342
17844 23519
13550 1496
24248 25473
20815 25173
20142 18527
16734 23772
22109 11544
11919 25582
18048 3521
20844 5167
27570 13902
14852 1752
19690 17228
12821 109
22677 4039
15696 15474
15440 3888
8548 5106
19157 3617
10355 24021
12580 17043
7063 13728
12279 1985
11745 23168
19076 25409
5804 6613
8043 6211
18799 15085
26700 2153
12711 1682
13679 6534
17313 5958
22680 12584
17753 17270
10210 20088
13555 5257
9472 28
22752 15041
20543 9752
10845 8448
15685 16574
22702 905
7488 6634
9412 7030
22729 14893
16587 24704
16783 19433
10850 21617
8849 20877
24027 8625
19254 21398
26955 13291
22966 3838
7358 1564
6527 25101
22555 23287
8335 13325
27700 7159
7424 15047
10364 8575
20496 18851
16871 10529
26601 11042
14310 2369
13593 25098
9314 3730
22311 12405
20162 493
19060 6184
26103 10298
24029 21142
22745 856
20143 8267
5396 12168
16273 26000
15743 26788
11532 16240
9662 280
13306 1032
19683 24818
11011 11308
23545 12914
20827 14780
9441 18359
24543 9019
11977 21784
8319 7370
23164 21490
10115 24987
25514 8603
5567 5371
23389 5557
16025 14553
16134 9598
16651 1197
11947 23893
18625 25162
19725 25503
15656 14664
10688 15084
6963 2440
9066 125
22537 12078
27761 20113
25845 11425
20994 19037
24051 8793
21691 3116
21735 10350
20485 2707
7520 7184
14802 12852
21165 12915
12131 9100
25789 11207
26221 26225
8758 9467
25284 6955
19275 4358
17637 23198
11396 2071
21060 19112
21111 1530
8760 10476
20438 5449
8900 23955
26662 3013
21879 9363
27679 21197
20581 1733
9741 13679
22277 6816
21208 10038
16095 2426
12595 11995
22007 3245
16304 26831
8868 23606
19417 5782
18403 21818
15913 20874
7387 14385
21915 16086
7407 27739
20604 22340
11413 4501
9067 940
16532 1072
12951 18623
19851 18019
20737 27726
9316 12750
22726 17477
19772 9489
24019 22119
15693 12502
7182 19750
22861 19014
15155 2051
6102 21359
8500 17220
21444 3066
9653 5154
21413 18910
22855 5503
20403 8202
22850 11170
21308 22415
18911 21595
19619 7002
26455 12380
16776 2706
17993 11314
21914 9334
13104 23223
18577 4990
12588 3953
8757 22362
14837 23178
13069 4422
7505 12965
12984 21432
17276 14525
15408 15006
18813 10237
11364 20275
21029 3586
15209 10077
23128 11913
17148 23454
5750 7805
12955 20454
18498 1328
22952 732
18850 22957
15823 588
12014 24360
7857 18170
7378 13634
12323 13584
5959 9853
6576 3202
16861 12698
12231 3906
27727 14345
9554 707
16481 3292
5421 5872
27111 18173
25161 18607
13093 25621
8124 18453
12344 2147
9058 13161
20322 673
11400 27310
13932 14453
11502 8527
7408 25016
19003 8186
20897 15836
8159 13028
12037 19519
13028 6308
6929 16616
14329 24292
15403 25208
23133 24725
25309 2664
18667 6294
5859 4689
25246 22290
25905 18667
20990 11307
22355 17007
24577 709
24750 22664
20358 14192
15798 25366
18935 4943
9938 17789
27016 15545
10200 21334
11381 3310
12908 22658
24782 16035
21500 15226
9604 15008
13163 10741
16526 14579
18679 16910
15304 9426
19164 12951
5488 13779
10082 17083
16918 8662
24007 11853
13404 12051
18423 1367
23043 11152
8218 6564
23989 19013
27553 2351
10029 6833
7754 7186
12189 17315
22531 14446
23761 9858
20010 6300
19035 10415
9248 14215
9528 1169
5787 26497
22427 16263
19443 25204
23915 14356
20708 22820
16026 16494
14711 7021
19769 12011
22032 20732
14473 22884
14313 6136
7380 1815
9243 21039
12113 18954
9958 4201
9239 4815
17381 18879
15541 5811
17004 10248
7047 13641
16101 15117
24329 22531
20236 23313
23135 14593
18928 27700
18890 21168
19400 3695
10500 2207
21468 11019
6872 6117
18346 4342
12571 23814
19248 4011
25408 16487
23993 18563
27216 24928
19482 22455
13765 8468
20053 15269
23152 24688
7136 12003
15324 14357
10979 26365
14009 11882
24330 14847
9037 2772
8684 20243
5983 27555
19207 23471
5596 21056
20377 21495
22240 18818
14970 1832
7382 6285
10103 5873
16563 21054
20817 12188
14863 15933
24392 20309
10788 17057
11899 16669
22933 21708
12809 14433
16646 9833
19125 2520
8358 21502
6376 13479
8284 12186
23495 19132
8052 22490
15179 13851
9046 1349
7101 13172
13254 18028
22369 10559
14818 4215
22386 16711
17298 26461
11596 26352
27349 12027
13551 9460
12720 26056
21530 3390
6919 20632
20502 351
17326 15930
13382 16292
22775 16947
24363 8121
10589 16458
19194 18703
15151 4180
23274 8746
14091 9260
7668 27041
6607 8418
8987 13274
26790 9951
11693 19146
13335 740
21049 22204
8736 12481
14964 1187
16299 11905
23006 11306
21357 10684
19315 4463
24781 8772
5845 6469
12460 27393
25801 25038
18937 3296
19576 24499
8275 3460
11670 11136
8829 20356
9359 18630
12082 27396
20975 19229
17449 10400
17635 18674
24484 15478
14004 5540
12856 27112
17317 27395
9155 26962
23652 22901
8103 16122
19039 329
21573 14267
16252 8476
17475 12425
20550 21135
14888 12330
12703 21974
9481 17975
19608 24752
18379 17575
17063 3714
15254 14147
12997 18742
9745 1531
8514 19551
16674 27682
22314 24255
25889 23567
14292 386
11510 17499
21277 17183
12763 11451
9930 21976
22890 2875
17299 11616
11482 1046
16705 13604
23420 4775
12903 1973
8060 25377
6162 23114
17750 27575
20214 11435
12593 10540
22900 6238
19570 2281
16492 8056
5474 693
18457 15651
15448 26749
5985 6178
8792 24433
20367 7492
22830 734
11358 19755
16875 11859
10246 1654
20063 26902
20125 17729
6293 3195
17502 24813
21587 12561
18617 18211
15928 9957
19105 9705
11100 8451
13830 25837
19300 6690
9484 22790
10334 632
20308 17983
26717 19292
20637 12233
18661 23231
27293 18765
6167 24562
21557 19200
15855 7710
8934 12372
19647 4392
23615 18473
26620 26205
12496 25921
9607 26472
20241 635
17646 19233
5943 14041
16365 10943
7753 25830
7328 10887
23042 24000
16567 11047
16455 8578
17327 13152
26290 3457
20518 9553
23185 16900
17650 1798
12166 1071
9520 25220
18941 8051
13698 26936
22810 20082
11764 12221
22119 15480
9172 26079
8534 22436
21966 403
24098 5441
27459 25286
6195 25917
9134 24677
21380 15314
22520 27011
22450 19062
13896 20005
22461 17323
19226 8294
22691 27157
5793 27120
9788 17161
19296 17224
21578 12760
8122 22703
18869 9510
9984 12925
6483 4330
16338 7662
23827 5156
16610 4247
25387 26983
10515 5443
20809 26249
21613 9569
26575 20681
8852 13536
16627 8872
13505 15016
17010 17466
10585 12519
15020 21763
20238 9928
21041 22924
8463 23824
11946 2429
21688 13263
6994 13607
19494 15979
5769 17267
20107 9709
10438 13622
20823 3656
8995 19376
18055 4063
26445 27256
6258 23863
13541 13268
10986 18591
10650 16952
12402 25314
20100 11500
8005 17129
19724 2915
11494 262
21406 14812
6572 11413
23234 18622
11443 10277
13086 3509
22177 19360
13546 7674
19788 3968
23181 18731
21307 25039
21930 2682
26265 24459
27175 11635
14240 18635
12151 20054
6045 6902
20237 61
17305 22357
7906 19563
16052 4584
18418 25639
7613 20326
11527 15252
25346 13530
8759 17094
9893 15208
20608 16532
10644 4885
18023 23883
16328 19896
21052 2304
6368 327
6847 24786
18184 5831
21084 14822
12662 5014
19027 1750
18135 4419
13445 17833
11870 8255
14139 14758
22793 20421
20505 11295
13581 7240
25347 12431
11782 24263
17249 18585
10039 8584
23176 21954
24522 21223
18807 2401
17504 1685
8877 19866
21105 12208
18202 23941
17266 25562
10951 7578
21976 3155
5840 17193
5722 21821
12331 12509
12242 8602
14129 5815
11128 8096
22047 21910
15590 8044
23190 17133
20739 10652
21616 5607
6998 5742
21440 8699
20297 664
11683 21520
24680 6849
9770 21905
17786 14019
14384 2563
20901 26706
5718 17619
10112 770
26488 23158
13756 11596
16195 12378
16524 26025
12250 7896
19267 25171
18442 9114
8784 3615
13304 24151
14823 17952
9318 22387
5624 20066
18722 10079
8326 26201
11191 7545
20140 11660
18845 16334
16312 25376
16476 10921
17179 2860
5797 7752
16443 27740
15508 3957
10828 9599
16551 17607
11205 7487
19796 9106
10920 26751
15490 15291
18893 20037
16144 23463
18746 5657
9249 15059
16711 21782
14044 6216
6270 7396
8220 20964
16331 753
19240 12291
13806 2444
8416 606
20129 13780
18947 25900
19133 26812
12921 7894
21603 26880
25039 9807
8212 15879
11213 23038
15375 15423
25391 11244
13678 10781
6030 13319
10689 24028
12267 12356
5672 19329
26946 1315
17980 17366
9690 22975
7766 764
23350 2586
18310 18823
10530 3490
8143 11130
24638 584
9830 26413
20456 7524
20806 25814
16189 4929
9029 2019
20758 16442
8678 12744
6852 17950
14127 17196
27065 3024
16456 20311
12241 607
18569 21605
23998 11222
9433 14831
13450 9859
9100 15188
10197 12164
9215 26307
14271 19716
18394 6045
10195 1441
15387 5529
10411 19749
23089 10509
13779 21600
20057 26935
19524 24159
23932 15937
18602 11511
26560 6860
19538 27147
17591 4387
13981 24574
9279 5451
16201 16962
23957 14564
18286 11426
15429 5107
15500 16362
7843 6665
17297 15246
15276 16810
16631 15539
9635 2449
10741 22002
21292 6615
18375 2993
21388 12654
15018 8034
22685 8630
26598 15740
21267 7219
7498 2198
15452 17346
6920 7915
15568 9572
19029 1500
19380 8844
21825 10408
16086 1809
25446 9388
18917 19993
6160 9135
17124 13888
23354 17994
10666 16865
8637 21383
27140 6706
12428 1470
17409 11345
16866 18665
10042 24760
18431 3998
10041 18255
21240 22015
9637 6641
23800 7228
24339 8831
5523 24729
7302 7704
11944 26875
7942 13706
23160 2544
11087 18685
18188 25000
11657 2947
27092 21231
25447 19184
12746 4999
11283 20887
8801 20717
9414 4838
7062 16551
6251 23597
12911 20071
22395 10154
11954 22039
7379 25698
16055 9185
9665 18193
13841 26828
20410 23757
19921 8601
11641 10689
17387 16689
13865 15055
14176 11803
22209 15007
17512 2393
16845 24064
22342 14958
5608 25850
14246 19256
11587 14855
20961 25848
15340 23147
17135 8177
13039 11564
19717 6233
17080 12390
19819 4702
18999 418
8996 12198
13208 13400
8224 517
7298 4927
21065 14151
25149 14455
17657 1384
19259 27663
9928 27084
16876 12319
17349 15509
10896 17687
6901 18503
14410 23799
15589 7289
8012 4968
23468 8869
16245 1547
7340 5032
16682 11355
14847 8607
20870 13637
7763 7379
20311 11972
21710 21628
9924 4708
21248 5425
10213 19811
13996 22732
10130 20970
7319 3518
11308 25600
24140 6728
12633 10771
17055 4369
17872 14730
21074 21392
19850 3889
16914 27472
14922 27190
13625 24376
9262 2803
17998 3601
10203 15022
19875 488
7406 18347
17899 14266
22971 7817
16463 397
12053 754
21435 6905
7526 20010
9970 1112
20183 16144
10623 25625
18143 16491
24189 8550
16639 8250
9556 6939
23405 18086
12650 15073
22554 21915
19705 20615
18925 15360
19464 16985
22899 16624
5438 8197
8701 12273
23815 20612
9381 7165
16919 4265
19305 18383
13098 22202
15278 24766
22472 775
22405 25352
12999 13322
24176 24515
7911 7980
18839 2362
17090 14644
12040 26495
11467 15114
14296 18921
10279 27561
17114 798
22459 7242
5755 3297
15071 18806
8639 22726
13496 8390
17164 9580
13160 15232
6945 24133
17257 1047
10764 8875
13059 23400
23966 22902
27353 12050
12273 11104
20515 1842
18412 25297
19813 7608
21199 2776
9530 10442
8946 14457
14559 23436
23186 25175
19609 440
13937 18944
20744 20713
18319 14703
12453 744
17570 18961
16987 7465
19215 21093
15430 16199
8261 22251
7034 21864
9965 17937
11883 25583
19680 725
15557 22614
17396 15352
9631 7829
10949 4487
12546 1756
15623 23867
6928 7488
12628 18222
8310 14983
6412 10502
22754 792
14143 25674
18581 21643
23645 2800
17929 6850
8010 21445
9383 14979
15082 14276
17262 27284
14238 18174
8612 6869
8569 2283
7005 3204
18158 12906
14236 641
6256 1576
18383 1430
5579 16165
9238 12578
26039 17713
16494 19912
14751 4227
19227 9021
17047 15367
9194 23986
7287 7702
21935 4973
18054 17092
18199 5074
19245 6072
11459 9097
7050 7039
21714 19410
27088 13446
21740 27107
22367 7373
6774 14028
14006 5383
10938 27571
17006 12756
19601 11959
17281 10825
7001 8696
8316 21949
13520 14957
23280 2239
9162 4697
23019 4479
7343 336
17199 114
23953 1877
26476 9394
6114 18156
17359 713
5717 18460
20176 18547
5905 13808
24424 16
15767 1749
24224 7759
20409 23305
17626 13810
23060 12267
16797 21068
17227 7393
9709 1591
21255 6196
9074 126
18215 7096
26214 7147
8675 9064
14663 26568
13002 9345
6608 21047
7306 8385
21689 13467
14647 97
21498 11900
10157 1540
14853 25658
21734 1620
26654 13279
6632 15673
7446 3055
5646 22463
6725 19915
21007 4210
19183 17551
16611 453
23783 26886
19597 7782
27552 17989
10012 6887
19346 3395
5706 19154
20184 12032
7160 17462
21301 6852
21713 16721
15169 14590
22077 3685
18616 20258
22577 22521
16016 26186
19048 2510
9404 11162
18002 24764
18386 12620
10141 13253
13458 22561
16411 13459
14107 20466
21639 17847
16896 15817
13064 26275
12569 22219
13840 5866
25861 5745
19064 25092
13251 16683
14456 15413
8139 11962
11565 5041
14699 16972
21506 11865
12223 8213
12023 1005
5734 20402
6621 20398
16358 14129
18444 26964
6121 15516
21757 21234
9976 11143
15578 6065
12152 22413
22368 23070
18083 18146
14099 5824
6532 19356
14848 17675
6172 23557
21960 16419
17134 13352
7425 2379
16873 11031
7367 19322
10722 21517
15110 199
11662 24262
21146 10128
24924 16966
9103 19100
19047 4897
21681 18151
25192 12296
19691 8031
5993 9898
15274 15551
8068 1716
10275 13657
14517 18928
8186 10
18750 24861
9746 823
8729 21970
17376 16118
9514 14603
7016 19564
20187 23081
8958 25196
19535 4331
20244 6265
19578 26723
16022 19602
13204 5228
17982 19544
10762 14680
10468 19084
14318 17487
6300 16619
6254 14759
19367 12543
25314 8618
15316 21180
8739 8639
26317 26151
18573 25406
15733 27516
15051 17023
15376 26361
26795 7953
25695 3404
6594 3759
8741 21071
17715 27202
19261 13822
20190 7511
24279 25687
27713 13238
19564 15173
19783 13643
17632 24940
21147 20017
22530 2775
14996 12660
9186 22084
23013 4249
20953 3463
8219 22189
10427 19305
15779 12567
14042 12249
14439 2911
20625 12178
24920 15427
7651 21271
7447 8434
26092 9444
12837 21402
25121 17765
14361 5097
19491 23727
14730 2566
15385 14916
20840 4155
8435 11717
25263 3951
9577 24853
23852 20090
9964 23358
15424 19580
22981 21129
25876 23631
19235 6673
25280 1218
22868 10679
24184 10534
25559 19326
8438 12192
19475 24930
19827 16618
8251 14786
11812 1390
13952 2949
9886 10260
17120 15015
16997 2766
21281 15141
7376 22740
5708 25424
23696 11378
17039 24458
16364 19650
23406 10783
18900 17077
20777 4755
14860 27403
15505 20404
17628 17893
8951 24785
9634 21934
18579 10444
22843 7797
8644 15822
10496 9217
11747 10230
7052 21030
13538 5615
22553 4899
23688 141
16855 15711
9105 12289
25513 17147
20759 20750
12419 15144
21863 8788
21487 10001
8046 12068
15152 13561
9773 4783
16694 3185
11232 10159
10584 24960
6452 24824
23040 27377
5847 23912
16658 1784
20389 10247
19734 22453
9409 9768
8753 22583
21671 24971
27498 17318
18537 21687
20488 939
7280 19260
8333 22052
19961 6439
20967 1814
15465 12280
21524 1151
10065 15107
23031 25722
17013 25431
13219 12489
9283 7467
14459 24124
7615 7085
8972 22878
18486 7724
13323 1144
18197 12871
14969 6425
22357 7999
23566 5740
19056 7423
20883 6313
5878 22358
27511 20237
23134 19550
16964 21950
5557 4206
15286 23517
21459 27266
20362 19836
16568 13869
17279 16749
25645 21693
24190 15669
12342 8454
6206 531
15393 20155
20638 16611
20916 13227
6370 1129
19147 7236
16433 2601
19366 26826
9782 16537
15048 14075
11289 1686
19929 27746
17521 4236
19762 15003
20033 16055
14366 12950
18627 19607
26891 19493
9256 9924
17771 15510
22866 3762
15437 17976
20793 25034
22280 9877
23146 17050
17181 20234
9947 15353
25147 25102
12149 12077
19459 25155
18743 5401
8737 18779
18255 4185
19792 26592
8495 14880
23287 17678
6690 13338
13402 10993
6515 22404
23714 8529
19733 8257
19806 14884
22552 2901
17196 9355
20628 625
20630 10897
24604 23303
21630 6900
8631 27586
22783 27138
8317 10290
26499 4009
22967 14281
19505 14911
14652 24772
12052 7446
27563 26705
18042 8133
7918 27610
16261 12424
22373 25468
10218 18633
6669 10822
19465 13473
10291 26818
7895 22161
7642 22500
9417 16668
10031 19681
16764 20805
21923 5397
10733 8769
7310 22868
8196 23528
26493 7837
7435 7869
22082 11474
12207 225
12573 12223
10590 8242
23830 21363
12191 12694
21075 26726
7156 16459
8624 25873
27006 2687
20599 24044
20239 3479
10421 5473
22653 10071
13037 6930
19999 19859
8505 2550
23269 9149
21324 19792
10950 16416
9620 9681
11572 11996
7271 11923
13632 4416
17360 9255
19859 5349
26377 5520
15777 27617
6085 12457
27615 4261
7115 5227
23324 3584
15831 22629
19428 25152
17744 15790
15987 26699
14801 1602
6908 22654
21039 18617
9348 3552
11592 12416
14511 16762
23710 14093
11077 16875
27077 18087
23627 15099
27738 13051
19184 22454
13001 25242
11898 25684
10723 1324
19803 12708
11602 12409
26932 20586
12421 16605
27095 21313
10339 20068
7413 22075
27691 9436
7198 4320
7631 1701
20423 436
12476 3687
12208 18926
6283 3985
9276 23346
17947 18880
15111 16230
20932 23777
22742 26213
16892 14614
16536 669
5568 10869
14239 6215
7741 27609
13535 25035
13091 3946
20228 24737
12826 19114
19721 6819
10988 9005
20150 16157
24144 20167
16799 25785
14013 22427
20379 15964
14320 4283
12153 751
5856 23925
19171 10507
9586 25592
26619 145
12485 5523
20864 13692
11509 10244
22000 14024
12327 4718
8187 300
22315 24096
21054 21642
24061 12507
20984 13941
21008 24073
21467 21494
19580 1051
5841 6246
10929 10504
22929 7439
16678 15654
7758 10170
21856 22985
21994 1695
7910 27572
18614 11284
26249 26410
18150 7003
20958 8801
14043 23534
10893 17166
17761 17566
5814 19078
10904 1830
18920 21966
16074 26714
17041 18497
16612 9980
10131 18988
20532 17648
16740 657
16386 18754
10624 10739
12215 21044
19581 11822
6176 7471
19667 15536
7465 20635
8208 19291
23553 1571
20546 23353
5497 13951
25973 22150
11099 9038
17931 19703
5730 17132
17472 16959
21047 25361
8507 16120
10736 7061
23967 6108
13610 3160
18148 15638
12938 26573
8129 16964
20503 6876
9310 17035
19129 20260
13125 25441
14655 9685
25682 15820
17514 18940
6015 4229
22598 19768
17085 19032
9914 22063
19290 6427
15063 7125
22606 8874
18851 18727
7083 16378
14991 15883
7648 3260
19902 3373
22059 10064
10423 11300
24412 27105
10216 695
9766 353
25916 21352
23435 18804
17346 22215
21788 1499
17067 2203
17162 1810
10184 15661
5938 6276
27531 6574
14100 27052
24238 9837
16281 14328
22709 19396
11442 6191
7450 22819
20839 17309
18445 5941
21108 21504
20157 9374
14188 13445
23812 18023
8379 3234
13776 13258
5664 19869
22056 24431
23623 10503
19887 4384
8142 10062
9713 7225
23677 930
25322 7182
7825 15057
14158 25908
16482 19091
9743 11465
9655 6405
12525 21484
12578 11955
13514 16660
10520 782
12087 26052
12785 22697
17727 19065
14856 17606
12403 11190
13183 19938
11275 18532
14001 7163
24798 7057
10111 4106
11790 458
17617 17165
12957 8119
13368 1983
15413 17801
17278 21688
10199 20146
20829 10182
12114 14690
24164 4649
11462 15814
21273 15225
17725 23130
13974 6858
20310 7627
9301 10970
26046 25012
11661 21439
10222 4294
9571 3186
19005 25031
18752 26496
20510 9689
11991 25577
20452 25510
24488 5521
18776 18673
14522 22419
16010 18022
11404 27738
24938 21414
18521 3912
20620 757
9792 16555
6250 25729
9111 24868
17984 13582
13286 17621
25799 14697
6418 23734
25250 1449
19032 18935
10910 9167
14421 9249
24678 8919
11071 2919
5839 18485
20709 22817
17599 21019
20765 4348
10537 1385
26714 24186
19471 20863
19954 9277
7220 24935
17950 27733
7512 23340
8874 16799
5936 24127
24251 16739
17440 9762
22065 14885
22649 26551
6900 26506
13499 11287
13171 7120
22147 5368
13938 24569
8526 14092
16488 4324
6902 10878
7223 6411
19033 15464
14338 2762
5575 8357
13374 24289
8045 11165
24793 20666
20586 14714
17981 19041
19975 11438
26722 14101
7554 25428
21042 25275
23187 22312
20621 274
7019 4577
19053 12373
13072 12607
11484 21631
19864 21488
23629 23364
21646 536
21669 21131
6756 25021
24083 11621
19821 10750
13788 9520
11874 21957
20861 2778
18015 7984
14883 4001
25599 8846
15571 25782
14576 14270
11348 27706
21850 14580
11303 16858
14874 25790
5439 5468
9473 11559
25843 8016
25475 23798
23894 25727
14140 9466
17921 21749
20151 22865
24328 19899
11531 15753
11807 13095
27074 20850
11737 27060
23087 22335
11049 6307
12638 16926
10679 13867
6606 7306
7203 2560
7585 15779
6273 19455
26202 3631
5588 10352
13500 15229
12387 26116
13683 21474
9921 5527
10300 18495
13356 24872
10118 16751
17701 7807
5581 3618
20413 15773
18969 2912
9944 24990
25582 1501
11022 1601
16264 24467
7893 8316
16120 16931
11789 17921
22207 3868
12413 1835
20337 18711
22802 15624
19145 10865
13510 801
18678 26420
27584 4516
8173 25655
23143 94
23330 18581
11534 21590
10708 18987
13292 9646
24959 11205
12758 19668
19674 26217
19706 20642
5719 8848
8793 6664
23567 12688
19455 2276
26980 14198
16743 10428
22218 19999
25403 16083
27535 6131
17144 15785
11513 10583
19429 14349
23053 26915
21157 12313
20602 25862
12775 6856
26237 17373
11998 4191
18265 1309
15406 18663
14415 15018
14283 21891
7761 4664
22494 17964
9929 24117
21034 12384
7472 15850
6163 1867
12544 9401
22203 22026
23177 18734
21982 20235
24712 26434
11894 15377
26440 17360
10223 26022
17775 6750
20862 5693
26564 17255
22815 5777
26612 14970
14813 16961
15554 27641
8421 25842
18542 18310
20314 5254
25244 17169
20009 15709
18786 27237
20716 17021
14808 26646
17469 24364
8762 25967
6257 7139
25951 8378
22187 2937
22175 15928
13189 5457
12335 2223
11987 4054
17342 25214
12483 7161
8053 16920
24853 8487
16340 1235
19841 15781
7509 3478
27558 6737
13164 17543
27265 12571
17534 24711
13138 2344
9524 261
17686 17212
17901 5622
6096 15837
8555 4740
8259 7618
6009 16460
7344 14111
8716 27679
17658 16892
13354 14943
27506 16873
12427 1258
19108 2427
10023 18436
23776 12912
20971 19880
9691 2335
7996 24933
7131 19287
22118 4949
23063 6363
25697 10254
7178 4954
24060 8907
16582 12779
19454 23662
22309 26986
12956 15775
11131 19932
7276 26713
16367 11586
13929 3225
17629 27168
22865 11018
14544 2833
21033 16608
9158 21773
21894 14836
9918 6372
15414 8151
8041 25294
9523 10341
17746 3841
12970 24337
11744 25914
8811 27003
5703 16854
8489 11063
11331 22724
9983 3692
10533 1098
24762 1719
24821 10744
12472 26879
23291 3008
9774 256
14918 23112
13085 19802
7264 21983
6343 18916
27484 16613
26343 27169
9226 4491
21802 17739
27631 3483
13403 15960
10973 18046
11409 4313
14378 13390
13193 259
17856 16845
19017 13715
13827 14409
6874 10478
27264 10315
14985 27224
7544 7391
24774 14675
8371 19581
11010 4560
12517 14118
10648 23923
11755 10184
10330 22182
11695 11720
9627 16653
5716 20872
5574 14413
18240 16336
27606 27009
24982 4339
9515 23853
6531 16989
15243 8060
9518 23230
11736 14961
13165 9062
13719 14321
10882 10894
11951 18545
8756 15425
16079 5487
8955 14719
24323 25176
11332 3412
20670 23719
13014 7197
6628 11072
9605 3482
9614 8940
7313 3622
25173 22255
13227 7385
11968 19594
7525 3771
9954 10082
21072 21872
18017 25819
27392 4078
7802 7767
24664 26006
13346 4870
10228 27103
16933 13499
13206 15640
25356 17370
11825 15702
7159 14875
19172 8406
23393 8700
6103 15632
10027 4125
20939 19674
10686 1416
17620 13572
27292 6543
15492 21340
7096 19362
21088 17040
14369 2487
25850 20932
26136 12053
16575 25490
9035 14472
25500 12689
7346 4619
11481 8321
16216 20215
23526 26873
24660 7723
5968 24726
9624 17791
18632 8807
10401 14909
9053 20114
9711 18323
9980 7359
12072 22408
25273 17085
11960 4583
26633 2645
8909 14175
9934 13770
23663 27499
9014 15995
26397 14458
13599 12851
16115 5301
15499 7314
9931 26513
18342 14670
22605 8712
16780 20826
8415 5115
13033 6535
10256 919
7993 16107
25381 4525
10448 9427
7582 23959
9615 25398
19663 24195
10964 3026
16527 25485
21942 14304
11121 18279
16922 3602
27513 17091
14111 21462
21020 11993
22376 8642
24608 7799
13655 9611
11993 2610
24989 8728
25203 1586
6877 5080
7618 4679
26956 5387
21245 878
13250 15777
18729 3960
14142 20694
21653 19720
17781 3191
15435 16204
14513 24619
24111 12907
20446 22306
15095 21371
19204 11961
10477 541
12164 17973
7508 25788
9933 11006
5463 9760
6674 5638
15262 6525
26931 24280
16652 1887
24034 6670
7317 9554
17412 27288
19498 19916
18300 16038
10268 23485
27581 954
14862 27369
16937 3810
13024 23298
18983 10143
22297 16568
22028 25368
26981 24081
8961 10024
13480 15347
10658 5475
5834 10320
16096 10934
18235 12983
17210 3114
12382 26402
16948 7998
20751 27497
8109 3636
27261 17406
16375 1939
6344 9235
22143 27408
10900 20043
5844 15839
25717 3612
19979 11868
5768 11871
21755 19847
10232 7324
22127 9034
22744 13002
16425 23406
7686 7529
24844 25140
12035 703
11517 8159
14285 12702
10014 4366
16650 7278
8709 6279
15649 8020
10909 19194
14204 4040
24688 6126
27680 22275
25059 3887
16737 9223
13278 12402
23061 4971
24370 11052
19675 21640
7900 11674
15806 1363
23194 27270
17797 22163
10976 4580
21873 17254
10260 6587
23543 21381
13992 12764
21142 27031
20109 8373
9542 21510
23378 16800
24746 16526
7811 15235
14337 21506
23891 21061
6277 303
12256 5479
16520 13063
18745 16723
11707 4667
22435 279
18700 3903
13744 3073
13774 20610
12512 11748
13416 17816
6623 27130
8140 20076
11875 26376
13364 17454
14977 5262
13027 22566
6106 24825
26490 15091
12441 17003
24814 23372
19957 12628
20963 17226
17435 357
26994 6093
12635 1208
7184 7208
17229 5399
5684 4535
20421 20426
23541 14155
15268 23915
11446 7435
13020 11192
11879 1006
7418 22270
22442 5507
12013 2773
10238 171
11566 20684
19563 22363
21353 2391
20040 2703
8403 23357
19882 21119
27059 3610
16431 470
12622 3658
24970 6148
21745 10985
18323 7686
9350 27695
9688 23933
6342 24867
12883 14829
15036 25111
20492 15907
16785 25123
25532 7584
9519 22904
8036 2693
20960 16404
24099 5917
27176 3272
7173 20084
7553 3057
21898 19788
18126 15063
20755 14729
15895 21911
7341 21315
16185 12763
7321 15230
26093 9438
5775 12792
27625 22344
10127 13955
5441 6618
7455 2122
6216 24394
13116 193
24882 23610
16550 5065
20576 4880
6913 21858
8239 24198
16426 2936
26132 23220
16393 870
23736 2143
23214 18989
23908 1737
6118 6416
26370 4995
26311 8574
9575 17660
17430 8532
19930 6896
19560 7363
15809 14164
15757 12018
8372 15896
24006 11580
17369 20919
22824 22048
27659 1254
25379 17639
11921 8868
23430 5059
11803 17072
18803 13501
9241 5453
15485 25604
16537 12848
8460 8511
20048 5163
25856 13017
12629 22211
5663 8126
11270 16786
23853 6672
20363 22274
15688 18044
15108 6080
17463 13020
25976 21437
24398 20236
20090 15967
20915 21716
26838 20561
8125 16358
18508 11619
7324 16247
18298 12340
17648 25802
15751 17684
18212 15561
22562 4126
17219 19567
18133 6591
20208 12911
18844 14619
22157 26458
14049 17571
25937 7809
6896 10423
20357 26087
25709 134
10305 1412
12368 1053
11438 19933
25215 6529
6013 15674
7759 18832
9602 16158
7423 6942
12875 2622
19393 24920
24937 354
21391 5641
18061 11498
23747 294
24021 24308
24703 2242
13720 25195
7033 26396
14353 13686
11393 20708
20585 19559
22117 2574
7519 23767
10804 12604
13048 10927
22950 8583
7227 3138
19611 24189
10106 24656
26648 17817
26449 1458
26588 25454
18482 7506
16114 6978
14058 13652
20907 1793
26695 14034
12122 23692
21555 7295
23369 6046
12291 9561
23401 21758
24777 9919
7682 20882
16035 17312
10219 16907
10972 22707
11640 844
6604 13877
13263 24783
20704 9036
25499 18454
12481 18612
25462 26701
18976 15458
7817 22882
11120 10994
18284 15220
9482 19940
23209 24611
11970 23985
16668 17585
13557 22117
11881 9109
20045 25651
19707 20168
16804 24607
24918 17701
14636 23393
21340 10187
24668 10729
10057 19881
17253 17810
12723 24906
8522 17319
11203 466
9644 22913
9804 24741
12248 21356
12886 23899
7120 22059
7513 25052
19534 7823
19544 1073
23832 22624
16817 26598
17666 12375
14927 14166
9156 8732
20650 7188
6886 18676
12614 26143
22281 23116
16167 23167
17674 5606
22889 7541
20210 7129
17675 10411
26791 13000
13486 22447
26241 26566
25847 6743
26742 16783
22399 25997
26898 1745
18160 12825
15285 19737
11239 26892
19492 1555
21853 598
20122 23594
7111 25856
12971 2748
8566 15897
26869 3871
8056 20135
11878 400
21452 5256
19744 6960
14747 25199
15842 14234
25200 11754
9225 17292
17294 17367
26299 20397
17462 13948
26546 2623
7244 2546
16823 24851
22543 6635
10564 3317
25883 7667
11226 1370
12607 21479
11046 7528
9585 25898
9681 9911
14687 26577
7053 24283
23803 11412
26245 20041
6008 18781
23265 18325
24382 12043
12954 5823
19297 23598
27351 18337
10923 15560
12254 5325
8064 12580
7778 17536
16190 20665
15607 2106
16415 20742
27524 20722
10816 26634
18373 23125
23345 9348
5999 12309
26789 27053
11193 1883
23413 1767
21808 8236
20455 5069
14819 14238
26526 8259
10010 20202
22366 13266
11137 13208
18714 796
9629 2109
12823 10293
15520 21314
14942 23347
10937 882
20024 16864
25511 13612
10278 14679
24857 13996
23090 11097
9327 17519
18390 17419
24535 16010
26138 14142
21385 19230
6996 5547
12740 14775
25503 20385
11054 21534
22746 8739
23514 7550
17485 22424
17961 11800
20875 13967
24600 11704
23658 16114
13730 3280
9261 4704
15054 17533
7506 5719
12589 20281
21843 11599
7040 14920
7596 15024
25326 3496
9949 26040
5946 3874
7521 9558
14807 22386
7104 6813
15391 12785
17835 22623
12542 11819
20381 9799
23584 988
6661 16999
18408 21431
8621 15671
14691 9710
8715 9232
12850 508
8711 9201
9257 18985
8432 15936
25624 24807
7312 12165
8263 24462
14144 13057
22886 3043
23929 26491
22809 2667
10911 15523
21009 3516
15398 14014
17110 20517
18374 25821
22448 332
21715 5728
23807 13734
16503 6056
12535 27754
13930 4716
17391 15789
23236 18189
10803 13371
8622 2200
22321 2189
14051 21700
25993 18956
10196 20192
7247 5993
11319 5073
23375 21902
11823 20757
16576 5181
10982 16609
24250 18690
6165 23868
24695 27697
12063 475
10061 17269
9692 21295
23453 5989
5984 18248
8991 3837
23937 13826
8698 16002
19152 25732
9657 21914
6895 1587
10653 153
24160 5193
26840 17300
17508 20436
26813 21832
13210 20483
20395 16746
22457 17195
10092 4621
5948 26653
14269 10702
12086 4469
8459 13670
21804 22509
27750 16096
24469 14407
24311 19061
18225 18469
18299 1248
23632 19578
8417 12937
10007 6855
19643 3076
7278 15721
15223 27074
23505 23250
6837 22191
13025 23412
18674 2184
17309 5567
20443 11855
22471 23455
17945 27523
25987 20193
21849 9197
19050 8917
10462 20975
18509 27196
14092 13222
26197 25049
8439 14599
10059 23288
19839 14573
12385 5764
25006 9701
23919 18276
6780 12826
22334 3084
6286 5632
15817 2461
9610 381
24669 21663
11730 25027
25917 23425
21868 19172
22114 19972
9584 8878
25746 16029
5586 2865
17659 20682
22267 26252
6591 18991
7103 26348
12141 14676
9678 24706
10204 22254
7604 25354
9582 4887
17544 25961
18536 26860
23704 19877
11941 18465
7164 8189
12294 12470
20732 26747
26760 1199
12142 13179
19377 1558
21634 17251
6955 5237
25733 22498
27500 15479
6880 10692
22422 20067
27593 12974
13900 7474
26537 4559
16504 18264
9932 13154
8970 17509
11479 3294
10672 936
7051 15944
26246 13544
24388 17240
7610 27030
8192 5702
9022 16432
27621 8452
6405 11105
13682 11857
9128 3846
19828 5847
23745 27728
12336 18420
12410 21597
7054 11026
8954 27134
21032 8616
20923 20394
13769 24994
23690 2918
16941 21961
25647 13377
10974 7640
10346 20608
15681 18468
13816 23861
12676 22168
23653 4808
8820 20002
8554 26134
14275 18526
19178 85
19919 25331
20436 24213
8058 18299
7291 17723
6883 22907
15333 22127
11201 15713
8956 18106
7281 14901
25351 15894
16990 2296
22910 17655
17161 12060
11668 6732
25002 644
16684 16803
11969 21416
24079 5194
21857 18760
13728 3016
12774 10854
18349 18709
17499 17501
19370 10457
19320 5735
20089 7226
16311 4415
14794 18653
24542 10855
23064 23932
8011 9595
8939 20162
10126 8672
7061 22923
26170 8464
10829 7294
17493 4138
20493 26572
25058 14813
13513 23387
19117 27124
25267 7543
11862 8128
21547 20305
18173 643
16486 30
18766 3981
9020 2226
23549 3765
8663 5627
13097 3800
22043 18360
24058 21475
7990 18187
7479 5274
17795 24367
24366 4869
17833 20795
27301 9627
16071 11430
8917 2123
14519 10359
8627 22838
13016 11926
21350 6239
21944 14420
14332 21350
17631 15648
7209 96
17414 15197
25166 7741
20366 23449
15323 24967
15802 9550
26100 14258
25551 7709
13826 1978
6022 906
7487 6098
13654 7067
7687 11743
25441 671
15229 26770
18527 552
20497 2951
14425 15945
7242 6859
18578 17018
22708 1808
23529 25348
20146 158
23279 6638
21368 22701
16070 5614
10775 17629
9550 3082
20712 2273
14929 6109
11059 25217
11716 14040
14010 7329
20317 17735
22774 9074
16907 9252
6830 8967
9475 12167
23604 5998
20560 20293
26315 13697
8959 6619
19826 10459
12736 16675
20819 26146
6197 18169
17952 5713
9048 6549
13176 8450
9859 12691
9247 23392
15116 20470
22204 17879
7065 27490
7494 21440
13967 16228
10008 17068
13267 23829
18308 11533
20116 15987
14085 18981
10826 12993
10794 23089
7204 3690
16766 21387
5661 2302
20955 1668
11651 16332
19618 16503
5558 21335
5781 12201
11902 9551
14993 20637
13998 9102
7186 21171
20020 16062
17985 27452
7989 21751
23674 13210
22628 19049
10495 14769
6116 2746
8840 25091
14476 3933
13649 9690
25444 15431
12350 19949
8440 21493
7067 22539
10641 2183
9656 22621
8422 23705
17555 12657
9045 6516
7624 15616
10561 27213
17778 16005
22093 16003
10120 15751
15949 8524
17660 15062
11284 20183
6889 24016
11388 12111
25642 23989
16251 20194
20351 3140
18337 14244
11372 16614
10353 8338
23046 7252
8844 26887
23392 19354
24544 702
10583 7907
10669 20453
14992 22385
16642 14929
16752 4623
25320 7854
12902 889
19623 3075
15745 2828
11964 5038
5954 20282
17340 11956
8937 23774
9951 13183
22004 25305
15173 276
18846 13771
16260 10670
11972 26842
13616 5751
25848 10663
16619 23133
10069 14162
24355 27638
14040 19264
7473 18575
27051 6862
24143 21654
12526 24995
27028 15339
23482 9250
13509 5000
13348 26419
26020 14146
7300 18815
19936 8853
14776 19501
11161 20576
15611 23179
22982 1094
7119 462
17915 9811
18562 14708
26335 4066
23440 25676
5435 14971
16390 16763
15097 26557
24939 4835
9616 10784
23170 21471
23950 24424
13367 15395
10328 26170
11090 23651
20836 26172
12400 4072
14791 2960
17667 21889
9527 12776
21580 17153
9809 22302
16288 17855
25792 22264
22053 16178
12033 14751
18144 18572
13709 15486
7046 19333
23995 23025
21226 20355
19118 1921
15769 791
7171 4332
24914 6179
19470 5531
19025 18599
17152 8782
16040 18291
7779 9513
17874 4843
19750 2851
26910 19484
8853 13335
12708 21066
21648 6709
6598 11289
13090 1569
11648 25668
10894 26357
11729 5536
7796 21298
9454 21263
12058 27465
13218 16663
14346 24079
14727 22071
11752 10773
20996 16209
7518 14383
10476 20038
14461 3715
25251 5624
6904 589
12700 5315
25481 26628
11266 27160
14079 15965
9062 27069
6600 23779
8185 23945
19731 7005
6816 15891
16847 6210
25080 8644
21503 3391
21098 10596
12001 520
19718 18234
27098 1827
8647 347
12478 15466
10452 26911
15337 4162
7767 6966
13934 9098
19120 24934
13819 25518
14834 27654
16444 5151
22693 15471
7507 17154
8188 23113
6026 12182
8560 9139
15062 21710
5838 17186
7824 15434
24460 615
15820 12485
27599 2810
8932 25717
14872 13381
14917 3144
26134 652
18583 14975
17431 15029
23759 18120
13029 2497
15853 1395
26305 6538
27282 20120
22835 17511
27383 20286
19931 22648
10966 5379
25838 23232
11171 8715
26968 9238
12003 7416
25949 21388
16832 14681
10299 1300
12931 7874
13643 200
8225 13464
5728 8006
26732 21939
27272 10662
16615 7327
22701 8442
22609 6720
10885 25078
14537 10735
19670 1951
10352 13364
26340 19240
22938 26432
26128 2004
23537 1459
9229 13312
22857 13737
5771 3236
20223 21519
7193 26970
14838 26730
21805 26057
10886 11251
15964 24901
9154 5752
6770 26129
5996 25492
17417 5553
24569 5582
13921 2889
11267 18672
11591 3318
27066 12463
11231 25978
22174 24011
12968 27447
23361 23747
22319 14698
5761 17991
24114 2455
7800 13411
15502 21406
8999 4453
25809 4034
22330 23751
27475 18837
25202 14392
7366 8092
5912 5290
14704 27259
22279 13647
12268 21580
19941 14294
19209 21076
24346 9623
17336 5296
25935 6854
11135 20886
11020 27391
14207 23718
27115 2447
9468 446
11507 15149
14354 11839
6750 22446
7629 10366
5955 3769
22767 9178
12761 25733
26544 16896
9005 23106
24095 14159
23890 24070
11787 15093
22305 26928
12181 24644
19613 6877
27742 21140
18646 25705
24936 12086
18561 26832
6885 22613
18703 5171
9001 1492
13117 10719
21828 21664
10317 16824
5766 19224
8815 242
15768 5505
9231 4509
27677 6225
22922 23645
21727 1748
19659 18048
17434 18069
22570 17928
24421 22269
16274 13140
26559 1489
23107 19913
24082 12588
24270 4513
17860 15198
24145 15270
6602 13797
19738 14429
15945 4420
16936 15123
20156 237
23905 13565
12257 14881
18243 11821
26996 6325
25588 13015
11955 1296
19824 4955
22253 26823
27064 4299
10912 12189
27425 25210
12276 27062
19830 1068
12640 13611
26255 9482
12209 12279
19739 21588
24067 2331
8944 14740
10978 10471
22396 1647
12255 21698
10240 16649
6104 26760
8839 604
22502 23785
11958 21321
26922 12839
15454 16081
21040 7015
5673 6173
22510 22785
11692 27464
23238 13221
10534 12500
13291 9172
27731 1319
10340 19769
5437 1787
10694 11536
15915 19035
14102 15794
26877 22875
11547 704
7542 17617
25661 27422
8911 9120
9028 3544
20672 7875
9896 3794
26410 7830
26975 24217
16275 13699
13082 15605
20947 12972
13953 24116
12523 3592
23018 2849
14401 25043
12827 1584
24415 11375
25795 21609
16905 1717
12567 8517
23850 21690
10123 14934
25041 12497
27433 1622
22842 17915
8376 2646
12905 14557
21600 18788
7183 7941
9228 12491
21495 19799
11795 24355
16726 681
7500 22286
15801 18969
17102 6789
17136 4598
16187 14207
10018 2204
11497 12000
26373 12483
24295 18535
9457 1451
6833 595
7273 22771
10930 14511
26089 25749
22852 22858
13375 15010
22755 2113
18757 23071
15348 15932
11091 5402
11389 16642
18742 13113
21703 21470
10649 22079
11538 6101
11052 2048
17625 18035
11671 13194
12188 21165
13280 26163
8033 29
23382 20822
16679 3266
16376 14140
16166 15444
9705 4799
10871 8812
14621 9382
25716 9571
23979 23411
8359 26138
15515 5710
8943 19608
19761 14403
9839 11662
14342 22770
17621 5166
10357 22787
23596 10574
7045 20980
6117 6382
15050 11352
7191 15375
23569 5192
20252 1942
11335 25342
10005 9891
5589 9724
14112 25443
21051 8606
6854 14136
17439 361
6888 12232
14259 2549
10678 1660
11300 21551
12530 10789
10266 5852
12643 17732
13023 5108
7971 25026
13466 21349
9242 25414
26151 21561
9467 22823
8636 10829
9018 20656
22252 17016
13259 27137
10006 9186
26406 2270
15827 4604
12437 19165
11961 9817
16554 8323
15633 7863
26283 9793
16417 7124
24915 9609
8380 2495
12295 10333
16329 4957
21512 10589
13071 17242
10490 806
25108 5592
26481 25751
7929 20797
13891 13434
9052 27705
13031 20239
9526 19814
5782 13378
9056 25831
26044 14035
6100 14358
12563 5861
7684 11629
19082 10937
16287 25402
20671 8131
13884 3740
14225 6694
11762 17253
20349 4919
18285 9826
6879 2124
24953 21924
17173 15432
26321 1996
8402 24099
19840 18994
16263 6688
15099 15558
7531 20520
25721 10383
14598 7948
12833 22656
18357 3096
18523 14745
13252 20943
9529 2252
11200 18498
13034 24809
14308 26071
18239 25853
7286 12225
6199 11217
26208 19403
12401 27388
15657 3897
10048 26242
17770 15969
11817 8404
26873 17549
17627 9163
10050 16693
6095 4813
23249 19812
22165 17622
11915 17750
21071 27177
13878 25710
10657 16617
13558 23848
11914 8272
19142 11764
11493 15870
6892 19885
21262 8991
11560 13694
6010 18968
24849 918
18595 21715
21878 22741
12658 14803
15935 5972
26824 21726
13810 3388
23003 4926
22826 4909
14427 23493
19260 19678
7966 236
26443 24848
19952 160
9568 2801
15925 15731
14368 18898
9479 21050
23507 23191
11326 15475
14832 21753
15737 20280
16954 19007
22167 19245
19573 938
21397 17530
11519 4347
26842 23276
21739 20638
19571 25030
13040 21943
18834 22308
12363 26621
18550 9317
11726 11164
22126 22296
9901 9718
26572 23195
11324 5075
10665 7939
10356 13705
7296 18201
6903 7737
10843 14734
7609 22581
6019 5347
15422 27303
27735 20079
11751 27285
6406 11937
19339 23032
25464 7221
23535 17458
25957 3036
15893 26440
13172 26617
20562 18945
12233 26436
8629 5433
23410 11653
7386 115
13413 6575
23605 24295
6624 19528
17922 766
10907 25820
14669 25540
23423 25319
25758 23192
9455 8840
19211 6697
18161 1598
19285 16226
26211 11611
11963 17796
12565 27127
6422 245
18530 11275
14146 833
10360 15401
14528 5258
17451 8621
23920 13441
18220 26335
6651 7230
15818 16325
15726 4123
7411 7304
22232 7901
13724 13164
10642 20570
10206 2904
13294 22085
11816 7848
7818 27675
19015 9107
5873 16724
23237 7887
5764 12722
22823 17278
10751 23826
20929 20946
11323 319
13604 6303
25448 26330
7771 7660
19540 23126
14577 12962
10192 2246
22268 1651
10674 16235
10576 21865
11076 26781
17252 12510
15608 1007
12898 4440
17182 19082
20445 17884
16985 1644
9449 12847
18713 22784
17250 10638
13817 238
21354 6374
13342 19603
23918 5308
16624 7080
11478 9616
22324 9749
6748 21221
11818 6130
7421 7489
20432 921
23492 26982
27104 12151
15829 18736
7469 4848
14367 18554
8559 253
26497 23382
25078 4022
21434 9127
21101 3017
20464 2679
17489 23994
13828 6903
15067 11481
11078 17644
25470 5095
12325 2675
25953 19588
7497 10389
14737 25087
12548 4326
8977 18911
24901 6742
14967 15333
24836 10008
6753 22894
11945 7031
20320 222
9458 3672
17443 16937
20286 16967
23319 21553
10271 16400
6589 11805
9622 6695
22287 21518
8580 16558
21767 25612
11717 16766
12810 866
22669 18959
9525 10214
9968 27656
20523 6434
21250 18356
12741 14015
9227 6003
17240 10981
10087 8891
7212 19669
22667 10133
8963 20771
7515 25628
8856 6882
18775 1167
12962 11924
8843 20367
15772 6550
9715 8054
19137 16501
13394 3261
6796 3012
21754 11186
22423 4876
6894 12742
22259 10541
14333 6875
27748 14322
19969 18421
24618 11488
20698 5090
7452 4684
21261 16817
12882 23082
10122 6977
24833 15359
11017 16142
13833 14888
12417 19093
24708 13750
14514 40
19438 7318
13395 23694
10125 5858
19818 12649
17685 5423
25824 19641
14685 12773
20460 2633
10811 11145
15941 14654
20044 11402
18112 24957
14928 15221
11230 21933
10428 17966
7611 9278
13822 1899
12689 26043
21161 9881
13347 12310
18026 25222
23162 12009
8456 16840
12947 11229
10077 20704
8731 2346
20136 3974
19369 16856
10969 27478
8990 3645
12169 12439
15833 9202
21436 19475
11347 10388
27288 16701
25662 1214
15178 12808
26833 7781
27250 5261
16664 1852
23339 5335
21909 17504
7603 18605
8940 2303
13311 427
20538 3054
14441 6367
27183 26778
11723 24959
11463 15562
21780 8192
21572 2202
21971 26991
19967 13801
10400 16444
10488 6552
15934 23818
21317 10166
25436 6024
14030 3059
22500 23424
26578 10821
13019 24797
23931 1173
12980 17517
14403 3488
14938 4599
13032 16771
11140 24540
19668 10419
17147 25521
24515 9121
24024 23019
14767 20664
20521 5926
23452 17945
7225 17814
24717 5352
10652 24646
22813 7597
24133 24349
9801 24273
19295 7515
11788 20553
6051 334
22947 6498
21586 10309
13856 20790
11142 22445
20880 17768
20284 16207
27060 11627
13804 2588
26636 14746
21472 11870
14579 21317
21918 16015
20318 20535
20544 18662
19666 24907
8097 16351
16952 723
26970 13433
11141 26661
6584 15734
9800 23549
21419 1321
14380 959
25994 15845
9513 10319
21729 8354
12913 6442
7311 17284
7194 26737
10977 6874
11851 10845
23071 25774
8146 18655
11950 14117
18715 4723
18481 18770
25794 12283
21433 18366
13588 12216
22529 27646
24575 9917
10124 25636
7812 22434
15232 14811
17494 18021
27343 21365
23917 26020
8047 19900
23786 20989
19923 12347
20872 3546
27655 11011
12221 24317
13481 18730
7179 18058
19009 18486
12172 14153
19812 2104
25473 14741
26274 586
22394 12478
7266 17737
19808 13921
13437 14819
20075 3716
21640 24506
21631 26996
18011 21434
6893 20578
10780 103
19660 10737
15854 22811
7308 3028
26500 11527
17020 24887
14724 5178
19404 7977
6522 24381
16802 12803
7049 9744
15852 8155
9764 2952
12101 9406
9612 23724
18454 17020
24682 25131
21247 25909
5729 27442
20866 6765
16314 25514
6107 19072
18244 25889
21322 23773
18566 17891
14509 5522
15530 12400
18012 20852
9686 19962
12085 6330
18198 18972
12914 14567
15354 22131
15574 13293
25472 12076
7112 15639
16213 8676
12760 25835
16779 13719
19810 12999
22636 20342
17814 7611
8989 23049
11578 17113
17345 122
15592 8475
21216 3729
12940 16189
20266 23802
13954 9963
13825 26263
19046 11761
14602 7613
17812 1910
7245 1172
12210 10269
12778 16641
26687 6135
11841 2498
11136 855
6782 2149
25748 20440
7155 14522
11765 1249
15528 25745
9953 12170
27260 14784
22891 4257
5994 4457
10022 20734
12748 26589
11555 25365
26000 10929
17793 16796
10241 12469
9659 18294
14335 9612
10685 21186
8165 21290
9578 14445
22333 2587
14851 14527
9618 15307
16165 6377
22258 11982
17848 17108
25025 6305
9023 15398
19176 2726
15122 2011
7077 14625
5757 5819
21819 8466
8831 12795
24017 11273
16564 14910
25911 15234
16988 7449
17371 13581
5669 19304
10922 10665
13708 13052
17696 7045
9059 3158
15455 10631
12972 20799
15353 22047
12953 7679
9847 24101
22189 16449
16768 27260
23749 15294
7404 22194
19730 10454
19214 24952
13293 2383
13656 25780
11698 3442
7625 22402
14646 18583
19599 26708
9015 24466
18416 6016
11262 19543
22805 7811
15577 5471
13459 16326
22481 14691
12161 12200
18974 2110
13497 27603
11261 6608
23299 16599
9632 3774
13808 19374
15971 2704
16265 18203
11486 3476
17146 7699
17232 7761
21204 5816
11649 1930
26528 11407
14457 17444
8945 10710
22684 2446
24472 1923
5680 20257
23684 10398
13636 20548
15942 9352
13787 6727
15813 12988
14617 10439
23590 8774
12704 19951
6663 21922
20118 1437
26765 6456
23059 22401
21701 3049
15601 20925
13877 17311
25045 10458
27069 9889
22236 13518
8408 1260
15160 19943
16570 11602
27388 27505
21963 22118
11650 24432
23643 22932
20627 7212
5674 12961
6914 4978
26328 17263
21836 16154
19622 19293
16068 10115
17425 13155
9004 24633
17536 7944
21150 11239
25800 21800
20571 2825
25504 6185
7162 786
9057 6777
5976 26595
24093 7820
18206 13748
26337 23721
23247 25251
20696 25491
10625 1638
13809 22355
9259 13466
12395 18693
27287 15767
23935 4784
10581 15279
24550 22123
17668 6629
23911 20339
23986 17136
7238 25099
25449 27154
12829 1004
6836 16386
22686 4636
24729 25567
17927 11791
9636 3207
20095 16273
14712 18967
26059 25396
10467 26993
13684 1264
24274 27676
22862 23446
16772 22670
14707 13220
13552 18868
6348 27725
8912 18307
10750 7452
27540 17422
14504 1804
21187 7434
11368 14686
13988 17168
7602 2725
23768 26196
15228 15882
9027 2044
16379 17860
5977 21446
12625 6603
9131 27684
10819 15865
17776 9356
16879 12959
22773 14389
16453 6956
26503 12558
23870 21161
21906 25169
13845 4970
22014 13248
15087 9091
8986 11135
7333 12960
14395 7876
27214 5369
13167 10901
15066 777
20664 15343
26871 14849
23359 12144
8557 20662
11819 1783
27741 1170
19109 25930
25749 21680
7175 2244
11638 26331
26077 13366
25360 13656
14255 19265
27354 7531
16565 19438
13261 11102
13928 7806
5475 5825
19833 21770
23777 19517
17828 22091
18968 26530
10001 18266
26508 1125
22874 4408
23983 20699
21720 10839
19358 18132
19504 13599
8419 12632
18380 12171
11505 7335
22687 21201
27057 22929
20008 22791
5776 26540
11953 7821
7172 5437
25640 20736
11225 16484
10639 25838
23797 7380
13372 3037
14151 8147
16837 5737
14307 5372
9917 2876
19529 5909
14086 22003
22920 11177
10236 2136
8020 9324
16622 14123
12173 19416
9255 26700
19566 18876
24928 9549
10343 9448
18961 18835
19933 23720
14689 24603
8486 15097
7017 6282
17634 7269
19869 20602
12885 22854
16670 16995
22139 1185
16212 7330
20428 17668
25109 20555
24326 41
27753 4130
18615 4865
6583 8328
24016 18613
19128 16065
8915 1729
12807 23103
23036 3878
6601 3321
11138 545
6001 26433
14260 7419
6599 941
21605 17820
13620 16589
26897 271
12377 13613
18450 8313
16169 14029
9532 24545
17125 3371
19163 24916
21305 14524
16969 12904
11014 1418
9060 19425
5944 13842
15978 12179
21365 25044
25515 26740
7110 24842
27479 17883
21048 1475
15729 9614
16745 15122
17732 20365
16552 2807
12516 16464
24785 14181
7058 12891
14497 2507
19317 1041
15718 12099
19244 996
13837 27664
21668 14296
8918 7905
7020 13062
10235 27461
21673 9140
14670 12344
23823 6988
16049 614
17838 22800
9959 17106
25530 15723
10094 8827
23268 19944
25832 16239
27681 11815
15456 11395
9806 8815
22651 2494
21091 24059
22743 18104
6597 15941
10393 10168
22690 6682
5759 15153
8665 11024
25943 22265
12379 5907
26565 12693
12642 24944
20012 7303
24659 25153
17129 5859
16240 5560
16291 6470
25083 16943
8965 17790
11045 7016
22488 11489
14608 2288
15687 14057
10062 11101
23539 10862
18466 15892
21266 5235
15513 12001
15734 13480
14126 25109
22996 14334
12176 18398
22597 21160
26573 14665
6851 2434
7078 494
8824 10097
17423 10039
11050 1478
8708 19071
21675 21240
11496 20967
20533 21639
9252 27231
13424 3752
10670 16507
16932 16423
10820 25423
16389 12557
18529 7505
7680 19250
9456 24814
17158 12568
21189 24013
7176 11683
9679 22511
5590 11963
25478 17696
22192 18626
19962 7937
6899 26618
24601 13545
12769 1480
16803 14985
24796 1754
18381 16476
10277 8563
10397 23404
10185 15037
16935 23477
25434 27283
21822 10905
6403 23304
6922 479
6749 12016
27009 19186
23633 3654
26022 15317
14442 12771
21903 10931
10906 18561
6253 11688
24870 10680
11399 651
23182 17786
8632 8322
14166 3133
10314 20705
7502 24372
10129 10720
20154 27183
22928 4158
22619 3655
10412 21238
19363 526
15330 1336
12924 7095
12776 22704
7240 14815
10967 3723
16066 10625
18022 3910
14693 9305
9748 17559
18099 20617
7169 20649
11863 7472
27338 10256
27589 10700
13341 26548
16175 20588
7926 8547
21028 10354
19820 25373
18880 6370
24805 6099
17671 13850
23571 11711
9819 18155
12582 6488
6011 15424
12422 12806
5827 11779
20504 9099
9856 14912
23057 27293
6056 20764
17233 4720
12950 23475
22632 13918
17145 3270
7148 7621
6018 5546
25092 20160
9553 24012
25101 4139
23491 5708
15134 18399
22276 11927
19606 5922
13119 18897
23184 7774
15165 21211
25277 25381
15753 16221
12187 25332
25127 23891
24146 4051
17870 2348
23665 7056
21753 9840
14748 20731
5676 4496
13329 27182
11123 12877
10866 6323
15994 14230
6175 14715
9989 14588
8362 4587
23446 18902
18520 23472
12916 18218
19409 16340
10677 6724
16583 11689
22485 2339
8966 18798
13092 19676
5660 16037
12555 17305
27652 9384
8126 11270
24153 5015
12884 7671
9233 21723
9925 23612
7105 13237
20654 3154
15542 21653
25257 18114
20327 12885
10311 20322
24585 1577
17302 216
10406 19447
8668 19249
19997 24576
10970 18254
8424 1936
21774 1421
7908 2175
21010 25338
12835 26670
10570 5838
8919 5174
22453 6925
13279 26666
22508 24560
8830 21376
11480 10608
17074 26470
21936 26955
24301 7573
15673 27435
8865 8957
13585 7609
26614 18551
23386 9387
13889 7087
8913 11712
5683 21981
22772 7795
22977 1675
7166 9810
10501 11877
24444 12429
17558 423
15940 6213
15851 7427
14028 17128
10132 13708
9050 25920
9891 20053
7427 26885
15715 19289
8034 23031
16794 25270
8318 20789
19231 14569
13638 5736
23117 11873
9912 2605
13296 5675
24740 2007
8623 21550
25361 6441
10671 24374
13162 19914
11306 18355
6101 14543
23746 21302
25738 15780
27203 3995
11159 24626
19291 25004
25610 22651
15717 17562
25872 4735
26402 17960
8916 19316
6249 3284
9685 22587
11666 19760
14220 11978
23562 20081
25723 25006
20070 3339
10990 26677
19602 602
10441 26585
20584 14871
13680 20955
21896 24829
7490 495
13691 23896
16513 6842
16695 18838
26117 13934
17275 16291
22120 19262
11112 20906
27093 20859
10667 2723
25240 20296
16923 1446
12893 17299
13216 14905
13553 1853
8817 467
21830 6481
15995 5528
16409 1329
21077 21449
17350 7649
26021 1642
17115 10770
27661 5760
12729 16804
5828 18150
26099 1325
9563 4262
18219 5924
18226 5189
12380 5994
19554 19338
7749 16013
12289 12318
17779 15805
10959 20969
21311 27085
8634 26455
19111 213
21948 13772
21291 27471
14697 21814
20206 19148
5917 4197
12147 17232
15115 22834
7495 26386
23510 19227
6667 22966
20344 14547
9639 9035
7504 5794
14692 1890
15814 6780
15400 25801
22233 7093
17731 1015
21025 14735
20857 19715
22122 445
18071 20961
10504 22523
10394 18183
11861 2144
20167 12494
22269 1846
7055 22801
23048 3137
10707 2432
22615 8839
24284 19418
22931 24468
25201 4341
20863 24827
23284 12646
19102 26633
24532 2197
24276 16298
19615 15065
19935 14452
25901 8232
7569 21486
6855 12468
25508 1625
25533 12933
27407 6423
17832 1326
23834 2541
23259 22717
5468 20910
17308 21998
15858 17705
8714 24668
11669 26556
11971 22072
23012 21322
24561 17388
23709 21258
11935 3306
22437 21323
19144 23170
11356 3386
14630 9191
5941 15491
23824 27161
25545 15155
11734 23050
22499 15258
24757 4638
16749 18970
7486 11703
7517 14371
22295 11773
24322 17170
11116 26848
18623 2219
25000 22759
19807 6290
22819 26998
12253 7513
6915 26667
25373 3401
13118 4915
6014 18652
19764 298
6399 2691
13287 13614
21747 1680
27249 21960
17008 9992
12699 27358
14468 8110
12394 4099
12706 26096
19104 22780
10336 14440
21783 2942
21252 15288
14424 22827
21271 17610
10133 8342
26325 22258
9102 7235
7528 25168
11474 2797
11264 3861
13355 20384
11741 24991
10493 8941
9684 7771
22040 1481
6119 13067
8740 22692
7290 25257
13405 3421
9036 5885
24025 2378
10739 26241
13966 4465
22721 8974
26166 1791
22220 20905
12641 7571
14470 25243
26613 8275
19219 15312
15738 20563
23394 6744
18912 14005
8022 25453
14103 8733
20891 23059
23630 18240
5583 24228
24489 13430
24048 8881
25502 16490
14429 10394
22419 14859
15450 503
8630 17095
25523 18062
19299 10379
18253 24721
16236 9390
21641 25988
24383 17405
21562 22866
6179 14851
6925 19481
8360 19298
26052 26782
8374 17261
12185 15243
19058 18751
23374 7740
11728 26767
13035 15211
9013 6562
25567 9481
9025 4846
7503 1875
12237 25667
14048 7562
27323 18025
23805 19031
13268 21587
18200 9365
15997 20473
7774 2341
21815 24311
12150 17677
8320 14459
6673 21515
14739 12177
27337 21159
18548 4309
12831 935
7087 26846
12960 21819
16500 14361
19506 1881
10016 22516
13911 24066
14694 25378
7414 811
16394 6729
27505 16899
8925 20540
23397 9895
27565 9607
24178 9966
21320 27536
14708 26596
15958 11436
27532 3419
10307 5188
17784 12105
12479 4482
26846 10104
25552 24822
24699 13392
26710 23570
11357 12339
16762 9545
20522 4907
15793 11997
27613 20294
12362 11342
7168 20433
11524 19400
14325 18982
12556 7055
27005 13482
24283 7763
5850 11929
13811 9778
8420 15303
25142 17649
10454 14120
8378 19763
7463 21163
7799 25504
15309 11341
25223 7387
27410 27608
12121 5160
26086 14821
26418 11320
21916 24908
24423 27165
19372 10585
19879 9739
14631 563
23563 7861
17730 12524
25713 21940
24249 23599
17847 4346
16080 4481
15977 14587
5682 4796
15821 26429
11549 27533
13624 17867
19430 2403
7347 5431
15805 22122
6884 23004
16243 21150
13725 27715
16748 5152
14726 19579
11594 20024
23660 7828
24923 21524
10056 287
27257 16492
11073 20784
16709 26624
11733 26412
25435 24272
25249 533
7770 11942
24692 5670
13260 2752
21618 4414
19980 26853
9645 18385
17465 12927
7491 22303
13137 8160
18975 23461
12393 27036
17099 8163
17837 10919
23928 21268
7831 17387
10104 7397
16047 25444
12349 4763
12522 6486
8401 16161
24980 13100
15460 10158
14306 26895
17105 19242
13440 1548
20328 13348
13468 22249
13070 24581
13803 25059
23444 16323
23720 1131
26875 19199
8381 1954
11422 22145
8941 25364
11653 12052
22571 13787
16231 4951
27386 22043
7830 8039
20106 8803
18027 10947
22085 2470
21139 15183
5762 9483
27527 7417
27280 22488
19205 8796
8226 7453
13623 7924
13801 14637
10443 22939
26471 3365
26857 18125
11553 26234
24862 27371
11546 17905
8021 26709
10825 10911
19262 2624
23821 20564
15643 11835
19545 21041
19067 27760
11753 12526
24691 25619
24291 11452
13815 27192
17919 23156
16081 25707
24908 13860
27754 1514
12371 24847
25292 444
23846 26054
26067 428
19658 27191
7804 26755
9258 4639
11973 22991
11111 5635
15208 14574
6671 10698
10715 19324
26037 6969
24428 148
17564 26144
7147 6110
10055 13841
25886 26154
26371 4801
11535 15874
20411 27382
14256 27286
26058 14150
24969 1204
12515 24702
16616 12817
12373 9523
25609 25839
10832 27662
25997 6938
24955 8559
12369 11831
27646 2468
7246 21851
21981 8298
25112 18358
7685 7239
24655 12337
24752 20562
12217 18437
27623 21460
15563 7407
25199 17795
7522 22380
12733 18378
16795 27273
15758 2084
10575 17605
18293 7766
22188 3129
18336 19349
24588 24017
12621 23974
13739 4023
14677 4527
12418 24833
20287 5288
17768 7456
7492 26527
20624 5646
7628 471
24018 3528
25378 19687
11051 25883
12469 3209
7288 17476
12692 22040
16490 27633
27629 23143
18344 27714
25572 8910
25343 17019
10407 21288
22001 7401
17239 874
7243 20406
5949 19894
13518 24544
26545 20770
23845 18235
13400 2089
17113 1839
18531 10223
26864 6
23933 18885
24492 1860
10088 8145
21089 5292
12524 22903
26972 9148
18782 16682
17132 8414
11821 6741
20574 15898
8038 17733
24654 20
10453 13405
26169 22832
13913 15238
19938 15470
22146 7798
12808 23225
12370 14607
16230 5051
8431 11428
18513 21871
10249 5572
18464 20690
10792 6999
21412 23821
17810 18368
23593 11745
19907 8836
23671 14272
19811 18933
14467 15227
25179 11742
21670 22585
24606 19125
8838 8942
12518 27645
12175 6119
21694 11347
24854 6533
27745 10258
25802 13839
26810 8043
21355 27557
24667 22054
26087 23361
16412 18819
25030 1365
21838 6187
26804 6730
11516 1244
8491 15170
6662 13439
23574 12196
9625 3751
13465 14474
22528 9075
6590 16522
15826 17329
17959 22260
18730 7899
23204 9631
7226 5116
26625 2307
17817 8071
15193 5966
24367 14314
12969 14903
15221 6631
27329 13837
21964 13570
10447 25572
7493 20395
7249 15148
25153 26627
16183 27618
10093 18590
18535 17275
5765 27542
20611 18943
8425 14862
25042 10728
7803 18557
13373 8150
17104 24383
9633 2684
11018 26086
16669 5630
25024 4271
12894 7548
6017 6586
13026 24042
23686 308
10478 27566
18524 13654
19870 16169
24957 16426
22716 3560
20511 25648
13140 16039
9422 19079
14138 3806
20465 13148
10245 20658
27412 12908
24949 3707
17584 8735
18758 7123
16073 2443
14087 11719
25657 25320
20068 12367
5671 22690
7798 5001
13177 10070
27493 2955
12824 7853
20326 8306
15519 9000
21251 8335
10237 15626
11110 5432
25566 15537
23520 20728
10003 25629
24302 25985
12480 7261
15105 10881
13188 24996
23707 24291
9047 15373
25913 20679
10875 21025
13641 10774
15504 19625
11554 18609
27116 24586
14606 10826
11577 19120
26599 23644
8375 22082
19558 8489
15979 509
14406 5691
20965 19482
25298 6302
26463 12079
24737 21195
13731 16251
10267 15727
20023 13640
9728 2894
19575 3922
16618 9678
6834 20781
26746 24351
10009 26008
8883 10600
16117 19301
12357 27337
23220 8138
7339 17767
25904 8704
12624 25706
10089 23906
20740 13375
20673 9586
19175 5444
26075 24572
22211 6807
17231 8892
12623 9082
18341 15804
10403 10913
22913 18568
25737 16388
20941 18794
25400 19901
13186 16078
13422 19883
10617 3682
27454 9601
11178 12899
18767 2571
13814 27699
21502 5003
21318 6171
18338 3201
10045 14315
24993 22224
25374 1771
24902 25189
9617 19458
18918 22100
25111 23924
26386 18684
7248 21401
16076 395
12715 18529
7925 5327
12514 4553
27212 11278
21549 22719
10870 14865
14113 3358
25282 2595
8933 8413
15056 18461
14545 25811
26387 1279
25805 10820
13142 10711
8558 15911
14512 13103
10091 772
26906 23618
27568 6838
8377 7253
25616 26439
23458 7222
7797 5359
22099 22021
27466 1634
10413 23055
24944 27615
22926 24949
14254 244
12734 12193
24741 19707
15973 27677
13735 10022
11015 18858
14394 9340
25283 18824
26685 1519
5780 16293
13482 5243
13121 13224
24056 14086
11772 7554
23793 10814
12779 13838
20970 25787
10312 25868
25344 275
15950 20769
5473 2397
9704 21497
14407 22165
27344 18298
25437 8721
16723 26449
17088 15602
8750 502
10823 12342
7456 12010
9026 18793
26408 10595
9471 11708
14336 17138
18634 2643
24380 267
20935 10053
20466 14988
6771 7600
25652 14297
14501 13669
14820 23267
15989 17308
13519 11631
12737 14668
7167 23574
24539 13343
7163 26190
14500 9210
26029 27319
12735 1396
13441 4456
14989 5704
12333 24865
23223 4493
14543 19713
6905 27279
15407 5343
23774 5382
27710 3259
27110 16000
19086 4498
21058 21022
26551 17005
12197 6759
24636 8619
10302 967
16244 12664
27316 12570
9714 20498
27683 3235
11330 9088
15970 17869
19654 15027
19653 12857
14729 19478
26597 4305
27335 4786
13733 3337
14746 8065
15459 7432
19507 23535
11333 18320
11756 11860
24869 6839
10993 2128
13750 27239
7097 15621
26382 638
10265 4836
10325 3091
24273 21279
10341 4750
27067 12094
14673 15813
11373 7983
13989 1341
25945 15798
26308 14341
25228 12246
19341 6174
13635 24407
22052 9267
17663 8964
26141 16164
11579 7033
11654 23153
24935 18457
27674 7538
9765 1631
14302 23564
25319 15538
13556 15963
14793 10390
24448 23228
9658 4166
26185 14584
18960 23423
26818 5818
6675 15518
10618 20626
8492 17297
26116 9759
12326 26479
12929 8585
16788 9534
10876 26135
20800 26575
24116 24166
12222 2884
18139 401
24726 14176
25653 23776
16229 7480
12768 15136
16184 8180
16842 20171
16757 2929
12038 23503
14071 15612
27632 17641
20931 1216
10872 11497
24518 8240
10313 2309
9201 27362
19148 15977
24978 12997
25933 11361
13935 25478
25839 16175
20514 672
12190 9816
16391 6245
20347 6422
25169 19050
17188 19057
22958 3215
25453 11323
13637 8343
7543 157
10303 16656
19023 25413
27190 20915
21508 27278
22392 15436
20770 20112
24973 14023
22061 20331
12510 21464
14153 25114
26376 11620
23488 9801
11929 24187
27637 11433
24063 13526
12560 21225
24026 3963
19213 14026
16765 24788
20838 8918
26297 19201
25074 27308
16813 13198
6779 9583
9619 23886
26919 8726
26003 15239
9236 9147
22432 21917
12834 12317
19200 2254
25736 4061
18276 11682
17530 156
5998 19363
24464 84
22622 689
22224 27612
9002 26934
8938 17189
15284 8641
27579 3785
17975 15483
20319 182
11694 11150
14398 13917
7282 18957
16262 21040
24372 17317
10324 24780
17968 11727
10562 18118
20702 15644
20192 1245
20592 2121
16617 12364
14958 20381
14469 22155
10358 27707
16904 19573
10793 7323
12747 9168
13965 25650
10873 5037
25555 4642
23367 9150
14303 5676
21321 26647
12732 10653
8931 23316
14941 15715
23609 22319
17230 18560
27177 16147
5666 25461
10242 9386
8928 25916
12251 6764
9889 12504
20634 10554
10451 20044
19394 11077
27361 27751
7219 17663
14778 13286
26459 19658
15423 21390
12892 24089
22197 18128
24827 8326
24987 21555
8869 27635
17478 3205
16121 915
18651 15776
25498 15476
14184 10033
10121 11128
10322 4762
24420 27298
25963 24970
25769 21261
8971 6509
27701 5734
23651 7394
18114 10031
16283 11767
17885 19310
26348 18303
11743 19970
13767 21926
15727 18549
26595 14771
27081 25840
14305 7028
25234 24416
27719 1781
25421 12008
12804 4820
13489 6139
21282 21885
8667 24516
13639 8834
21181 9737
16162 4480
24514 17026
19318 26048
23292 10347
9857 24801
19143 9234
11055 7086
10335 15295
24876 6589
26735 557
14223 10497
16061 15154
16928 22560
27588 4558
15739 26363
24665 8375
24214 2956
7489 13171
23991 3616
11391 2430
6751 19473
19600 11263
17809 20154
17204 3905
12203 735
16403 20354
15301 11856
17700 1407
16069 27451
19756 677
6783 8667
17201 11144
25413 5338
12030 12047
21883 23258
11515 21522
25726 26878
12177 692
13184 23218
20801 19411
23093 11706
24572 1031
19703 1721
15754 18456
6024 14484
5592 1373
23298 27290
7496 17716
13914 10274
22915 20641
9603 8913
9680 11677
17852 23892
26082 12883
10675 5016
20041 9867
11739 9634
19616 21132
19384 10657
16106 21031
13073 23740
10884 13412
22352 8595
13882 24390
18522 9981
7095 27028
18828 5759
7165 26103
12392 18785
8643 21991
16020 26734
22323 20259
27663 25147
18266 20691
10502 383
7809 10564
23554 14008
16489 14861
25539 12398
18430 12487
13453 26763
27393 2282
15461 18449
27252 24520
17203 7845
12391 11916
19664 27233
27150 14487
24932 27394
17436 21427
13262 2299
22239 26235
7987 13987
6592 752
11160 27045
23498 20072
14686 1110
11179 22824
19223 1865
19672 27532
24044 21697
15521 27652
25051 16893
20717 27122
9098 15182
16452 2671
19677 10380
10234 15064
22505 1864
16620 16232
13224 24998
23809 22212
22475 22429
26832 9933
18756 5476
17902 6652
25636 24421
9019 24473
10338 13615
11441 4888
25213 16885
15960 23903
26600 4110
26441 24183
27757 6360
10840 14808
13802 20297
17999 23510
22178 4428
14835 11332
15493 18160
22076 2611
8800 13385
14287 3599
12383 5212
14623 16456
25209 6344
26320 3964
12948 24796
12722 511
22780 11245
12511 6678
27455 5986
13663 6343
23008 3092
24319 19612
8433 22325
25138 9582
25377 13453
11436 7706
25206 20752
14725 6306
14815 18829
5580 19980
25626 23770
23461 24551
16119 22368
10489 2500
15981 6642
24640 17583
19173 5113
26533 11211
9030 5136
11053 15905
23469 3006
21013 2782
22378 15410
8028 9983
21690 5962
9006 135
26704 17955
10254 23080
26821 1950
15503 16665
19090 4114
15103 16310
25496 14572
15804 1447
9478 8079
24493 63
17670 23015
25560 5199
6523 15162
26849 4446
7621 17209
10361 27553
23512 20978
13813 5289
16686 13508
13396 14647
13876 13756
6882 16790
25295 18828
19501 5409
11545 20371
20808 7034
10309 20880
7814 177
8666 25370
26585 24978
13272 758
18469 1946
18814 6075
6784 20283
27317 23876
13414 4246
19121 3925
17857 6847
11012 17761
8405 7890
12179 23369
10004 3770
16441 24618
15013 12348
11922 4928
10989 24812
24108 23917
13443 19752
17516 10974
9469 8140
12031 27092
19484 12423
10261 10010
7813 18543
11346 27365
7816 12721
27291 23953
25564 25677
23611 17524
26401 5447
15879 7142
16214 13150
12123 12963
22672 19282
15803 19963
21827 22162
22400 1690
24134 8633
10891 3732
11476 5084
12559 8582
24520 20842
8404 8490
18140 24398
20307 4263
8519 5519
16767 164
15756 16333
19324 19644
14488 6913
9683 14955
13334 2695
24992 23053
11672 9555
15529 5969
11923 4284
20345 3437
10883 23441
20632 6289
7819 10009
16747 19352
20448 13781
5659 25585
10276 5608
11362 22360
22176 13884
6898 20129
18309 17850
24371 21139
16773 18051
25631 9225
26976 16402
26757 14262
7157 17314
18952 8778
19716 26373
5585 14904
16917 20368
8030 9524
19440 17053
22201 8599
13686 14972
15782 22782
24446 22197
21014 12577
11940 25185
12178 14119
25970 25178
26313 17470
18604 13299
16998 8175
19671 21083
22261 2619
25710 11454
14690 2381
25306 3788
18598 25371
14833 19667
13931 25462
6959 18262
19441 3119
10695 20971
20346 9011
6909 9173
7420 19848
11464 21508
15491 2868
10827 1684
19536 23811
24671 25145
26513 12977
5760 8768
25878 18073
26210 16349
20247 16646
24565 944
27499 17500
11056 11487
16380 4012
27139 6268
11938 19098
27210 14033
19373 11623
24877 19150
15453 15741
8930 3486
18571 24420
11740 4588
26431 27489
17070 8506
13015 26533
24496 19950
25837 26676
12183 2474
16623 20094
25144 24612
26467 4287
12739 1831
25925 4304
14221 25607
21238 11202
17682 19865
14622 21483
23672 11876
25362 3954
16268 6444
8926 827
15269 20174
16950 16392
12557 6662
22656 27018
9220 7576
12364 15282
26393 12734
19937 8479
11088 13301
22414 16744
19502 11032
25318 21060
26744 19053
24790 18393
17813 6518
15740 2678
12244 9814
14083 10526
26133 11053
12381 6658
13353 9271
27161 23878
16215 10494
13000 4489
15990 2471
10980 5995
17106 26005
15943 26871
26607 26549
20964 3429
12482 22174
27297 9179
27102 15938
10250 19314
5477 15167
25081 23212
15616 19991
27234 26309
7228 13199
12246 11129
23277 9392
25003 24386
6219 21591
15101 15135
10971 19817
19405 15910
27154 26130
10047 19476
15728 22126
25885 13230
6772 8879
27224 13289
26374 1065
18205 20271
15349 12376
25858 6648
15230 9313
27312 26512
10316 10519
19942 13651
16157 27636
24223 15217
18712 16342
27619 6111
23606 16846
16186 1922
27406 19858
13818 27049
14830 16033
23467 9113
26421 14068
10090 23377
20697 7596
25825 8284
18221 484
24468 10251
14227 9875
12880 12768
26615 8663
8845 26085
25919 839
13738 8842
11489 19176
24826 10475
8373 3282
27178 19666
23243 7718
15631 15124
20850 19697
12653 16436
22916 17456
12521 19727
7928 16489
12376 3901
11593 13176
15409 14414
6340 4334
24747 18931
12170 19718
15462 11062
13741 22392
13737 1683
24241 18550
26257 3811
21159 25904
27564 18820
18321 13560
22446 25062
15780 14700
6670 2950
23760 8446
23201 6138
15476 23529
8851 477
7272 25179
11563 2685
26982 23098
23668 1399
26518 18140
21541 1613
22377 1532
9626 25512
13824 252
12631 11687
11939 22620
21921 20249
12670 10011
17130 4067
13821 11043
16292 12535
11822 19261
26591 26684
10857 15190
26594 7193
7829 7227
7342 13197
26444 20832
19392 13807
17873 22421
16805 12971
7269 7626
21983 17514
13685 10140
25054 18579
13013 2469
12575 18256
23942 11280
8039 12592
27151 22519
26547 21105
14267 2076
27162 26408
9638 653
11731 15754
7241 19613
25593 22698
23264 5421
12174 6702
11792 8417
25398 5513
13284 7004
16048 7071
19282 17569
16293 26388
25017 23272
19168 16515
27225 19003
11564 6152
21770 24830
19371 12513
10095 22178
18701 22779
11019 14982
25893 8498
15815 9929
9021 25440
25757 3320
20450 14515
23515 6767
22534 15106
24196 2360
23257 20587
8645 5585
19236 2054
23607 22172
14173 12998
18407 17102
12372 10222
26781 15658
12889 3853
23705 6986
8035 26053
27145 15484
9712 3188
26681 25494
26909 20827
7810 19841
10975 18776
16553 5599
13139 17465
27038 23210
11975 3348
11974 3380
11013 26399
7805 18937
19024 8125
16910 22320
21992 12069
21782 24225
19234 16372
25014 26454
15807 10712
13734 25477
27221 19470
23388 962
25454 14749
22747 25606
13917 10279
23726 19876
17967 13546
24467 19657
14150 14077
11021 5070
10892 26066
14149 20574
13596 22527
10945 8530
13597 11121
26823 16191
26702 5898
18881 6626
25230 12738
13881 21204
27664 13345
15310 6493
11119 17800
25184 27621
26369 11070
10239 22193
14502 13162
13141 21089
18343 24567
12671 27040
11354 1082
27370 17011
9234 25519
18605 24365
20918 26221
25100 5025
9682 2389
12812 20074
24231 14380
14171 22284
27696 10922
24351 15851
10824 17873
6785 22259
26024 21856
13393 8041
13180 17380
19395 8637
20799 19008
13421 16215
13398 18423
13880 23464
26213 23871
13423 13213
13080 5242
12171 1914
24975 9039
12351 16430
19325 8932
11732 2512
25649 3879
20152 22652
14963 15421
17211 7736
15102 12622
18761 17554
6659 5173
8768 14960
10272 15823
17970 20607
17908 7027
21244 17555
18818 14833
19817 15325
5670 8664
14960 9154
13598 16879
26261 9068
11924 27730
23843 20727
27075 19421
13721 9519
14624 10915
13621 23800
17107 12794
11104 20584
10359 5652
26874 1551
26670 17438
24288 7140
26941 7262
21990 9600
12471 15110
8626 3564
19091 13298
13722 11920
23927 16267
13454 26951
17018 20430
25781 5658
22770 14608
25896 17490
22796 23213
13892 14566
13786 6713
27320 11099
21854 13854
21707 3394
16313 21117
8031 11261
20690 22564
24829 10046
26140 14235
14499 15493
20559 11218
26983 13388
23239 3907
26709 4200
10947 18899
11041 443
22431 5856
13618 2872
15014 13663
7927 25888
20001 13489
27666 12133
26351 5731
14944 6883
19124 6027
18141 18045
16906 18435
11859 10518
14405 3243
25087 1603
12198 19854
25605 370
12731 81
23887 15334
18484 15872
13079 17460
25595 16393
27079 20085
26583 5018
24296 14889
9099 18656
25221 5741
27609 26091
16284 5277
12618 24761
11177 23159
24395 12769
11355 16561
20910 9647
10054 8205
14141 26120
13209 11846
15496 3034
12167 25578
18264 6776
20701 19545
5675 24701
26396 23679
12218 3505
22243 3068
19646 3725
20626 12650
24723 24754
25894 9781
23490 4948
26302 5598
18998 13281
25806 15630
21588 23921
25118 25906
25232 6601
25291 2632
25126 25324
27346 18595
24912 8129
12849 14498
18547 11676
18487 13859
8952 18488
18296 4634
22273 9373
17466 2938
11089 316
26519 24508
19878 15956
12168 12759
25431 1611
18586 6599
18137 10676
13010 1502
25547 7516
25964 11249
12654 27328
11351 19757
20606 10726
24911 13791
26048 26756
17014 3291
18295 6369
22758 1037
6289 11666
12513 9605
27495 19489
26266 17798
20169 22505
16787 21208
17448 7753
23141 11125
10046 25551
22142 23009
18659 10129
9232 13537
11174 8334
14777 10057
25219 11515
18558 13202
15494 11406
24280 4713
5940 14076
11928 25681
13336 6945
8770 2206
19189 18562
18142 2831
20368 11789
19251 21128
11521 5396
20653 817
24771 13994
22623 10161
23334 15827
23391 7800
10244 11686
16625 8526
24152 22313
27002 20310
24843 7644
27332 3481
16078 19466
18167 1550
13812 23415
17380 18847
21539 15454
13264 4250
10011 18445
26101 19714
27503 5149
26412 17339
8927 4165
11725 18464
10323 6419
17875 10751
26171 26462
23976 16177
23500 20489
23477 6857
6781 15625
10946 21107
5747 15934
8646 21087
24480 23447
22331 9813
21877 590
25426 11573
18532 2074
23203 22449
13943 17698
17081 13421
5476 14631
21724 14563
26655 25051
24117 18217
27310 3882
20388 26169
26162 25493
6911 7040
7776 4357
15706 18269
14224 24083
26507 2117
11988 17540
21962 18601
12998 10486
22513 26874
11550 18306
12247 6585
26828 12753
18720 12017
24306 21192
16082 9789
18725 6039
11551 27044
24523 18496
15300 3996
14706 26414
21991 10417
11176 19698
25152 9078
26715 27640
24408 365
27494 879
21136 18238
16276 14004
18760 23975
14578 8990
20646 26312
25914 8333
16388 10525
25724 15119
19943 18628
25556 24893
13401 559
10270 15036
27752 3406
13890 21978
11927 1994
24432 17657
21148 14203
19842 16012
27238 25077
24373 17779
27195 14594
19503 20108
14943 9161
27227 11191
21496 13585
18369 2896
20196 1436
16809 1076
20803 902
12138 16414
13732 6146
11754 901
11183 22960
14270 17602
26153 13799
15972 14627
25339 21172
14299 9610
12137 18951
21443 23836
15356 3816
26448 356
14268 14669
20372 16848
25183 11869
27357 13577
26023 14372
26310 23275
13265 7851
22075 24714
17202 17200
26974 14671
27597 2390
23698 20768
15495 21650
24745 15066
20881 24658
27415 5789
17918 9143
5763 24478
8037 5246
16075 9796
21127 24092
27496 18345
19871 24371
15042 11625
26427 14846
8147 27727
23969 27577
8029 21458
13886 22230
14152 1257
16926 313
18138 12766
19439 15926
6658 1256
21471 12527
21666 22763
22759 14732
26204 16658
24264 4862
19136 19786
18950 1643
22978 12281
8664 24129
10255 17483
24909 6708
25405 14229
14940 19673
16961 8348
26405 2552
12338 19953
24482 19210
15282 16425
25419 1278
11903 21235
20824 23988
11118 5072
24289 10809
26582 15186
25950 10368
24267 25824
18204 18067
12036 26153
9470 10607
26435 16471
24545 3077
11926 2569
10247 24961
22168 4507
20087 5681
7772 25488
16549 25229
7195 8751
18759 22109
16758 17682
11349 8528
18014 27596
26593 27144
21635 22237
11548 26428
20849 24900
27554 434
10326 13403
14540 20308
9448 25933
24300 27201
16058 12704
14675 16278
27266 24100
14426 23633
18294 7054
19174 17009
27241 12786
24581 13214
18348 4141
26088 20594
26634 22896
12756 16225
19160 24903
11272 20452
14304 18395
24666 27078
27318 4590
11352 25448
20548 6655
25705 7285
23188 24284
12348 11397
10248 17616
24528 27757
19532 27387
24735 15387
26385 20755
12139 18831
17247 15679
10263 27601
14417 4537
23641 23247
26947 11504
23577 2592
17585 24201
10944 19408
15709 14489
12346 15738
8929 7642
20506 17055
14959 1379
26203 13165
8235 3780
13584 2483
12468 14469
14226 17590
21538 4896
11039 6973
17601 2683
22705 19634
15236 14121
10362 16344
26004 21043
24343 7204
27121 25885
21993 2542
16555 16737
26175 12472
22136 13031
27507 15962
27034 18142
21860 13953
16811 12677
12352 5579
13009 18597
25683 14789
24526 21057
22429 14217
24406 24269
13269 8118
24401 5410
24324 22199
23501 11123
18724 14434
26747 22917
10310 687
17654 17595
14939 17205
10052 24877
26144 13914
26236 12680
24385 17450
19326 10588
27734 3086
27379 27123
18256 14257
12811 16237
27219 624
8807 10122
16172 16320
7196 10577
11353 21074
11271 22633
23132 69
8042 1126
17461 14589
15625 3122
25013 14687
11771 13071
17015 27643
24593 2637
23825 16438
19636 14423
19398 378
11708 23748
19006 14233
26478 1610
15041 22730
15624 21206
25071 22451
11040 13192
20197 13181
10890 20224
25134 11459
27671 1
25004 15575
11233 22271
10243 11383
18669 10666
19089 20119
16812 4016
19319 15689
20369 11991
20418 16104
9446 14742
26780 14397
21662 19556
9447 13549
11830 5220
13406 1021
24508 8282
20131 20320
14055 1609
8808 18905
12616 23957
16368 4804
26465 17758
13723 116
8032 3352
6290 15503
17205 4082
20374 26094
12615 8185
10053 4504
22580 10733
11908 594
15283 3606
8026 22573
11044 11073
19396 11482
18170 18995
24713 15447
22581 5009
20462 25064
13399 13204
12354 13782
22190 6593
19530 9275
16233 7951
23077 8707
27525 22282
18728 18844
25086 16878
21864 23376
27650 9767
6292 16812
26632 26002
7775 12725
22199 5456
23897 2152
19055 27378
21384 18043
21658 16385
13589 8167
24739 15368
19230 9503
13629 3190
12337 24144
12334 490
11042 9416
20313 27367
13726 1907
12140 22185
17651 19303
19246 11502
14266 5354
26806 5659
24310 5066
25352 17059
5685 17167
15043 10678
20691 11111
19641 12945
20699 13929
25406 21855
5779 27632
11724 27110
24157 16014
24122 11671
10258 16243
23620 20625
14216 25803
26674 15283
18121 1215
18208 27117
19883 10096
18292 19327
15061 1181
21021 21450
11770 13978
19531 24749
26228 10105
26468 20515
11925 13642
25755 10693
7085 26427
20700 25844
24571 13800
12353 26651
17974 3713
17969 21987
10259 10562
27209 23199
24967 1497
8806 19986
23619 26070
26096 18691
21536 18744
27578 1692
25692 15346
20370 1001
24121 18863
19263 5750
12467 14450
8027 3399
13270 8762
11590 16876
16841 24475
23508 4468
21733 21645
10297 8239
23504 23344
20315 14636
26055 18390
12617 27034
20188 10152
18672 8780
13619 14369
23618 25901
6288 17084
8025 5027
16173 19696
11043 2881
23113 15904
18876 27253
10105 15126
20132 6647
22250 5515
18166 20839
21731 1863
11910 949
11700 11286
8859 7687
21337 9626
21801 22069
10051 21035
18877 3862
21537 24234
18670 24570
26610 16420
6291 8548
22193 1866
26005 514
19397 12140
19472 14747
24710 11749
12619 11484
27165 6259
21803 2208
19696 4071
22217 19193
26868 27549
20666 22963
8809 24058
20722 17900
12620 7113
14002 18487
24856 10982
19473 15168
20071 22479
11904 14549
11706 20272
21338 26381
12507 14309
19697 6693
24419 16455
27166 27350
26464 23077
27572 25313
12506 10326
15194 14986
18671 20380
8857 1560
22972 21226
20928 6053
11704 7657
27191 25192
8998 17567
11709 9977
25075 12369
11703 5975
11909 13566
21260 11751
25368 21232
26206 5195
21038 25411
25691 21977
19746 26076
11701 2235
26755 17909
11705 1042
25133 13665
27633 12601
11702 17294
19548 24322
25506 18992
11907 27248
11697 12810
26754 18872
19546 20514
19547 2457
